459.485050406383,-2.7999999523162842
459.69668394865238,9.3500003814697266
459.90831334242165,3.1500000953674316
460.11993858482555,5.1999998092651367
460.33155967299865,3.9000000953674316
460.54317660407577,-3.2999999523162842
460.75478937519233,-0.949999988079071
460.96639798348309,-2.8499999046325684
461.17800242608405,-0.89999997615814209
461.38960270013,6.3499999046325684
461.60119880275727,-1.5499999523162842
461.81279073110096,7.4000000953674316
462.02437848229732,-6.75
462.23596205348275,2.7000000476837158
462.44754144179319,-3.5
462.659116644365,8.5
462.87068765833476,3.7999999523162842
463.08225448083942,-4.0999999046325684
463.29381710901544,4.0999999046325684
463.50537554000005,10.050000190734863
463.71692977093039,0.550000011920929
463.92847979894367,-1.5
464.14002562117736,-2.0499999523162842
464.35156723476905,1.3500000238418579
464.56310463685628,7.8499999046325684
464.77463782457744,8.0500001907348633
464.9861667950704,-1
465.19769154547294,7.4499998092651367
465.40921207292382,1.3999999761581421
465.62072837456174,4.3499999046325684
465.83224044752478,-0.949999988079071
466.0437482889522,1.9500000476837158
466.2552518959825,5.6999998092651367
466.46675126575519,-1
466.67824639540947,6.9499998092651367
466.889737282085,3.0999999046325684
467.10122392292072,-1.1000000238418579
467.31270631505674,4.4000000953674316
467.52418445563291,0.75
467.7356583417893,1.3999999761581421
467.94712797066614,0.25
468.15859333940358,-3.0499999523162842
468.37005444514193,4.5
468.5815112850226,0.699999988079071
468.79296385618557,2.2000000476837158
469.00441215577223,2.4500000476837158
469.21585618092365,-2.5499999523162842
469.427295928781,1.75
469.63873139648564,4.6500000953674316
469.85016258117929,-3.25
470.06158948000348,3.4000000953674316
470.27301209010056,4.9499998092651367
470.48443040861218,-2.7000000476837158
470.6958444326807,5.5
470.9072541594482,2.6500000953674316
471.11865958605762,2.5
471.33006070965121,2.5999999046325684
471.54145752737224,3.7999999523162842
471.75285003636344,3.7000000476837158
471.96423823376784,4.6999998092651367
472.17562211672896,4
472.38700168239041,4.6500000953674316
472.5983769278954,-0.60000002384185791
472.80974785038774,2.7999999523162842
473.02111444701166,3.9000000953674316
473.23247671491117,1.6499999761581421
473.44383465123042,1.6499999761581421
473.65518825311392,4.9499998092651367
473.86653751770609,2.25
474.07788244215192,4.5
474.28922302359604,5.4000000953674316
474.50055925918372,-4.4000000953674316
474.71189114605983,5.0999999046325684
474.92321868137014,3.8499999046325684
475.13454186225994,5.0999999046325684
475.345860685875,1.8500000238418579
475.55717514936111,2.5
475.76848524986434,5.9499998092651367
475.97979098453095,-0.64999997615814209
476.19109235050712,-4.6999998092651367
476.40238934493948,10
476.61368196497449,2.8499999046325684
476.82497020775912,5.3000001907348633
477.03625407044041,-0.10000000149011612
477.24753355016543,0.44999998807907104
477.45880864408156,8.1000003814697266
477.67007934933588,1.8999999761581421
477.8813456630769,1.75
478.09260758245136,7.1999998092651367
478.30386510460806,-0.64999997615814209
478.51511822669448,3.2000000476837158
478.72636694585935,3.4500000476837158
478.93761125925084,4.3499999046325684
479.14885116401797,0.25
479.3600866573093,4.9499998092651367
479.57131773627356,6.25
479.78254439806005,2.25
479.993766639818,6.5999999046325684
480.20498445869697,2
480.41619785184639,8.5
480.62740681641628,1.6000000238418579
480.83861134955612,7.8499999046325684
481.04981144841668,-7.0500001907348633
481.26100711014755,6.0999999046325684
481.47219833189945,5.75
481.68338511082322,1.2999999523162842
481.89456744406925,5.6999998092651367
482.1057453287886,0.949999988079071
482.31691876213239,8.3999996185302734
482.52808774125191,-1.2999999523162842
482.73925226329879,6.6500000953674316
482.95041232542394,10.649999618530273
483.16156792477994,3.2000000476837158
483.37271905851838,11.75
483.5838657237914,6.5500001907348633
483.79500791775109,10.5
484.00614563755016,11.699999809265137
484.217278880341,8.8999996185302734
484.42840764327667,17.5
484.63953192350994,15.949999809265137
484.85065171819389,18.700000762939453
485.06176702448187,13.800000190734863
485.27287783952733,19.75
485.48398416048394,25.549999237060547
485.69508598450534,21.899999618530273
485.90618330874582,29.399999618530273
486.11727613035913,27.5
486.32836444649979,30.899999618530273
486.53944825432228,31.75
486.7505275509813,39.799999237060547
486.9616023336315,40.349998474121094
487.172672599428,51.150001525878906
487.38373834552596,59.450000762939453
487.59479956908069,60.599998474121094
487.80585626724775,74.550003051757813
488.01690843718274,79.800003051757813
488.22795607604149,94
488.43899918097992,96.4000015258789
488.65003774915488,123.80000305175781
488.8610717777218,123.05000305175781
489.07210126383791,150
489.28312620465948,172.60000610351563
489.49414659734367,198.55000305175781
489.70516243904751,229.55000305175781
489.91617372692849,251.44999694824219
490.12718045814347,293.5
490.33818262985034,321.79998779296875
490.54918023920686,373.45001220703125
490.7601732833711,415.70001220703125
490.97116175950089,503.04998779296875
491.18214566475473,557.4000244140625
491.39312499629074,634.75
491.60409975126794,732.20001220703125
491.81506992684513,849.95001220703125
492.02603552018132,961.5
492.23699652843533,1114
492.44795294876673,1233.800048828125
492.65890477833494,1377.5999755859375
492.86985201429974,1567.6500244140625
493.0807946538211,1735
493.29173269405891,1882.75
493.50266613217343,2048
493.71359496532506,2202.10009765625
493.9245191906744,2313.89990234375
494.135438805382,2391.75
494.34635380660933,2424.5
494.55726419151711,2423.75
494.76816995726648,2422.699951171875
494.97907110101937,2345.39990234375
495.18996761993691,2295.199951171875
495.40085951118141,2210.550048828125
495.61174677191457,2108.550048828125
495.82262939929865,1981.6500244140625
496.03350739049608,1849
496.24438074266942,1697.8499755859375
496.455249452981,1538.4000244140625
496.66611351859439,1414.800048828125
496.87697293667219,1306.8499755859375
497.08782770437779,1199.050048828125
497.29867781887464,1127.1500244140625
497.50952327732654,1044.0999755859375
497.720364076897,1021
497.93120021475016,992.95001220703125
498.14203168805011,992.4000244140625
498.35285849396138,1007.3499755859375
498.56368062964822,1031.9000244140625
498.77449809227556,1103.75
498.98531087900841,1177.4000244140625
499.19611898701163,1284.5
499.40692241345027,1452.9000244140625
499.61772115549053,1653.9000244140625
499.82851521029716,1874.9000244140625
500.03930457503662,2154
500.25008924687421,2547.75
500.46086922297695,2953.89990234375
500.67164450051069,3494
500.88241507664208,4064.800048828125
501.09318094853768,4765.5498046875
501.30394211336471,5658.75
501.51469856829004,6585.85009765625
501.72545031048105,7789.2998046875
501.93619733710506,9072.2001953125
502.14693964533006,10485.25
502.35767723232351,12172
502.5684100952538,13742.599609375
502.77913823128887,15602.7001953125
502.989861637597,17401.75
503.2005803113471,19425.5
503.41129424970768,20782.900390625
503.62200344984791,21919.30078125
503.83270790893647,22554.900390625
504.0434076241433,22985.44921875
504.25410259263765,22402.599609375
504.464792811589,21326.849609375
504.67547827816765,19660.5
504.88615898954316,18067.400390625
505.0968349428864,15913.2998046875
505.30750613536736,14035.099609375
505.51817256415688,12031.5
505.72883422642565,10322.25
505.93949111934472,8980.5498046875
506.15014324008541,7696.7998046875
506.36079058581885,6685.10009765625
506.5714331537169,5815.2001953125
506.78207094095114,5064.75
506.99270394469386,4407.35009765625
507.20333216211668,3831.39990234375
507.41395559039228,3422.60009765625
507.62457422669331,3082.300048828125
507.835188068192,2745.64990234375
508.04579711206168,2539.050048828125
508.25640135547525,2226.699951171875
508.46700079560605,2018.5
508.67759542962762,1809.1500244140625
508.88818525471356,1617.5
509.09877026803775,1401.449951171875
509.30935046677416,1272.5
509.51992584809739,1135.8499755859375
509.73049640918146,1020.7000122070313
509.94106214720097,938.0999755859375
510.151623059331,828.54998779296875
510.36217914274636,752.8499755859375
510.57273039462245,655.29998779296875
510.78327681213472,599.45001220703125
510.99381839245859,542.54998779296875
511.20435513276982,477.29998779296875
511.4148870302443,437.04998779296875
511.62541408205846,393.79998779296875
511.83593628538881,351.35000610351563
512.04645363741122,325.35000610351563
512.25696613530306,295.95001220703125
512.467473776241,278.75
512.6779765574023,820.4000244140625
512.88847447596436,379.39999389648438
513.09896752910447,217.69999694824219
513.30945571400036,191.35000610351563
513.51993902783045,176.44999694824219
513.7304174677721,167.30000305175781
513.94089103100418,157.10000610351563
514.151359714705,143.75
514.36182351605316,136.35000610351563
514.572282432228,125.30000305175781
514.78273646040816,118.25
514.99318559777282,105.40000152587891
515.20362984150211,107.59999847412109
515.4140691887751,103
515.62450363677181,94.4000015258789
515.83493318267244,80.8499984741211
516.04535782365735,83.6500015258789
516.255777556907,74.449996948242188
516.46619237960181,73.699996948242188
516.6766022889226,69.75
516.88700728205106,62.549999237060547
517.09740735616776,70.6500015258789
517.30780250845453,57.599998474121094
517.51819273609283,62.349998474121094
517.72857803626471,52.700000762939453
517.93895840615221,55.25
518.14933384293749,49.650001525878906
518.35970434380317,43.849998474121094
518.57006990593186,43.049999237060547
518.78043052650617,43.099998474121094
518.99078620270939,43.299999237060547
519.2011369317247,39.25
519.41148271073587,47.150001525878906
519.62182353692617,40.650001525878906
519.83215940747948,42.200000762939453
520.04249031958,38.799999237060547
520.25281627041193,32.849998474121094
520.46313725716,33.900001525878906
520.67345327700855,26.600000381469727
520.88376432714267,39.099998474121094
521.0940704047473,26.799999237060547
521.30437150700777,30.649999618530273
521.51466763110943,30.549999237060547
521.7249587742383,30.149999618530273
521.93524493357961,29.700000762939453
522.14552610632018,28.149999618530273
522.35580228964591,28.049999237060547
522.56607348074328,23.100000381469727
522.77633967679913,37.200000762939453
522.98660087500048,24.25
523.19685707253393,28.350000381469727
523.40710826658722,28.049999237060547
523.61735445434772,17.25
523.82759563300317,33.349998474121094
524.03783179974153,23.700000762939453
524.248062951751,25.5
524.45828908621968,22.950000762939453
524.6685102003363,26.600000381469727
524.87872629128947,30.399999618530273
525.08893735626839,31.549999237060547
525.29914339246159,16.799999237060547
525.50934439705918,32.150001525878906
525.71954036725026,24.200000762939453
525.92973130022506,21.700000762939453
526.13991719317278,25.149999618530273
526.35009804328433,22.649999618530273
526.56027384774984,21.799999237060547
526.77044460375964,22.350000381469727
526.98061030850511,23.950000762939453
527.19077095917692,21.799999237060547
527.4009265529661,24.200000762939453
527.61107708706436,21.549999237060547
527.82122255866341,24.5
528.03136296495472,15.649999618530273
528.2414983031307,26.600000381469727
528.45162857038349,18.850000381469727
528.66175376390561,23.850000381469727
528.87187388088955,19.100000381469727
529.08198891852828,22.299999237060547
529.29209887401521,23.5
529.50220374454329,22.25
529.71230352730629,16.75
529.9223982194975,22.200000762939453
530.13248781831112,22.399999618530273
530.34257232094137,25.100000381469727
530.55265172458269,19.799999237060547
530.7627260264295,19.450000762939453
530.97279522367671,20.350000381469727
531.182859313519,27.399999618530273
531.39291829315175,22.5
531.60297215977016,23.75
531.81302091057034,22.75
532.02306454274787,25.899999618530273
532.23310305349867,25.299999237060547
532.4431364400192,27.049999237060547
532.65316469950574,22.5
532.86318782915509,14.699999809265137
533.07320582616433,27.25
533.28321868773025,16.899999618530273
533.49322641105016,21.100000381469727
533.70322899332211,27.299999237060547
533.91322643174317,24.549999237060547
534.12321872351174,22.399999618530273
534.33320586582568,20.75
534.54318785588362,22.600000381469727
534.75316469088432,23.399999618530273
534.96313636802631,21.25
535.17310288450858,23.600000381469727
535.38306423753056,19.950000762939453
535.59302042429169,25.549999237060547
535.80297144199153,20.899999618530273
536.01291728783031,22.25
536.22285795900768,24.299999237060547
536.43279345272435,26.649999618530273
536.64272376618044,16.549999237060547
536.85264889657708,21.649999618530273
537.06256884111519,32.299999237060547
537.27248359699593,21.399999618530273
537.48239316142053,30.149999618530273
537.69229753159084,20.25
537.90219670470856,22.200000762939453
538.112090677976,21.950000762939453
538.32197944859479,20.950000762939453
538.53186301376832,27.25
538.74174137069849,25.049999237060547
538.95161451658885,19.299999237060547
539.16148244864223,27.450000762939453
539.371345164062,20.149999618530273
539.58120266005187,19.950000762939453
539.79105493381553,29.299999237060547
540.0009019825568,18.899999618530273
540.21074380348034,31.149999618530273
540.42058039379049,24.950000762939453
540.63041175069179,26
540.84023787138926,25.399999618530273
541.0500587530878,17.399999618530273
541.25987439299308,25.299999237060547
541.46968478831047,25.649999618530273
541.67948993624577,18.350000381469727
541.88928983400479,24.200000762939453
542.09908447879411,26.399999618530273
542.30887386782,29.049999237060547
542.5186579982892,18.649999618530273
542.7284368674085,27.649999618530273
542.938210472385,26.25
543.1479788104258,25.450000762939453
543.35774187873892,31.75
543.567499674532,23.100000381469727
543.77725219501235,30.350000381469727
543.98699943738939,21.049999237060547
544.19674139887059,24.25
544.40647807666539,28.950000762939453
544.61620946798166,20.549999237060547
544.82593557002951,24.950000762939453
545.0356563800176,29.450000762939453
545.24537189515593,27.799999237060547
545.45508211265383,26.5
545.66478702972154,26.399999618530273
545.87448664356964,21.299999237060547
546.0841809514078,30.5
546.29386995044717,24.049999237060547
546.50355363789879,30.950000762939453
546.71323201097334,23.149999618530273
546.92290506688266,31
547.1325728028379,27.649999618530273
547.342235216051,29.850000381469727
547.55189230373423,32.450000762939453
547.76154406309934,25.899999618530273
547.97119049135927,27.950000762939453
548.18083158572654,25.25
548.39046734341412,23.299999237060547
548.600097761635,27.899999618530273
548.80972283760252,30.149999618530273
549.01934256853087,28.75
549.22895695163311,29.549999237060547
549.43856598412367,29.600000381469727
549.64816966321678,22.450000762939453
549.85776798612721,27.700000762939453
550.06736095006931,29.850000381469727
550.27694855225832,31.75
550.48653078990935,28.200000762939453
550.69610766023777,23.75
550.90567916045939,26.600000381469727
551.11524528778989,34.150001525878906
551.32480603944543,30.549999237060547
551.53436141264262,31.25
551.74391140459784,29.950000762939453
551.95345601252757,30.049999237060547
552.16299523364955,29.399999618530273
552.3725290651804,25.5
552.58205750433774,29.049999237060547
552.79158054833965,30
553.00109819440377,33.25
553.21061043974828,25.149999618530273
553.42011728159173,34.450000762939453
553.62961871715265,30.299999237060547
553.83911474365016,30.600000381469727
554.04860535830312,38.450000762939453
554.25809055833076,33.700000762939453
554.467570340953,22.149999618530273
554.67704470338924,30.200000762939453
554.88651364285988,41.299999237060547
555.095977156585,29.950000762939453
555.30543524178483,23.100000381469727
555.51488789568077,35.349998474121094
555.72433511549343,36.25
555.93377689844385,30.25
556.14321324175364,32.849998474121094
556.35264414264441,29
556.562069598338,35.950000762939453
556.77148960605666,35
556.98090416302284,30.649999618530273
557.19031326645893,36.25
557.39971691358755,34.299999237060547
557.60911510163237,39.200000762939453
557.81850782781623,33.849998474121094
558.0278950893628,32.900001525878906
558.237276883496,40.5
558.44665320743945,29.950000762939453
558.65602405841787,42.049999237060547
558.86538943365542,32.450000762939453
559.07474933037679,34.200000762939453
559.2841037458071,34.25
559.49345267717149,41.150001525878906
559.70279612169531,42.349998474121094
559.91213407660427,36.299999237060547
560.1214665391243,35.099998474121094
560.33079350648131,35.450000762939453
560.540114975902,39.5
560.74943094461287,40.5
560.95874140984074,38.450000762939453
561.16804636881238,36.849998474121094
561.37734581875543,33.200000762939453
561.58663975689751,43.599998474121094
561.79592818046638,45.900001525878906
562.00521108668988,39.849998474121094
562.21448847279646,34.400001525878906
562.42376033601442,41.599998474121094
562.63302667357277,38.950000762939453
562.84228748270027,43
563.05154276062649,36.799999237060547
563.26079250458054,35.75
563.47003671179209,40.200000762939453
563.67927537949117,44.349998474121094
563.88850850490837,38.150001525878906
564.0977360852736,37.400001525878906
564.30695811781766,39.900001525878906
564.51617459977138,38.950000762939453
564.72538552836625,30.700000762939453
564.9345909008332,37.599998474121094
565.14379071440419,52.549999237060547
565.352984966311,33.950000762939453
565.56217365378563,41.700000762939453
565.77135677406056,43.049999237060547
565.98053432436848,44.849998474121094
566.1897063019419,44.200000762939453
566.398872704014,37.700000762939453
566.60803352781829,44.150001525878906
566.81718877058825,39.5
567.02633842955765,49.150001525878906
567.2354825019604,38.599998474121094
567.44462098503129,49.5
567.65375387600409,48.799999237060547
567.862881172114,44.25
568.07200287059641,47.849998474121094
568.281118968686,49.700000762939453
568.49022946361833,38.349998474121094
568.69933435262942,47.450000762939453
568.90843363295517,50.700000762939453
569.11752730183161,42.75
569.32661535649561,53.150001525878906
569.53569779418365,48.099998474121094
569.7447746121328,46.099998474121094
569.95384580758014,57.599998474121094
570.16291137776307,39.75
570.37197131991979,47
570.58102563128784,52.950000762939453
570.79007430910542,46.849998474121094
570.99911735061107,56.299999237060547
571.20815475304369,48.150001525878906
571.41718651364181,53.25
571.6262126296449,55.299999237060547
571.83523309829229,55.450000762939453
572.04424791682379,47
572.253257082479,56.599998474121094
572.46226059249864,57.200000762939453
572.67125844412271,54.25
572.880250634592,52.950000762939453
573.08923716114759,57.799999237060547
573.29821802103015,56.700000762939453
573.50719321148176,44.200000762939453
573.71616272974359,60.349998474121094
573.9251265730577,53.700000762939453
574.1340847386665,48.700000762939453
574.34303722381219,62.349998474121094
574.551984025737,56.900001525878906
574.76092514168465,57.299999237060547
574.96986056889784,60.450000762939453
575.17879030461984,61.450000762939453
575.38771434609487,51.599998474121094
575.59663269056637,55.400001525878906
575.80554533527857,57.849998474121094
576.01445227747593,57.75
576.22335351440313,61.799999237060547
576.43224904330509,62.400001525878906
576.64113886142718,60.150001525878906
576.85002296601431,55.849998474121094
577.0589013543123,63.299999237060547
577.26777402356754,61.150001525878906
577.47664097102563,65.050003051757813
577.6855021939333,60.799999237060547
577.89435768953717,68.699996948242188
578.10320745508409,66.949996948242188
578.31205148782112,66.8499984741211
578.520889784996,64.8499984741211
578.72972234385634,62.450000762939453
578.93854916165,63.900001525878906
579.147370235625,62.75
579.35618556303,60.849998474121094
579.56499514111385,64.199996948242188
579.773798967125,71.1500015258789
579.98259703831309,67.6500015258789
580.19138935192746,61.099998474121094
580.40017590521779,69.199996948242188
580.608956695434,68.550003051757813
580.81773171982661,65.550003051757813
581.02650097564572,72.050003051757813
581.235264460142,67.199996948242188
581.44402217056711,76.5
581.65277410417139,64.1500015258789
581.861520258207,80.0999984741211
582.07026062992531,61.450000762939453
582.27899521657855,76.5999984741211
582.487724015419,74.75
582.696447023699,69.050003051757813
582.90516423867143,74.5
583.11387565758935,72.800003051757813
583.32258127770615,73.5999984741211
583.531281096275,73.9000015258789
583.73997511055029,76.8499984741211
583.94866331778542,77.050003051757813
584.15734571523512,78.25
584.36602230015421,78.449996948242188
584.57469306979692,75.300003051757813
584.78335802141862,79.4000015258789
584.99201715227468,77.699996948242188
585.20067045962082,70.050003051757813
585.40931794071275,83.6500015258789
585.61795959280664,74.3499984741211
585.82659541315888,86.5999984741211
586.0352253990261,71.9000015258789
586.24384954766515,80.550003051757813
586.45246785633344,75.4000015258789
586.66108032228806,80.9000015258789
586.86968694278721,79.449996948242188
587.078287715088,85.0999984741211
587.28688263644949,78.800003051757813
587.49547170412961,80.0999984741211
587.70405491538725,83.199996948242188
587.9126322674814,81.25
588.12120375767131,87.550003051757813
588.32976938321667,85.75
588.53832914137683,84.1500015258789
588.74688302941217,89.5999984741211
588.955431044583,94.1500015258789
589.16397318414954,78.449996948242188
589.372509445373,89.8499984741211
589.58103982551393,82.6500015258789
589.78956432183429,95.5
589.99808293159538,93.75
590.20659565205915,90.75
590.41510248048769,92.800003051757813
590.62360341414319,88.949996948242188
590.83209845028875,90.449996948242188
591.040587586187,88.3499984741211
591.24907081910112,95.4000015258789
591.45754814629436,92.550003051757813
591.66601956503109,91.1500015258789
591.87448507257477,94.3499984741211
592.08294466618963,91.550003051757813
592.29139834314014,93.699996948242188
592.49984610069146,91.949996948242188
592.70828793610849,98.949996948242188
592.91672384665617,94.5
593.12515382960032,94.800003051757813
593.33357788220667,90.550003051757813
593.54199600174172,102.90000152587891
593.75040818547131,100.44999694824219
593.95881443066241,101.40000152587891
594.16721473458165,102.69999694824219
594.37560909449644,96.699996948242188
594.5839975076741,95.4000015258789
594.79237997138227,101.30000305175781
595.000756482889,101
595.20912703946237,98.199996948242188
595.41749163837085,97.6500015258789
595.62585027688351,98.550003051757813
595.83420295226938,107.44999694824219
596.04254966179735,100
596.25089040273713,102.05000305175781
596.45922517235863,113.69999694824219
596.66755396793212,104.65000152587891
596.87587678672776,101.40000152587891
597.08419362601614,105.75
597.29250448306846,110.15000152587891
597.50080935515541,104.19999694824219
597.709108239549,110.05000305175781
597.91740113352057,114.69999694824219
598.125688034342,103.94999694824219
598.333968939286,109.19999694824219
598.54224384562474,111.75
598.75051275063117,108.90000152587891
598.95877565157821,112.80000305175781
599.16703254573918,116.75
599.375283430388,108.65000152587891
599.58352830279819,108.94999694824219
599.79176716024392,117.15000152587891
600,106.19999694824219
600.20822681934078,122.90000152587891
600.41644761554119,121.5
600.62466238587672,112.69999694824219
600.83287112762252,113.65000152587891
601.04107383805467,109.25
601.24927051444922,117.30000305175781
601.457461154082,118.90000152587891
601.66564575423024,123.69999694824219
601.87382431217054,124.19999694824219
602.08199682518011,116.84999847412109
602.290163290536,129.30000305175781
602.49832370551667,116.15000152587891
602.7064780673993,127.94999694824219
602.91462637346251,119.80000305175781
603.12276862098486,120.80000305175781
603.33090480724479,112
603.53903492952168,128.44999694824219
603.74715898509464,122.94999694824219
603.95527697124351,128.44999694824219
604.16338888524785,119.69999694824219
604.371494724388,122.34999847412109
604.57959448594443,123.15000152587891
604.787688167198,128.60000610351563
604.99577576542913,129.19999694824219
605.20385727791972,125.84999847412109
605.41193270195083,137.85000610351563
605.62000203480443,137.85000610351563
605.82806527376283,125.44999694824219
606.03612241610824,138.14999389648438
606.24417345912286,128.19999694824219
606.45221840009015,131.19999694824219
606.66025723629321,132.10000610351563
606.86828996501526,138.5
607.07631658354023,137.14999389648438
607.28433708915213,140.89999389648438
607.49235147913532,127.44999694824219
607.700359750774,136.14999389648438
607.90836190135371,148.19999694824219
608.116357928159,135.39999389648438
608.32434782847542,141.85000610351563
608.5323315995887,141.55000305175781
608.740309238785,142.5
608.94828074335021,138.44999694824219
609.156246110571,144.35000610351563
609.36420533773412,137.64999389648438
609.57215842212679,133.44999694824219
609.78010536103636,137.14999389648438
609.98804615175038,149.89999389648438
610.19598079155674,148.80000305175781
610.40390927774376,142.05000305175781
610.6118316076,141.30000305175781
610.8197477784139,144
611.02765778747482,151
611.235561632072,139.39999389648438
611.44345930949476,142.35000610351563
611.65135081703318,153.55000305175781
611.8592361519776,143.85000610351563
612.06711531161841,151.35000610351563
612.27498829324622,156.69999694824219
612.48285509415189,156.80000305175781
612.69071571162726,146.44999694824219
612.89857014296331,156.10000610351563
613.10641838545212,152.89999389648438
613.31426043638578,157.64999389648438
613.522096293057,145.60000610351563
613.72992595275809,154.75
613.93774941278218,152
614.1455666704228,149.75
614.353377722973,162.85000610351563
614.5611825677272,157.25
614.76898120197893,158.89999389648438
614.976773623023,154.75
615.184559828154,162.10000610351563
615.3923398146668,153.05000305175781
615.60011357985672,158.94999694824219
615.80788112101936,160.60000610351563
616.01564243545033,152.5
616.22339752044627,167.30000305175781
616.431146373303,155.55000305175781
616.63888899131757,163.05000305175781
616.84662537178656,157.94999694824219
617.05435551200765,167.44999694824219
617.26207940927816,166.14999389648438
617.469797060896,160.80000305175781
617.67750846415913,162.80000305175781
617.88521361636617,170.94999694824219
618.09291251481545,174.30000305175781
618.30060515680634,172.5
618.50829153963787,171.14999389648438
618.71597166060985,169.94999694824219
618.92364551702167,165.30000305175781
619.13131310617382,176.25
619.33897442536636,173
619.54662947190025,167.35000610351563
619.75427824307667,165.19999694824219
619.96192073619636,177.75
620.16955694856142,172.05000305175781
620.37718687747326,168.94999694824219
620.5848105202341,168.89999389648438
620.79242787414648,185.5
621.00003893651319,177.80000305175781
621.20764370463712,170.44999694824219
621.41524217582139,179.69999694824219
621.62283434736992,171.14999389648438
621.83042021658639,180.39999389648438
622.03799978077518,183.60000610351563
622.24557303724009,181.35000610351563
622.45313998328675,185.44999694824219
622.6607006162194,184.60000610351563
622.868254933344,186.44999694824219
623.07580293196577,182.39999389648438
623.28334460939072,188.64999389648438
623.49087996292508,178.85000610351563
623.69840898987525,189.35000610351563
623.90593168754788,184.05000305175781
624.11344805325052,185.39999389648438
624.32095808428994,186.19999694824219
624.52846177797414,184.5
624.73595913161114,189.44999694824219
624.943450142509,186.80000305175781
625.15093480797634,191.35000610351563
625.3584131253217,184.60000610351563
625.56588509185462,186.89999389648438
625.773350704884,188.80000305175781
625.98080996172,188.30000305175781
626.1882628596727,187.85000610351563
626.39570939605176,188.60000610351563
626.60314956816831,189.05000305175781
626.81058337333309,201.30000305175781
627.018010808857,182.05000305175781
627.22543187205179,196.75
627.43284656022911,195.44999694824219
627.64025487070126,198.80000305175781
627.84765680078021,204.35000610351563
628.05505234777866,188.80000305175781
628.26244150900993,192.25
628.46982428178671,197.75
628.677200663423,187.44999694824219
628.88457065123214,201.10000610351563
629.09193424252874,203.25
629.29929143462687,198.60000610351563
629.50664222484136,201.25
629.71398661048715,202.80000305175781
629.92132458887966,198.44999694824219
630.12865615733426,203.75
630.33598131316728,212.64999389648438
630.54330005369422,195.85000610351563
630.75061237623231,203.35000610351563
630.95791827809785,206.44999694824219
631.16521775660817,198.05000305175781
631.3725108090805,200.35000610351563
631.57979743283261,216.80000305175781
631.78707762518241,209.39999389648438
631.99435138344813,211.69999694824219
632.2016187049486,208.10000610351563
632.40887958700216,204.25
632.61613402692853,204.10000610351563
632.823382022047,211
633.03062356967735,199.05000305175781
633.23785866713945,209.94999694824219
633.44508731175381,213.75
633.6523095008414,209.94999694824219
633.8595252317225,217.35000610351563
634.06673450171888,215.30000305175781
634.27393730815209,212.69999694824219
634.48113364834376,215.5
634.68832351961646,210.35000610351563
634.89550691929185,206.85000610351563
635.10268384469384,207.89999389648438
635.30985429314444,218.10000610351563
635.51701826196756,222.05000305175781
635.7241757484868,213
635.93132675002607,218.30000305175781
636.13847126390976,213.35000610351563
636.34560928746214,213.94999694824219
636.55274081800849,223.85000610351563
636.75986585287376,214.64999389648438
636.96698438938347,225.94999694824219
637.17409642486325,218.39999389648438
637.38120195663942,224.35000610351563
637.58830098203839,216.89999389648438
637.7953934983866,204.44999694824219
638.00247950301116,223.55000305175781
638.20955899323951,221.44999694824219
638.416631966399,221.25
638.62369841981774,214.55000305175781
638.83075835082366,222.60000610351563
639.03781175674578,226.80000305175781
639.24485863491259,222.89999389648438
639.45189898265312,217.85000610351563
639.65893279729664,223.75
639.86596007617345,221.39999389648438
640.07298081661315,228.39999389648438
640.27999501594627,219.39999389648438
640.48700267150332,227.55000305175781
640.6940037806155,227.05000305175781
640.90099834061357,223.19999694824219
641.10798634882951,230.14999389648438
641.314967802595,225.30000305175781
641.52194269924235,231.35000610351563
641.72891103610414,230.14999389648438
641.93587281051271,225.80000305175781
642.14282801980164,241.94999694824219
642.34977666130408,229.35000610351563
642.55671873235349,235.19999694824219
642.76365423028449,218.89999389648438
642.97058315243089,226.14999389648438
643.17750549612754,236.39999389648438
643.38442125870938,219.19999694824219
643.59133043751149,247.60000610351563
643.79823302986961,232
644.00512903311949,228.75
644.21201844459733,238.10000610351563
644.41890126163935,229
644.62577748158276,235.19999694824219
644.83264710176456,232.05000305175781
645.03951011952211,230.19999694824219
645.24636653219284,234.75
645.453216337115,236.60000610351563
645.660059531627,238.94999694824219
645.86689611306747,227.5
646.073726078775,251.85000610351563
646.28054942608924,237.05000305175781
646.48736615234964,227.25
646.69417625489609,248.5
646.90097973106856,239.10000610351563
647.107776578208,232.75
647.314566793655,241.55000305175781
647.52135037475057,232.69999694824219
647.72812731883607,245.64999389648438
647.93489762325351,237.30000305175781
648.14166128534475,252.10000610351563
648.34841830245227,238.25
648.55516867191864,241.25
648.76191239108675,243.25
648.96864945730033,256.95001220703125
649.17537986790251,237.85000610351563
649.38210362023767,250.94999694824219
649.58882071164965,254.5
649.79553113948316,239.30000305175781
650.00223490108294,239.69999694824219
650.20893199379429,252.64999389648438
650.41562241496285,241
650.62230616193426,247.60000610351563
650.8289832320545,245.94999694824219
651.03565362267022,256.64999389648438
651.24231733112811,238.35000610351563
651.448974354775,251.35000610351563
651.65562469095869,246.85000610351563
651.86226833702676,246.30000305175781
652.06890529032694,259.60000610351563
652.27553554820759,254.19999694824219
652.48215910801753,243.10000610351563
652.68877596710581,251.25
652.89538612282138,255.80000305175781
653.10198957251373,260.14999389648438
653.3085863135334,252.10000610351563
653.51517634322977,253.05000305175781
653.72175965895394,251.19999694824219
653.92833625805667,258.45001220703125
654.134906137889,254.05000305175781
654.3414692958022,254.75
654.54802572914843,257.04998779296875
654.75457543528,260.85000610351563
654.96111841154834,258.75
655.16765465530739,260.14999389648438
655.3741841639096,258.14999389648438
655.58070693470813,271
655.78722296505714,257.60000610351563
655.99373225231056,253.89999389648438
656.20023479382246,260.70001220703125
656.40673058694779,249.80000305175781
656.61321962904128,256.39999389648438
656.81970191745825,267.95001220703125
657.02617744955455,262.25
657.23264622268562,257.95001220703125
657.43910823420811,270.29998779296875
657.64556348147858,260.10000610351563
657.8520119618538,255.5
658.058453672691,255.69999694824219
658.26488861134737,254.69999694824219
658.47131677518121,270.45001220703125
658.67773816155068,265.45001220703125
658.88415276781393,257.64999389648438
659.09056059133,266.14999389648438
659.29696162945788,265.64999389648438
659.50335587955715,254.25
659.70974333898744,255.89999389648438
659.91612400510883,276.5
660.12249787528185,264.85000610351563
660.32886494686716,259.45001220703125
660.53522521722573,266.85000610351563
660.741578683719,255.80000305175781
660.94792534370856,260.79998779296875
661.15426519455661,264.04998779296875
661.36059823362541,272.64999389648438
661.56692445827741,268.79998779296875
661.773243865876,269.64999389648438
661.97955645378408,262.35000610351563
662.18586221936573,259.70001220703125
662.39216115998443,270.54998779296875
662.59845327300468,267.79998779296875
662.804738555791,266.25
663.01101700570837,264.25
663.217288620122,271.10000610351563
663.42355339639732,257.35000610351563
663.62981133190056,265.25
663.83606242399776,268.10000610351563
664.04230667005515,256.29998779296875
664.24854406744009,263
664.45477461351948,266.70001220703125
664.660998305661,266.54998779296875
664.86721514123212,264.95001220703125
665.07342511760157,257.39999389648438
665.27962823213738,273
665.48582448220861,257.89999389648438
665.69201386518432,275.89999389648438
665.89819637843391,274.89999389648438
666.104372019327,261.5
666.31054078523414,262.04998779296875
666.51670267352563,276.39999389648438
666.722857681572,264.75
666.9290058067445,271.45001220703125
667.13514704641466,276.89999389648438
667.34128139795428,270.89999389648438
667.54740885873525,268.20001220703125
667.7535294261296,270.29998779296875
667.959643097511,262.14999389648438
668.16574987025183,267.45001220703125
668.37184974172533,280.85000610351563
668.57794270930606,275.04998779296875
668.78402877036706,263.25
668.99010792228341,269.89999389648438
669.19618016242953,275.75
669.40224548818026,266.70001220703125
669.60830389691148,266.29998779296875
669.81435538599851,274.20001220703125
670.02039995281746,263.89999389648438
670.22643759474465,269.29998779296875
670.43246830915655,272.35000610351563
670.63849209343039,275.85000610351563
670.84450894494364,268.79998779296875
671.05051886107378,268.45001220703125
671.25652183919885,274.25
671.462517876697,270.75
671.66850697094719,276.20001220703125
671.87448911932813,270.14999389648438
672.08046431921935,274.25
672.28643256800024,270.04998779296875
672.49239386305123,265.04998779296875
672.698348201752,270.60000610351563
672.90429558148389,261.25
673.11023599962732,264.64999389648438
673.3161694535637,265.5
673.522095940675,278.95001220703125
673.72801545834272,274.29998779296875
673.93392800394952,277
674.13983357487791,268.5
674.34573216851072,273.04998779296875
674.55162378223133,266.10000610351563
674.75750841342347,272.45001220703125
674.96338605947142,278.54998779296875
675.16925671775869,268.5
675.37512038567024,277.75
675.58097706059141,271.35000610351563
675.786826739907,265.60000610351563
675.992669421003,277.39999389648438
676.19850510126514,265.35000610351563
676.40433377807972,262.70001220703125
676.61015544883355,262.75
676.81597011091355,274.25
677.021777761707,272.64999389648438
677.22757839860151,269.70001220703125
677.433372018985,271.5
677.63915862024589,274.5
677.84493819977274,276.95001220703125
678.05071075495459,265.75
678.256476283181,273.04998779296875
678.462234781841,269.14999389648438
678.667986248325,270.45001220703125
678.87373068002341,273
679.07946807432643,270.60000610351563
679.28519842862579,274.60000610351563
679.490921740312,268.64999389648438
679.69663800677722,274.25
679.90234722541368,274.25
680.1080493936131,268.64999389648438
680.31374450876876,275.60000610351563
680.519432568273,269
680.72511356951986,271.85000610351563
680.93078750990264,265.10000610351563
681.13645438681544,278.60000610351563
681.34211419765279,267.60000610351563
681.54776693980943,270.10000610351563
681.7534126106799,274.10000610351563
681.95905120766008,270.75
682.16468272814564,279
682.37030716953257,267.79998779296875
682.575924529217,260.39999389648438
682.78153480459628,271.25
682.98713799306688,263.64999389648438
683.19273409202674,264
683.39832309887311,266.60000610351563
683.60390501100471,268.64999389648438
683.80947982581938,267.04998779296875
684.01504754071607,272.60000610351563
684.22060815309408,268.35000610351563
684.42616166035293,269.45001220703125
684.631708059892,266.20001220703125
684.83724734911175,272.70001220703125
685.04277952541293,269.29998779296875
685.24830458619567,272.54998779296875
685.45382252886168,259.54998779296875
685.65933335081252,272.5
685.86483704944953,272.39999389648438
686.07033362217521,268.10000610351563
686.27582306639215,273.54998779296875
686.48130537950328,269.85000610351563
686.68678055891166,251.89999389648438
686.89224860202091,260.70001220703125
687.09770950623476,253.64999389648438
687.30316326895763,262.70001220703125
687.50860988759416,267.79998779296875
687.71404935954945,260.04998779296875
687.91948168222837,261.95001220703125
688.12490685303669,270.04998779296875
688.33032486938043,262.04998779296875
688.53573572866594,263.39999389648438
688.74113942829979,261.79998779296875
688.946535965689,260.64999389648438
689.151925338241,269.85000610351563
689.35730754336328,256.85000610351563
689.56268257846386,262.29998779296875
689.76805044095147,259.79998779296875
689.97341112823426,261.04998779296875
690.17876463772188,272.04998779296875
690.3841109668233,258.29998779296875
690.58945011294873,265.79998779296875
690.7947820735078,249.30000305175781
691.0001068459112,260.29998779296875
691.20542442756948,266.39999389648438
691.41073481589433,259.20001220703125
691.61603800829664,259.10000610351563
691.82133400218856,259.39999389648438
692.02662279498236,258.5
692.23190438409006,269.14999389648438
692.43717876692506,255.85000610351563
692.6424459409003,263.89999389648438
692.84770590342941,262.95001220703125
693.05295865192647,260.10000610351563
693.25820418380533,259.45001220703125
693.46344249648109,265.25
693.6686735873684,257.39999389648438
693.87389745388259,251.10000610351563
694.07911409343944,255.44999694824219
694.284323503455,257.60000610351563
694.4895256813453,251
694.69472062452724,256.54998779296875
694.89990833041793,258.79998779296875
695.10508879643442,248.89999389648438
695.31026201999487,253.75
695.51542799851745,255.25
695.72058672942035,249.39999389648438
695.92573821012218,255.80000305175781
696.13088243804225,237.85000610351563
696.33601941060022,260.60000610351563
696.54114912521584,247.89999389648438
696.74627157930922,250.39999389648438
696.95138677030093,244.89999389648438
697.15649469561185,251.80000305175781
697.36159535266336,249.94999694824219
697.56668873887691,248
697.77177485167431,250
697.9768536884784,252.30000305175781
698.1819252467111,249
698.38698952379616,247.14999389648438
698.59204651715618,239.14999389648438
698.79709622421535,246.80000305175781
699.00213864239765,250.44999694824219
699.20717376912751,247.25
699.41220160182934,245.94999694824219
699.61722213792882,247.75
699.82223537485106,248.10000610351563
700.027241310022,249.89999389648438
700.23223994086766,244.44999694824219
700.43723126481461,252.19999694824219
700.64221527928987,242.25
700.84719198172058,251.19999694824219
701.05216136953425,243.85000610351563
701.25712344015881,239.55000305175781
701.4620781910229,243.85000610351563
701.66702561955458,242.05000305175781
701.87196572318328,250.39999389648438
702.07689849933831,243
702.28182394544933,242.64999389648438
702.48674205894633,238.94999694824219
702.69165283725954,252.75
702.89655627782042,241.05000305175781
703.10145237805932,241.30000305175781
703.30634113540827,240.89999389648438
703.51122254729853,237.75
703.71609661116293,252.25
703.92096332443384,240.30000305175781
704.12582268454389,244.5
704.33067468892648,247.55000305175781
704.53551933501547,244.85000610351563
704.74035662024448,247.85000610351563
704.94518654204808,244.25
705.15000909786079,235.69999694824219
705.35482428511773,236.30000305175781
705.55963210125435,232.60000610351563
705.76443254370622,242.25
705.96922560990981,238.60000610351563
706.17401129730138,224.85000610351563
706.37878960331773,245.44999694824219
706.583560525396,239.25
706.78832406097388,239
706.99308020748924,231.10000610351563
707.19782896238019,233.89999389648438
707.4025703230858,235.94999694824219
707.60730428704437,242.30000305175781
707.81203085169579,243.69999694824219
708.01675001447961,241.64999389648438
708.22146177283571,240.25
708.426166124205,245.55000305175781
708.6308630660277,230.14999389648438
708.835552595745,237.35000610351563
709.0402347107987,225.60000610351563
709.24490940863041,237.5
709.44957668668246,240.69999694824219
709.65423654239748,231.5
709.85888897321843,239.35000610351563
710.06353397658825,234.69999694824219
710.26817154995092,242.05000305175781
710.47280169075043,221.64999389648438
710.67742439643109,246.25
710.88203966443757,234.69999694824219
711.08664749221532,238.75
711.29124787720934,233.75
711.49584081686578,228.69999694824219
711.70042630863077,231.30000305175781
711.90500434995056,233.89999389648438
712.10957493827266,237.5
712.31413807104366,230.39999389648438
712.51869374571174,237.05000305175781
712.72324195972442,223.44999694824219
712.92778271053055,238.75
713.13231599557832,234.14999389648438
713.33684181231729,228.60000610351563
713.54136015819677,231.69999694824219
713.74587103066642,229.5
713.9503744271766,226.14999389648438
714.15487034517764,227.64999389648438
714.35935878212069,227.94999694824219
714.5638397354569,235.30000305175781
714.768313202638,223.30000305175781
714.97277918111558,237.30000305175781
715.1772376683424,231.35000610351563
715.38168866177114,237.69999694824219
715.58613215885487,234.44999694824219
715.79056815704689,229.64999389648438
715.99499665380119,226.10000610351563
716.1994176465721,222.10000610351563
716.40383113281382,225.55000305175781
716.60823710998113,229.35000610351563
716.81263557553007,224.80000305175781
717.01702652691529,231.35000610351563
717.22140996159374,218.60000610351563
717.4257858770211,227.39999389648438
717.63015427065443,223.39999389648438
717.83451513995089,223.69999694824219
718.03886848236777,229
718.243214295363,223.14999389648438
718.44755257639508,218
718.651883322922,216.19999694824219
718.85620653240278,220.69999694824219
719.06052220229742,216.64999389648438
719.2648303300648,212.39999389648438
719.46913091316537,219.14999389648438
719.67342394905972,215.55000305175781
719.87770943520809,225.60000610351563
720.081987369072,222.5
720.28625774811292,218.14999389648438
720.49052056979258,215.05000305175781
720.69477583157368,221.10000610351563
720.89902353091816,212.39999389648438
721.10326366528966,217.35000610351563
721.30749623215127,219.25
721.51172122896639,215.89999389648438
721.7159386531996,216.64999389648438
721.92014850231544,213.10000610351563
722.12435077377813,222.44999694824219
722.32854546505359,216.55000305175781
722.532732573607,212.55000305175781
722.73691209690446,211.05000305175781
722.941084032412,210.69999694824219
723.14524837759654,212.30000305175781
723.34940512992534,221.64999389648438
723.55355428686539,206.44999694824219
723.75769584588511,210.64999389648438
723.9618298044519,202
724.16595616003485,208.30000305175781
724.37007491010274,206.69999694824219
724.57418605212456,206.60000610351563
724.77828958357054,198.69999694824219
724.98238550191013,211.5
725.18647380461414,207.25
725.39055448915349,199.30000305175781
725.59462755299865,199.55000305175781
725.79869299362167,208.25
726.00275080849451,209.30000305175781
726.206800995089,212.39999389648438
726.41084355087821,191.69999694824219
726.6148784733349,194.64999389648438
726.81890575993225,205.55000305175781
727.02292540814449,192.75
727.2269374154456,199.60000610351563
727.43094177930993,203.10000610351563
727.63493849721237,203.44999694824219
727.83892756662806,204.30000305175781
728.04290898503325,198.19999694824219
728.24688274990319,203.39999389648438
728.45084885871461,192.44999694824219
728.65480730894421,194.94999694824219
728.85875809806942,197.10000610351563
729.06270122356682,196.69999694824219
729.26663668291542,189.10000610351563
729.4705644735925,193.10000610351563
729.6744845930773,192.10000610351563
729.87839703884879,193.44999694824219
730.08230180838609,197.60000610351563
730.286198899169,191.10000610351563
730.49008830867774,196.75
730.69397003439269,194.89999389648438
730.897844073795,179.89999389648438
731.10171042436559,188.64999389648438
731.30556908358608,192.25
731.50942004893886,191.25
731.713263317906,188.64999389648438
731.91709888797038,188.5
732.120926756615,179.55000305175781
732.32474692132348,187.05000305175781
732.52855937957975,180.69999694824219
732.73236412886808,190.94999694824219
732.936161166673,188.5
733.13995049047981,183.39999389648438
733.34373209777334,186.5
733.54750598603994,185.14999389648438
733.75127215276564,186.30000305175781
733.95503059543682,183.19999694824219
734.15878131154045,178.85000610351563
734.36252429856393,184.69999694824219
734.56625955399488,186.89999389648438
734.7699870753213,180.14999389648438
734.97370686003171,187.35000610351563
735.17741890561467,173.55000305175781
735.38112320955975,177.89999389648438
735.58481976935639,173.85000610351563
735.7885085824945,177.94999694824219
735.99218964646423,173.69999694824219
736.19586295875661,171.30000305175781
736.39952851686269,179.85000610351563
736.60318631827374,173.5
736.8068363604815,172.19999694824219
737.01047864097893,179.5
737.21411315725754,165.75
737.41773990681122,173.55000305175781
737.62135888713317,178
737.824970095717,170.19999694824219
738.02857353005663,170.14999389648438
