459.485050406383,0.63999998569488525
459.69668394865238,5.0199999809265137
459.90831334242165,1.5900000333786011
460.11993858482555,3.4600000381469727
460.33155967299865,1.5399999618530273
460.54317660407577,4.96999979019165
460.75478937519233,5.4800000190734863
460.96639798348309,1.0399999618530273
461.17800242608405,-0.090000003576278687
461.38960270013,1.2400000095367432
461.60119880275727,3.0699999332427979
461.81279073110096,1.8400000333786011
462.02437848229732,3.9700000286102295
462.23596205348275,6.1100001335144043
462.44754144179319,3.5899999141693115
462.659116644365,2.0299999713897705
462.87068765833476,1.5499999523162842
463.08225448083942,4.3600001335144043
463.29381710901544,5.2899999618530273
463.50537554000005,0.8399999737739563
463.71692977093039,0.93999999761581421
463.92847979894367,2.7599999904632568
464.14002562117736,3.0199999809265137
464.35156723476905,4.1999998092651367
464.56310463685628,2.9500000476837158
464.77463782457744,2.4700000286102295
464.9861667950704,4.059999942779541
465.19769154547294,3.6700000762939453
465.40921207292382,0.57999998331069946
465.62072837456174,4.75
465.83224044752478,3.869999885559082
466.0437482889522,4.1599998474121094
466.2552518959825,2.2400000095367432
466.46675126575519,4.809999942779541
466.67824639540947,1.9199999570846558
466.889737282085,3.0999999046325684
467.10122392292072,0.4699999988079071
467.31270631505674,4.3899998664855957
467.52418445563291,3.4100000858306885
467.7356583417893,4.6100001335144043
467.94712797066614,2.2200000286102295
468.15859333940358,7.690000057220459
468.37005444514193,3.869999885559082
468.5815112850226,4.3299999237060547
468.79296385618557,1
469.00441215577223,6.869999885559082
469.21585618092365,4.4200000762939453
469.427295928781,4.8499999046325684
469.63873139648564,1.3700000047683716
469.85016258117929,4.3499999046325684
470.06158948000348,6.9200000762939453
470.27301209010056,0.93999999761581421
470.48443040861218,5.369999885559082
470.6958444326807,6.9200000762939453
470.9072541594482,4.309999942779541
471.11865958605762,4.380000114440918
471.33006070965121,2.880000114440918
471.54145752737224,4.7300000190734863
471.75285003636344,7.5399999618530273
471.96423823376784,7.3299999237060547
472.17562211672896,3.9800000190734863
472.38700168239041,7.03000020980835
472.5983769278954,5.3600001335144043
472.80974785038774,1.4900000095367432
473.02111444701166,6.03000020980835
473.23247671491117,6.9099998474121094
473.44383465123042,8.3199996948242188
473.65518825311392,6.9499998092651367
473.86653751770609,6.7899999618530273
474.07788244215192,4.2300000190734863
474.28922302359604,6.0799999237060547
474.50055925918372,7.3499999046325684
474.71189114605983,6.3000001907348633
474.92321868137014,9.4399995803833
475.13454186225994,6.9000000953674316
475.345860685875,9.7200002670288086
475.55717514936111,8.0500001907348633
475.76848524986434,10
475.97979098453095,7.179999828338623
476.19109235050712,12.369999885559082
476.40238934493948,7.8600001335144043
476.61368196497449,9.5799999237060547
476.82497020775912,11.829999923706055
477.03625407044041,10.220000267028809
477.24753355016543,11.180000305175781
477.45880864408156,12.4399995803833
477.67007934933588,15.430000305175781
477.8813456630769,13.869999885559082
478.09260758245136,14.050000190734863
478.30386510460806,15.090000152587891
478.51511822669448,17.719999313354492
478.72636694585935,15.409999847412109
478.93761125925084,20.280000686645508
479.14885116401797,18.209999084472656
479.3600866573093,22.819999694824219
479.57131773627356,23.329999923706055
479.78254439806005,21.969999313354492
479.993766639818,25.1299991607666
480.20498445869697,25.409999847412109
480.41619785184639,26.75
480.62740681641628,29.709999084472656
480.83861134955612,31.920000076293945
481.04981144841668,34.270000457763672
481.26100711014755,37.130001068115234
481.47219833189945,37.909999847412109
481.68338511082322,44.650001525878906
481.89456744406925,43.2400016784668
482.1057453287886,47.979999542236328
482.31691876213239,53.430000305175781
482.52808774125191,55.580001831054688
482.73925226329879,54.139999389648438
482.95041232542394,64.699996948242188
483.16156792477994,63.729999542236328
483.37271905851838,74.489997863769531
483.5838657237914,76.669998168945313
483.79500791775109,77.260002136230469
484.00614563755016,83.9000015258789
484.217278880341,93.160003662109375
484.42840764327667,94.94000244140625
484.63953192350994,100.31999969482422
484.85065171819389,108.47000122070313
485.06176702448187,119.06999969482422
485.27287783952733,122.72000122070313
485.48398416048394,130.77999877929688
485.69508598450534,138.74000549316406
485.90618330874582,148.6300048828125
486.11727613035913,157.64999389648438
486.32836444649979,172.14999389648438
486.53944825432228,179.92999267578125
486.7505275509813,188.57000732421875
486.9616023336315,205.96000671386719
487.172672599428,216.74000549316406
487.38373834552596,232.64999389648438
487.59479956908069,248.41999816894531
487.80585626724775,262.510009765625
488.01690843718274,275.52999877929688
488.22795607604149,294.05999755859375
488.43899918097992,311.79000854492188
488.65003774915488,337.76998901367188
488.8610717777218,349.17001342773438
489.07210126383791,378.1199951171875
489.28312620465948,399.48001098632813
489.49414659734367,419.33999633789063
489.70516243904751,447.97000122070313
489.91617372692849,480.55999755859375
490.12718045814347,511.1099853515625
490.33818262985034,540.82000732421875
490.54918023920686,574.90997314453125
490.7601732833711,603.82000732421875
490.97116175950089,646.6199951171875
491.18214566475473,684.42999267578125
491.39312499629074,732.5999755859375
491.60409975126794,762.19000244140625
491.81506992684513,810.739990234375
492.02603552018132,852.3699951171875
492.23699652843533,918.79998779296875
492.44795294876673,965.54998779296875
492.65890477833494,1024.81005859375
492.86985201429974,1077.0400390625
493.0807946538211,1136.0899658203125
493.29173269405891,1195.510009765625
493.50266613217343,1262.3900146484375
493.71359496532506,1354.6800537109375
493.9245191906744,1411.06005859375
494.135438805382,1489.4200439453125
494.34635380660933,1573.97998046875
494.55726419151711,1639.030029296875
494.76816995726648,1739
494.97907110101937,1797.300048828125
495.18996761993691,1884.25
495.40085951118141,1980.489990234375
495.61174677191457,2069.56005859375
495.82262939929865,2157.239990234375
496.03350739049608,2223.820068359375
496.24438074266942,2324.39990234375
496.455249452981,2421.340087890625
496.66611351859439,2501.93994140625
496.87697293667219,2595.2099609375
497.08782770437779,2680.56005859375
497.29867781887464,2794.39990234375
497.50952327732654,2851.219970703125
497.720364076897,2985.3798828125
497.93120021475016,3062.330078125
498.14203168805011,3161.330078125
498.35285849396138,3233.6298828125
498.56368062964822,3345.989990234375
498.77449809227556,3481.449951171875
498.98531087900841,3544.4599609375
499.19611898701163,3688.409912109375
499.40692241345027,3807.030029296875
499.61772115549053,3954.179931640625
499.82851521029716,4077.030029296875
500.03930457503662,4190.259765625
500.25008924687421,4409.14990234375
500.46086922297695,4540.93017578125
500.67164450051069,4750.4501953125
500.88241507664208,4933.39013671875
501.09318094853768,5141.83984375
501.30394211336471,5400.81005859375
501.51469856829004,5558.56982421875
501.72545031048105,5890.580078125
501.93619733710506,6099.830078125
502.14693964533006,6349.91015625
502.35767723232351,6720.16015625
502.5684100952538,6879.1298828125
502.77913823128887,7161.9501953125
502.989861637597,7446.93017578125
503.2005803113471,7830.669921875
503.41129424970768,8023.68017578125
503.62200344984791,8330.0302734375
503.83270790893647,8491.23046875
504.0434076241433,8867.400390625
504.25410259263765,9068.08984375
504.464792811589,9317.33984375
504.67547827816765,9429.7099609375
504.88615898954316,9689.3896484375
505.0968349428864,9732.5498046875
505.30750613536736,9942.759765625
505.51817256415688,9991.919921875
505.72883422642565,9989.3603515625
505.93949111934472,10034.7802734375
506.15014324008541,10007.0302734375
506.36079058581885,9940.23046875
506.5714331537169,9822.830078125
506.78207094095114,9832.3798828125
506.99270394469386,9582.8095703125
507.20333216211668,9329.8203125
507.41395559039228,9166.0498046875
507.62457422669331,8893.3095703125
507.835188068192,8571.2197265625
508.04579711206168,8356.849609375
508.25640135547525,8105.5498046875
508.46700079560605,7748.18017578125
508.67759542962762,7485.990234375
508.88818525471356,7297.080078125
509.09877026803775,7037.7900390625
509.30935046677416,6800.6201171875
509.51992584809739,6493.10009765625
509.73049640918146,6281.64990234375
509.94106214720097,6042.759765625
510.151623059331,5794.419921875
510.36217914274636,5561.08984375
510.57273039462245,5299.33984375
510.78327681213472,5182.14013671875
510.99381839245859,5020.81982421875
511.20435513276982,4864.64013671875
511.4148870302443,4784.43017578125
511.62541408205846,4700.22021484375
511.83593628538881,4508.91015625
512.04645363741122,4380.7900390625
512.25696613530306,4272.39013671875
512.467473776241,4088.340087890625
512.6779765574023,3995.030029296875
512.88847447596436,3870.909912109375
513.09896752910447,3729.090087890625
513.30945571400036,3603.2900390625
513.51993902783045,3480.6298828125
513.7304174677721,3342.1298828125
513.94089103100418,3207.780029296875
514.151359714705,3085.699951171875
514.36182351605316,2981.260009765625
514.572282432228,2898.6201171875
514.78273646040816,2820.929931640625
514.99318559777282,2723.219970703125
515.20362984150211,2656.949951171875
515.4140691887751,2587.169921875
515.62450363677181,2516.590087890625
515.83493318267244,2435.669921875
516.04535782365735,2397.5
516.255777556907,2313.590087890625
516.46619237960181,2266.239990234375
516.6766022889226,2196.780029296875
516.88700728205106,2174.360107421875
517.09740735616776,2121.489990234375
517.30780250845453,2061.260009765625
517.51819273609283,2009.3800048828125
517.72857803626471,1974.530029296875
517.93895840615221,1929.75
518.14933384293749,1894.989990234375
518.35970434380317,1871.949951171875
518.57006990593186,1824.260009765625
518.78043052650617,1818.3299560546875
518.99078620270939,1763.2099609375
519.2011369317247,1742.7900390625
519.41148271073587,1711.5999755859375
519.62182353692617,1676.989990234375
519.83215940747948,1670.6500244140625
520.04249031958,1625.739990234375
520.25281627041193,1625.3499755859375
520.46313725716,1572.43994140625
520.67345327700855,1560.6400146484375
520.88376432714267,1532.1700439453125
521.0940704047473,1506.280029296875
521.30437150700777,1485.449951171875
521.51466763110943,1472.72998046875
521.7249587742383,1466.4100341796875
521.93524493357961,1443.489990234375
522.14552610632018,1403.4200439453125
522.35580228964591,1393.9599609375
522.56607348074328,1369.550048828125
522.77633967679913,1350.3599853515625
522.98660087500048,1333.1700439453125
523.19685707253393,1302.3900146484375
523.40710826658722,1284.989990234375
523.61735445434772,1263.550048828125
523.82759563300317,1258.3499755859375
524.03783179974153,1232.3900146484375
524.248062951751,1214.9100341796875
524.45828908621968,1196.81005859375
524.6685102003363,1172.8800048828125
524.87872629128947,1156.489990234375
525.08893735626839,1133.800048828125
525.29914339246159,1127.56005859375
525.50934439705918,1110.02001953125
525.71954036725026,1102.4200439453125
525.92973130022506,1090.1500244140625
526.13991719317278,1074.4000244140625
526.35009804328433,1061.8699951171875
526.56027384774984,1041.93994140625
526.77044460375964,1026.3900146484375
526.98061030850511,1010.8200073242188
527.19077095917692,1006.0900268554688
527.4009265529661,1008.6799926757813
527.61107708706436,985.42999267578125
527.82122255866341,981.53997802734375
528.03136296495472,972.71002197265625
528.2414983031307,962.53997802734375
528.45162857038349,952.34002685546875
528.66175376390561,949.83001708984375
528.87187388088955,938.77001953125
529.08198891852828,932.030029296875
529.29209887401521,920.70001220703125
529.50220374454329,922.1199951171875
529.71230352730629,902.77001953125
529.9223982194975,891.969970703125
530.13248781831112,898.21002197265625
530.34257232094137,868.19000244140625
530.55265172458269,877.5
530.7627260264295,862.44000244140625
530.97279522367671,853.97998046875
531.182859313519,845.3499755859375
531.39291829315175,841.8699951171875
531.60297215977016,836.6500244140625
531.81302091057034,821.45001220703125
532.02306454274787,823.03997802734375
532.23310305349867,812.6400146484375
532.4431364400192,804.510009765625
532.65316469950574,795.42999267578125
532.86318782915509,794.32000732421875
533.07320582616433,779.78997802734375
533.28321868773025,779.469970703125
533.49322641105016,769.8499755859375
533.70322899332211,757.92999267578125
533.91322643174317,750.92999267578125
534.12321872351174,746.58001708984375
534.33320586582568,738.70001220703125
534.54318785588362,728.55999755859375
534.75316469088432,731.04998779296875
534.96313636802631,727.6500244140625
535.17310288450858,715.3699951171875
535.38306423753056,705.780029296875
535.59302042429169,701.3699951171875
535.80297144199153,699.54998779296875
536.01291728783031,693.3900146484375
536.22285795900768,686.79998779296875
536.43279345272435,696.8599853515625
536.64272376618044,678.8699951171875
536.85264889657708,682.04998779296875
537.06256884111519,668.82000732421875
537.27248359699593,671.6199951171875
537.48239316142053,673.05999755859375
537.69229753159084,665.0999755859375
537.90219670470856,655.21002197265625
538.112090677976,646.96002197265625
538.32197944859479,643.0999755859375
538.53186301376832,646.010009765625
538.74174137069849,630.739990234375
538.95161451658885,640.28997802734375
539.16148244864223,640.67999267578125
539.371345164062,626.54998779296875
539.58120266005187,624.54998779296875
539.79105493381553,619.17999267578125
540.0009019825568,618.989990234375
540.21074380348034,618.97998046875
540.42058039379049,606.719970703125
540.63041175069179,614.19000244140625
540.84023787138926,602.71002197265625
541.0500587530878,600.3599853515625
541.25987439299308,587.3900146484375
541.46968478831047,595.33001708984375
541.67948993624577,590.67999267578125
541.88928983400479,590.1199951171875
542.09908447879411,579.5999755859375
542.30887386782,573.6300048828125
542.5186579982892,572.27001953125
542.7284368674085,572.90997314453125
542.938210472385,564.53997802734375
543.1479788104258,568.58001708984375
543.35774187873892,554.969970703125
543.567499674532,551.70001220703125
543.77725219501235,549.8699951171875
543.98699943738939,552.1199951171875
544.19674139887059,545.42999267578125
544.40647807666539,539.4000244140625
544.61620946798166,542.1500244140625
544.82593557002951,532.010009765625
545.0356563800176,536.34002685546875
545.24537189515593,530.28997802734375
545.45508211265383,530.25
545.66478702972154,532.34002685546875
545.87448664356964,527.95001220703125
546.0841809514078,524.04998779296875
546.29386995044717,517.09002685546875
546.50355363789879,512.83001708984375
546.71323201097334,515.52001953125
546.92290506688266,518.30999755859375
547.1325728028379,500.73001098632813
547.342235216051,511.85000610351563
547.55189230373423,501.25
547.76154406309934,499.67001342773438
547.97119049135927,496.989990234375
548.18083158572654,495.8599853515625
548.39046734341412,498.3699951171875
548.600097761635,495.54000854492188
548.80972283760252,488.20999145507813
549.01934256853087,483.1099853515625
549.22895695163311,488.57000732421875
549.43856598412367,484.92001342773438
549.64816966321678,480.02999877929688
549.85776798612721,470.76998901367188
550.06736095006931,474.89999389648438
550.27694855225832,470.47000122070313
550.48653078990935,473.95001220703125
550.69610766023777,467.6300048828125
550.90567916045939,462.45001220703125
551.11524528778989,456.14999389648438
551.32480603944543,462.29000854492188
551.53436141264262,464.70999145507813
551.74391140459784,456.5
551.95345601252757,461.260009765625
552.16299523364955,450.33999633789063
552.3725290651804,446.94000244140625
552.58205750433774,446.1400146484375
552.79158054833965,449.16000366210938
553.00109819440377,442.8699951171875
553.21061043974828,440.64999389648438
553.42011728159173,440.760009765625
553.62961871715265,438.89999389648438
553.83911474365016,433.6400146484375
554.04860535830312,432.98001098632813
554.25809055833076,432.3900146484375
554.467570340953,433.64999389648438
554.67704470338924,421.760009765625
554.88651364285988,431.3699951171875
555.095977156585,425.57998657226563
555.30543524178483,418.97000122070313
555.51488789568077,423.32998657226563
555.72433511549343,419.3900146484375
555.93377689844385,417.17999267578125
556.14321324175364,417.29000854492188
556.35264414264441,411.739990234375
556.562069598338,409.44000244140625
556.77148960605666,412.27999877929688
556.98090416302284,406.54998779296875
557.19031326645893,404.67001342773438
557.39971691358755,402.98001098632813
557.60911510163237,402.92001342773438
557.81850782781623,395.45001220703125
558.0278950893628,401.14999389648438
558.237276883496,402.22000122070313
558.44665320743945,392.94000244140625
558.65602405841787,397.8699951171875
558.86538943365542,391.8699951171875
559.07474933037679,391.95001220703125
559.2841037458071,390.69000244140625
559.49345267717149,391.14999389648438
559.70279612169531,386.29998779296875
559.91213407660427,388.98001098632813
560.1214665391243,380.51998901367188
560.33079350648131,373.79998779296875
560.540114975902,387.72000122070313
560.74943094461287,385.80999755859375
560.95874140984074,375.8699951171875
561.16804636881238,378.239990234375
561.37734581875543,374.39999389648438
561.58663975689751,369.76998901367188
561.79592818046638,370.76998901367188
562.00521108668988,376.17001342773438
562.21448847279646,372.26998901367188
562.42376033601442,371.20999145507813
562.63302667357277,364.64999389648438
562.84228748270027,365.08999633789063
563.05154276062649,367.10000610351563
563.26079250458054,366.98001098632813
563.47003671179209,368.89999389648438
563.67927537949117,357.010009765625
563.88850850490837,366.489990234375
564.0977360852736,364.41000366210938
564.30695811781766,359.010009765625
564.51617459977138,358.41000366210938
564.72538552836625,359.20001220703125
564.9345909008332,353.83999633789063
565.14379071440419,348.64999389648438
565.352984966311,351.77999877929688
565.56217365378563,348.70999145507813
565.77135677406056,352.19000244140625
565.98053432436848,353.82998657226563
566.1897063019419,344.85000610351563
566.398872704014,343.80999755859375
566.60803352781829,343.85000610351563
566.81718877058825,338.17001342773438
567.02633842955765,344.07998657226563
567.2354825019604,344.60000610351563
567.44462098503129,343.26998901367188
567.65375387600409,339.760009765625
567.862881172114,338.89999389648438
568.07200287059641,337.85000610351563
568.281118968686,340.58999633789063
568.49022946361833,338.41000366210938
568.69933435262942,338.97000122070313
568.90843363295517,330.92001342773438
569.11752730183161,330.89999389648438
569.32661535649561,331.23001098632813
569.53569779418365,327.45999145507813
569.7447746121328,333.1300048828125
569.95384580758014,328.85000610351563
570.16291137776307,328.04998779296875
570.37197131991979,325.1400146484375
570.58102563128784,325.08999633789063
570.79007430910542,323.3699951171875
570.99911735061107,320.19000244140625
571.20815475304369,325.72000122070313
571.41718651364181,323.98001098632813
571.6262126296449,320.29998779296875
571.83523309829229,315.08999633789063
572.04424791682379,317.64999389648438
572.253257082479,322.39999389648438
572.46226059249864,320.6099853515625
572.67125844412271,308.760009765625
572.880250634592,317.29000854492188
573.08923716114759,311.489990234375
573.29821802103015,316.1199951171875
573.50719321148176,312.30999755859375
573.71616272974359,308.77999877929688
573.9251265730577,308.16000366210938
574.1340847386665,305.10000610351563
574.34303722381219,304.20001220703125
574.551984025737,305.27999877929688
574.76092514168465,303.3800048828125
574.96986056889784,300.82000732421875
575.17879030461984,303.27999877929688
575.38771434609487,306.17001342773438
575.59663269056637,308.95999145507813
575.80554533527857,301.42001342773438
576.01445227747593,296.83999633789063
576.22335351440313,299.1199951171875
576.43224904330509,295.95001220703125
576.64113886142718,299.98001098632813
576.85002296601431,296.85000610351563
577.0589013543123,295.08999633789063
577.26777402356754,295.17001342773438
577.47664097102563,291.22000122070313
577.6855021939333,290.20001220703125
577.89435768953717,294.08999633789063
578.10320745508409,287.41000366210938
578.31205148782112,294.20001220703125
578.520889784996,290.47000122070313
578.72972234385634,286.07998657226563
578.93854916165,282.42001342773438
579.147370235625,284.6099853515625
579.35618556303,281.54998779296875
579.56499514111385,285.54000854492188
579.773798967125,283.32000732421875
579.98259703831309,284.67001342773438
580.19138935192746,284.76998901367188
580.40017590521779,281.33999633789063
580.608956695434,278.510009765625
580.81773171982661,278.8599853515625
581.02650097564572,276.32000732421875
581.235264460142,283.07998657226563
581.44402217056711,273.42001342773438
581.65277410417139,276.17001342773438
581.861520258207,271.67001342773438
582.07026062992531,274.64999389648438
582.27899521657855,271.3599853515625
582.487724015419,272.26998901367188
582.696447023699,270.30999755859375
582.90516423867143,265.45999145507813
583.11387565758935,272.98001098632813
583.32258127770615,263.739990234375
583.531281096275,266.79998779296875
583.73997511055029,262.23001098632813
583.94866331778542,263.98001098632813
584.15734571523512,257.89999389648438
584.36602230015421,261.20001220703125
584.57469306979692,267.85000610351563
584.78335802141862,262.510009765625
584.99201715227468,266.07000732421875
585.20067045962082,259.55999755859375
585.40931794071275,259.95001220703125
585.61795959280664,256.3900146484375
585.82659541315888,256.5
586.0352253990261,254.52000427246094
586.24384954766515,255.75
586.45246785633344,249.94000244140625
586.66108032228806,258.35000610351563
586.86968694278721,251.05000305175781
587.078287715088,251.64999389648438
587.28688263644949,248.6199951171875
587.49547170412961,253.08000183105469
587.70405491538725,247.91000366210938
587.9126322674814,245.60000610351563
588.12120375767131,244.3699951171875
588.32976938321667,244.85000610351563
588.53832914137683,245.91999816894531
588.74688302941217,240.88999938964844
588.955431044583,243.30000305175781
589.16397318414954,238.61000061035156
589.372509445373,242.33999633789063
589.58103982551393,240.92999267578125
589.78956432183429,236.44000244140625
589.99808293159538,241.58999633789063
590.20659565205915,236.78999328613281
590.41510248048769,236.47999572753906
590.62360341414319,238.69000244140625
590.83209845028875,234.94000244140625
591.040587586187,228.89999389648438
591.24907081910112,233.25
591.45754814629436,228.8800048828125
591.66601956503109,231.52000427246094
591.87448507257477,223.53999328613281
592.08294466618963,229.24000549316406
592.29139834314014,226.22999572753906
592.49984610069146,225.66999816894531
592.70828793610849,222.83000183105469
592.91672384665617,225.52999877929688
593.12515382960032,223.82000732421875
593.33357788220667,218.83999633789063
593.54199600174172,222.96000671386719
593.75040818547131,216.66999816894531
593.95881443066241,223.25999450683594
594.16721473458165,221.16999816894531
594.37560909449644,218.33999633789063
594.5839975076741,218.55000305175781
594.79237997138227,220.22999572753906
595.000756482889,219.72000122070313
595.20912703946237,212.19000244140625
595.41749163837085,214.97000122070313
595.62585027688351,215.27999877929688
595.83420295226938,209.66000366210938
596.04254966179735,213.83000183105469
596.25089040273713,207.82000732421875
596.45922517235863,208.41999816894531
596.66755396793212,207.99000549316406
596.87587678672776,211.28999328613281
597.08419362601614,209.61000061035156
597.29250448306846,202.08000183105469
597.50080935515541,200.24000549316406
597.709108239549,206.33000183105469
597.91740113352057,206.75999450683594
598.125688034342,201.67999267578125
598.333968939286,204.28999328613281
598.54224384562474,202.8699951171875
598.75051275063117,200.07000732421875
598.95877565157821,198.17999267578125
599.16703254573918,198.91999816894531
599.375283430388,198.91999816894531
599.58352830279819,196.25999450683594
599.79176716024392,199.14999389648438
600,196.8800048828125
600.20822681934078,198.75999450683594
600.41644761554119,195.92999267578125
600.62466238587672,194.05999755859375
600.83287112762252,196.72999572753906
601.04107383805467,188.8800048828125
601.24927051444922,189.83999633789063
601.457461154082,188.66000366210938
601.66564575423024,186.08999633789063
601.87382431217054,189.21000671386719
602.08199682518011,188.16999816894531
602.290163290536,187.69000244140625
602.49832370551667,186.3699951171875
602.7064780673993,182.50999450683594
602.91462637346251,186.27000427246094
603.12276862098486,179.30000305175781
603.33090480724479,182.19000244140625
603.53903492952168,179.94000244140625
603.74715898509464,178.08999633789063
603.95527697124351,180.35000610351563
604.16338888524785,182.46000671386719
604.371494724388,178.92999267578125
604.57959448594443,179
604.787688167198,174.83000183105469
604.99577576542913,174.41999816894531
605.20385727791972,176.58000183105469
605.41193270195083,177.67999267578125
605.62000203480443,173.72000122070313
605.82806527376283,176.69999694824219
606.03612241610824,168.3699951171875
606.24417345912286,171.86000061035156
606.45221840009015,171.3800048828125
606.66025723629321,168.30999755859375
606.86828996501526,169.10000610351563
607.07631658354023,168.61000061035156
607.28433708915213,172.91000366210938
607.49235147913532,164.07000732421875
607.700359750774,163.55999755859375
607.90836190135371,165.50999450683594
608.116357928159,164.86000061035156
608.32434782847542,165.44000244140625
608.5323315995887,164.8800048828125
608.740309238785,162.58999633789063
608.94828074335021,160.11000061035156
609.156246110571,160.33000183105469
609.36420533773412,157.66999816894531
609.57215842212679,162.77999877929688
609.78010536103636,154.64999389648438
609.98804615175038,162.46000671386719
610.19598079155674,156.77000427246094
610.40390927774376,160.14999389648438
610.6118316076,159.58999633789063
610.8197477784139,157.47999572753906
611.02765778747482,157.97000122070313
611.235561632072,154.32000732421875
611.44345930949476,155.22999572753906
611.65135081703318,153.75
611.8592361519776,152.94000244140625
612.06711531161841,157.16000366210938
612.27498829324622,152.50999450683594
612.48285509415189,154.6300048828125
612.69071571162726,151.52999877929688
612.89857014296331,148.89999389648438
613.10641838545212,151.8699951171875
613.31426043638578,153.5
613.522096293057,151.03999328613281
613.72992595275809,150.85000610351563
613.93774941278218,153.02999877929688
614.1455666704228,147.24000549316406
614.353377722973,142.3699951171875
614.5611825677272,144.77000427246094
614.76898120197893,147.11000061035156
614.976773623023,140.02999877929688
615.184559828154,147.52999877929688
615.3923398146668,141.74000549316406
615.60011357985672,143.30000305175781
615.80788112101936,143.11000061035156
616.01564243545033,139.66999816894531
616.22339752044627,139.8800048828125
616.431146373303,141.02999877929688
616.63888899131757,141.89999389648438
616.84662537178656,135.13999938964844
617.05435551200765,140.36000061035156
617.26207940927816,138.80000305175781
617.469797060896,135.41999816894531
617.67750846415913,133.85000610351563
617.88521361636617,134.6300048828125
618.09291251481545,134.05999755859375
618.30060515680634,137.27999877929688
618.50829153963787,134.97000122070313
618.71597166060985,137.78999328613281
618.92364551702167,132.05000305175781
619.13131310617382,128.97000122070313
619.33897442536636,133.94999694824219
619.54662947190025,134.63999938964844
619.75427824307667,133.1300048828125
619.96192073619636,127.90000152587891
620.16955694856142,131.61000061035156
620.37718687747326,128.83999633789063
620.5848105202341,129.69999694824219
620.79242787414648,132.89999389648438
621.00003893651319,130.91999816894531
621.20764370463712,126.72000122070313
621.41524217582139,126.47000122070313
621.62283434736992,127.23999786376953
621.83042021658639,126.02999877929688
622.03799978077518,123.79000091552734
622.24557303724009,122.83000183105469
622.45313998328675,121.38999938964844
622.6607006162194,126.43000030517578
622.868254933344,125.73999786376953
623.07580293196577,121.80000305175781
623.28334460939072,121.05999755859375
623.49087996292508,122.98999786376953
623.69840898987525,120.51000213623047
623.90593168754788,119.80000305175781
624.11344805325052,120.5
624.32095808428994,117.87999725341797
624.52846177797414,120.97000122070313
624.73595913161114,116.01000213623047
624.943450142509,118.45999908447266
625.15093480797634,119.27999877929688
625.3584131253217,115.87999725341797
625.56588509185462,114.59999847412109
625.773350704884,113
625.98080996172,112.62000274658203
626.1882628596727,112.93000030517578
626.39570939605176,117.75
626.60314956816831,111.54000091552734
626.81058337333309,110.76000213623047
627.018010808857,112.55000305175781
627.22543187205179,111.38999938964844
627.43284656022911,111.72000122070313
627.64025487070126,114.69999694824219
627.84765680078021,111.72000122070313
628.05505234777866,108.65000152587891
628.26244150900993,107.87999725341797
628.46982428178671,108.95999908447266
628.677200663423,105.38999938964844
628.88457065123214,109.40000152587891
629.09193424252874,104.88999938964844
629.29929143462687,107.23999786376953
629.50664222484136,103.41999816894531
629.71398661048715,106.59999847412109
629.92132458887966,107.48999786376953
630.12865615733426,102.48000335693359
630.33598131316728,103.83000183105469
630.54330005369422,107.66000366210938
630.75061237623231,107.26999664306641
630.95791827809785,104.77999877929688
631.16521775660817,99.5999984741211
631.3725108090805,101.41999816894531
631.57979743283261,101.37999725341797
631.78707762518241,102.04000091552734
631.99435138344813,97.25
632.2016187049486,99.779998779296875
632.40887958700216,99.089996337890625
632.61613402692853,101.31999969482422
632.823382022047,98.330001831054688
633.03062356967735,99.739997863769531
633.23785866713945,98.260002136230469
633.44508731175381,97.1500015258789
633.6523095008414,97.6500015258789
633.8595252317225,94.19000244140625
634.06673450171888,95.610000610351563
634.27393730815209,97.209999084472656
634.48113364834376,92.9800033569336
634.68832351961646,94.760002136230469
634.89550691929185,95.370002746582031
635.10268384469384,99.160003662109375
635.30985429314444,95.44000244140625
635.51701826196756,92.760002136230469
635.7241757484868,91.839996337890625
635.93132675002607,89.389999389648438
636.13847126390976,92.510002136230469
636.34560928746214,91.449996948242188
636.55274081800849,95.919998168945313
636.75986585287376,86.410003662109375
636.96698438938347,89.0999984741211
637.17409642486325,88.699996948242188
637.38120195663942,89.25
637.58830098203839,84.05999755859375
637.7953934983866,89.5
638.00247950301116,88.050003051757813
638.20955899323951,84.360000610351563
638.416631966399,88.709999084472656
638.62369841981774,88.6500015258789
638.83075835082366,85.800003051757813
639.03781175674578,85.639999389648438
639.24485863491259,83.25
639.45189898265312,89.6500015258789
639.65893279729664,83.080001831054688
639.86596007617345,82.919998168945313
640.07298081661315,84.949996948242188
640.27999501594627,81.419998168945313
640.48700267150332,79.180000305175781
640.6940037806155,85.05999755859375
640.90099834061357,84.459999084472656
641.10798634882951,80.989997863769531
641.314967802595,79.459999084472656
641.52194269924235,82.260002136230469
641.72891103610414,83.860000610351563
641.93587281051271,77.860000610351563
642.14282801980164,81.44000244140625
642.34977666130408,81.660003662109375
642.55671873235349,78.699996948242188
642.76365423028449,77.989997863769531
642.97058315243089,78.6500015258789
643.17750549612754,74.459999084472656
643.38442125870938,79.839996337890625
643.59133043751149,78.510002136230469
643.79823302986961,74.239997863769531
644.00512903311949,76.819999694824219
644.21201844459733,76.290000915527344
644.41890126163935,77.290000915527344
644.62577748158276,74.05999755859375
644.83264710176456,80.80999755859375
645.03951011952211,79.5999984741211
645.24636653219284,76.959999084472656
645.453216337115,74.470001220703125
645.660059531627,72.430000305175781
645.86689611306747,74.75
646.073726078775,73.2300033569336
646.28054942608924,71.930000305175781
646.48736615234964,74.180000305175781
646.69417625489609,71.430000305175781
646.90097973106856,70.19000244140625
647.107776578208,70.419998168945313
647.314566793655,74
647.52135037475057,71.680000305175781
647.72812731883607,68.8499984741211
647.93489762325351,69.4800033569336
648.14166128534475,64.169998168945313
648.34841830245227,70.089996337890625
648.55516867191864,68.930000305175781
648.76191239108675,71.610000610351563
648.96864945730033,69.120002746582031
649.17537986790251,67.339996337890625
649.38210362023767,65.239997863769531
649.58882071164965,67.9800033569336
649.79553113948316,70.779998779296875
650.00223490108294,65.010002136230469
650.20893199379429,69.449996948242188
650.41562241496285,66.7300033569336
650.62230616193426,64.120002746582031
650.8289832320545,66.069999694824219
651.03565362267022,65.180000305175781
651.24231733112811,69.75
651.448974354775,67.55999755859375
651.65562469095869,64.580001831054688
651.86226833702676,62.110000610351563
652.06890529032694,63.400001525878906
652.27553554820759,66.919998168945313
652.48215910801753,62.419998168945313
652.68877596710581,63.610000610351563
652.89538612282138,60.869998931884766
653.10198957251373,65.44000244140625
653.3085863135334,62.950000762939453
653.51517634322977,63.060001373291016
653.72175965895394,63.810001373291016
653.92833625805667,63.970001220703125
654.134906137889,61.950000762939453
654.3414692958022,59.669998168945313
654.54802572914843,62.020000457763672
654.75457543528,62.569999694824219
654.96111841154834,60.189998626708984
655.16765465530739,61.270000457763672
655.3741841639096,58.610000610351563
655.58070693470813,59.939998626708984
655.78722296505714,65.0999984741211
655.99373225231056,56.900001525878906
656.20023479382246,59.270000457763672
656.40673058694779,61.270000457763672
656.61321962904128,55.639999389648438
656.81970191745825,59.659999847412109
657.02617744955455,56.080001831054688
657.23264622268562,57.189998626708984
657.43910823420811,58.720001220703125
657.64556348147858,55.799999237060547
657.8520119618538,54.580001831054688
658.058453672691,60.349998474121094
658.26488861134737,57.650001525878906
658.47131677518121,55.7400016784668
658.67773816155068,55.380001068115234
658.88415276781393,55.799999237060547
659.09056059133,54.779998779296875
659.29696162945788,56.770000457763672
659.50335587955715,55.970001220703125
659.70974333898744,54.270000457763672
659.91612400510883,54.020000457763672
660.12249787528185,54.819999694824219
660.32886494686716,54.540000915527344
660.53522521722573,55.869998931884766
660.741578683719,47.080001831054688
660.94792534370856,55.279998779296875
661.15426519455661,50.150001525878906
661.36059823362541,50.680000305175781
661.56692445827741,53.4900016784668
661.773243865876,53.130001068115234
661.97955645378408,49.840000152587891
662.18586221936573,53.479999542236328
662.39216115998443,47.799999237060547
662.59845327300468,52.409999847412109
662.804738555791,49.7400016784668
663.01101700570837,47.970001220703125
663.217288620122,49.419998168945313
663.42355339639732,49.849998474121094
663.62981133190056,45.2599983215332
663.83606242399776,48.040000915527344
664.04230667005515,51.200000762939453
664.24854406744009,48.520000457763672
664.45477461351948,52.139999389648438
664.660998305661,49.400001525878906
664.86721514123212,51.330001831054688
665.07342511760157,47.580001831054688
665.27962823213738,47.950000762939453
665.48582448220861,52.669998168945313
665.69201386518432,47.200000762939453
665.89819637843391,49.439998626708984
666.104372019327,45.520000457763672
666.31054078523414,45.619998931884766
666.51670267352563,50.580001831054688
666.722857681572,45.909999847412109
666.9290058067445,48.7599983215332
667.13514704641466,45.180000305175781
667.34128139795428,45.400001525878906
667.54740885873525,43.310001373291016
667.7535294261296,42.020000457763672
667.959643097511,49.720001220703125
668.16574987025183,46.139999389648438
668.37184974172533,46.75
668.57794270930606,44.479999542236328
668.78402877036706,41.029998779296875
668.99010792228341,45.159999847412109
669.19618016242953,43.029998779296875
669.40224548818026,43.779998779296875
669.60830389691148,46.319999694824219
669.81435538599851,42.720001220703125
670.02039995281746,47.409999847412109
670.22643759474465,42.290000915527344
670.43246830915655,42.389999389648438
670.63849209343039,44.599998474121094
670.84450894494364,42.189998626708984
671.05051886107378,41.580001831054688
671.25652183919885,44.799999237060547
671.462517876697,41.979999542236328
671.66850697094719,41.279998779296875
671.87448911932813,42.680000305175781
672.08046431921935,41.830001831054688
672.28643256800024,39.279998779296875
672.49239386305123,41.900001525878906
672.698348201752,40.720001220703125
672.90429558148389,39.130001068115234
673.11023599962732,39.430000305175781
673.3161694535637,37.959999084472656
673.522095940675,40.069999694824219
673.72801545834272,40.770000457763672
673.93392800394952,34.889999389648438
674.13983357487791,38.880001068115234
674.34573216851072,39.849998474121094
674.55162378223133,41.869998931884766
674.75750841342347,39.880001068115234
674.96338605947142,34.430000305175781
675.16925671775869,41.130001068115234
675.37512038567024,40.630001068115234
675.58097706059141,35.619998931884766
675.786826739907,35.979999542236328
675.992669421003,36.7599983215332
676.19850510126514,40.860000610351563
676.40433377807972,32.849998474121094
676.61015544883355,39.119998931884766
676.81597011091355,37.409999847412109
677.021777761707,37.599998474121094
677.22757839860151,37.630001068115234
677.433372018985,35.4900016784668
677.63915862024589,37.900001525878906
677.84493819977274,39.419998168945313
678.05071075495459,37.709999084472656
678.256476283181,36.950000762939453
678.462234781841,37.310001373291016
678.667986248325,38.279998779296875
678.87373068002341,32.9900016784668
679.07946807432643,36.180000305175781
679.28519842862579,33.369998931884766
679.490921740312,36.409999847412109
679.69663800677722,34.590000152587891
679.90234722541368,34.459999084472656
680.1080493936131,33.580001831054688
680.31374450876876,37.7599983215332
680.519432568273,33.229999542236328
680.72511356951986,35.229999542236328
680.93078750990264,34.959999084472656
681.13645438681544,33.659999847412109
681.34211419765279,32.889999389648438
681.54776693980943,35.029998779296875
681.7534126106799,30.930000305175781
681.95905120766008,36.5
682.16468272814564,31.430000305175781
682.37030716953257,32.040000915527344
682.575924529217,32.25
682.78153480459628,30.110000610351563
682.98713799306688,34.360000610351563
683.19273409202674,32.459999084472656
683.39832309887311,30.280000686645508
683.60390501100471,30.180000305175781
683.80947982581938,31.899999618530273
684.01504754071607,31.190000534057617
684.22060815309408,33.830001831054688
684.42616166035293,30.889999389648438
684.631708059892,34
684.83724734911175,30.3700008392334
685.04277952541293,33.220001220703125
685.24830458619567,30.3700008392334
685.45382252886168,29.8700008392334
685.65933335081252,32.619998931884766
685.86483704944953,31.950000762939453
686.07033362217521,29.899999618530273
686.27582306639215,28
686.48130537950328,26.069999694824219
686.68678055891166,31.479999542236328
686.89224860202091,27.409999847412109
687.09770950623476,28.819999694824219
687.30316326895763,29.829999923706055
687.50860988759416,29.469999313354492
687.71404935954945,26.979999542236328
687.91948168222837,32.159999847412109
688.12490685303669,25.729999542236328
688.33032486938043,27.399999618530273
688.53573572866594,28.479999542236328
688.74113942829979,28.329999923706055
688.946535965689,25.709999084472656
689.151925338241,27.190000534057617
689.35730754336328,28.3700008392334
689.56268257846386,28.6299991607666
689.76805044095147,25.549999237060547
689.97341112823426,29.860000610351563
690.17876463772188,28.850000381469727
690.3841109668233,26.950000762939453
690.58945011294873,28.719999313354492
690.7947820735078,29.729999542236328
691.0001068459112,28.239999771118164
691.20542442756948,25.950000762939453
691.41073481589433,25.090000152587891
691.61603800829664,25.610000610351563
691.82133400218856,28.350000381469727
692.02662279498236,28.399999618530273
692.23190438409006,22.8799991607666
692.43717876692506,24.3799991607666
692.6424459409003,24.590000152587891
692.84770590342941,26.8799991607666
693.05295865192647,26.420000076293945
693.25820418380533,23.6200008392334
693.46344249648109,28.139999389648438
693.6686735873684,25.049999237060547
693.87389745388259,26.079999923706055
694.07911409343944,28.319999694824219
694.284323503455,24.489999771118164
694.4895256813453,23.6299991607666
694.69472062452724,26.3799991607666
694.89990833041793,24.1200008392334
695.10508879643442,24.959999084472656
695.31026201999487,24.909999847412109
695.51542799851745,27.3700008392334
695.72058672942035,23.5
695.92573821012218,22.989999771118164
696.13088243804225,23.969999313354492
696.33601941060022,25.020000457763672
696.54114912521584,25.190000534057617
696.74627157930922,21.829999923706055
696.95138677030093,22.3799991607666
697.15649469561185,22.319999694824219
697.36159535266336,26.989999771118164
697.56668873887691,23.709999084472656
697.77177485167431,22.090000152587891
697.9768536884784,25.510000228881836
698.1819252467111,21.489999771118164
698.38698952379616,23.860000610351563
698.59204651715618,22.940000534057617
698.79709622421535,22.020000457763672
699.00213864239765,22.340000152587891
699.20717376912751,19.549999237060547
699.41220160182934,23.579999923706055
699.61722213792882,22.309999465942383
699.82223537485106,22.920000076293945
700.027241310022,22.739999771118164
700.23223994086766,22.579999923706055
700.43723126481461,22.469999313354492
700.64221527928987,18.209999084472656
700.84719198172058,20.090000152587891
701.05216136953425,20.850000381469727
701.25712344015881,20.909999847412109
701.4620781910229,23.6299991607666
701.66702561955458,20.260000228881836
701.87196572318328,23.690000534057617
702.07689849933831,22
702.28182394544933,24.639999389648438
702.48674205894633,21.719999313354492
702.69165283725954,18.100000381469727
702.89655627782042,22.780000686645508
703.10145237805932,19.559999465942383
703.30634113540827,23.059999465942383
703.51122254729853,20.459999084472656
703.71609661116293,25.319999694824219
703.92096332443384,23.239999771118164
704.12582268454389,20.739999771118164
704.33067468892648,23.860000610351563
704.53551933501547,16.639999389648438
704.74035662024448,22.079999923706055
704.94518654204808,21.420000076293945
705.15000909786079,17.809999465942383
705.35482428511773,24.579999923706055
705.55963210125435,18.530000686645508
705.76443254370622,18.329999923706055
705.96922560990981,21.010000228881836
706.17401129730138,19.440000534057617
706.37878960331773,18.780000686645508
706.583560525396,20.809999465942383
706.78832406097388,19.559999465942383
706.99308020748924,20.479999542236328
707.19782896238019,19.809999465942383
707.4025703230858,17.469999313354492
707.60730428704437,18.850000381469727
707.81203085169579,19.180000305175781
708.01675001447961,21.180000305175781
708.22146177283571,18.409999847412109
708.426166124205,19.1200008392334
708.6308630660277,16.389999389648438
708.835552595745,20.760000228881836
709.0402347107987,16.3700008392334
709.24490940863041,20.110000610351563
709.44957668668246,20.049999237060547
709.65423654239748,19.829999923706055
709.85888897321843,16.909999847412109
710.06353397658825,19
710.26817154995092,16.1299991607666
710.47280169075043,17.850000381469727
710.67742439643109,15.850000381469727
710.88203966443757,19.549999237060547
711.08664749221532,21.649999618530273
711.29124787720934,16.579999923706055
711.49584081686578,18.1299991607666
711.70042630863077,16.069999694824219
711.90500434995056,18.309999465942383
712.10957493827266,19.010000228881836
712.31413807104366,14.619999885559082
712.51869374571174,17.680000305175781
712.72324195972442,17.149999618530273
712.92778271053055,13.970000267028809
713.13231599557832,17.469999313354492
713.33684181231729,18.090000152587891
713.54136015819677,18.540000915527344
713.74587103066642,17.569999694824219
713.9503744271766,17.3799991607666
714.15487034517764,16.409999847412109
714.35935878212069,17.350000381469727
714.5638397354569,14.979999542236328
714.768313202638,20.979999542236328
714.97277918111558,15.289999961853027
715.1772376683424,17.989999771118164
715.38168866177114,16.840000152587891
715.58613215885487,15.850000381469727
715.79056815704689,17.860000610351563
715.99499665380119,14.680000305175781
716.1994176465721,17.059999465942383
716.40383113281382,18.340000152587891
716.60823710998113,18.930000305175781
716.81263557553007,17.389999389648438
717.01702652691529,18.1299991607666
717.22140996159374,16.149999618530273
717.4257858770211,15.680000305175781
717.63015427065443,17.940000534057617
717.83451513995089,15.8100004196167
718.03886848236777,14.380000114440918
718.243214295363,19.270000457763672
718.44755257639508,13.3100004196167
718.651883322922,16.5
718.85620653240278,17.459999084472656
719.06052220229742,16.309999465942383
719.2648303300648,16.840000152587891
719.46913091316537,19.049999237060547
719.67342394905972,18.100000381469727
719.87770943520809,15.449999809265137
720.081987369072,14.630000114440918
720.28625774811292,13
720.49052056979258,13.199999809265137
720.69477583157368,15.890000343322754
720.89902353091816,13.109999656677246
721.10326366528966,15.529999732971191
721.30749623215127,13.510000228881836
721.51172122896639,17.389999389648438
721.7159386531996,14.6899995803833
721.92014850231544,14.319999694824219
722.12435077377813,16.360000610351563
722.32854546505359,14.680000305175781
722.532732573607,12.4399995803833
722.73691209690446,12.659999847412109
722.941084032412,17.159999847412109
723.14524837759654,15.779999732971191
723.34940512992534,13.729999542236328
723.55355428686539,15.770000457763672
723.75769584588511,13.329999923706055
723.9618298044519,16.010000228881836
724.16595616003485,14.149999618530273
724.37007491010274,11.9399995803833
724.57418605212456,15.880000114440918
724.77828958357054,15.659999847412109
724.98238550191013,12.569999694824219
725.18647380461414,15.350000381469727
725.39055448915349,14.770000457763672
725.59462755299865,14.260000228881836
725.79869299362167,13.619999885559082
726.00275080849451,15.039999961853027
726.206800995089,15.520000457763672
726.41084355087821,11.289999961853027
726.6148784733349,9.0399999618530273
726.81890575993225,14.039999961853027
727.02292540814449,15.100000381469727
727.2269374154456,12.390000343322754
727.43094177930993,14.979999542236328
727.63493849721237,14.819999694824219
727.83892756662806,12.630000114440918
728.04290898503325,15.180000305175781
728.24688274990319,10.109999656677246
728.45084885871461,12.140000343322754
728.65480730894421,14.409999847412109
728.85875809806942,13.149999618530273
729.06270122356682,15.800000190734863
729.26663668291542,12.3100004196167
729.4705644735925,13.909999847412109
729.6744845930773,12.630000114440918
729.87839703884879,14.630000114440918
730.08230180838609,10.340000152587891
730.286198899169,11.069999694824219
730.49008830867774,13.8100004196167
730.69397003439269,9.2799997329711914
730.897844073795,15.069999694824219
731.10171042436559,12.670000076293945
731.30556908358608,11.079999923706055
731.50942004893886,14.430000305175781
731.713263317906,13.239999771118164
731.91709888797038,12.159999847412109
732.120926756615,12.869999885559082
732.32474692132348,11.350000381469727
732.52855937957975,10.699999809265137
732.73236412886808,9.4899997711181641
732.936161166673,10.899999618530273
733.13995049047981,9.5200004577636719
733.34373209777334,12.949999809265137
733.54750598603994,13.470000267028809
733.75127215276564,11.489999771118164
733.95503059543682,10.449999809265137
734.15878131154045,13.779999732971191
734.36252429856393,10.079999923706055
734.56625955399488,10.229999542236328
734.7699870753213,11.829999923706055
734.97370686003171,12.800000190734863
735.17741890561467,12.869999885559082
735.38112320955975,12.909999847412109
735.58481976935639,9.7799997329711914
735.7885085824945,10.579999923706055
735.99218964646423,14.149999618530273
736.19586295875661,7.6599998474121094
736.39952851686269,12.100000381469727
736.60318631827374,11.850000381469727
736.8068363604815,9.1000003814697266
737.01047864097893,13.340000152587891
737.21411315725754,9.1099996566772461
737.41773990681122,15.170000076293945
737.62135888713317,8.84000015258789
737.824970095717,7.78000020980835
738.02857353005663,9.40999984741211
