459.485050406383,18.5
459.69668394865238,21.5
459.90831334242165,6.4000000953674316
460.11993858482555,7.3000001907348633
460.33155967299865,3.0999999046325684
460.54317660407577,9.6000003814697266
460.75478937519233,13.300000190734863
460.96639798348309,13.399999618530273
461.17800242608405,4.8000001907348633
461.38960270013,6.1999998092651367
461.60119880275727,14
461.81279073110096,9.6000003814697266
462.02437848229732,7.8000001907348633
462.23596205348275,9.3999996185302734
462.44754144179319,8.8000001907348633
462.659116644365,13.399999618530273
462.87068765833476,3.5
463.08225448083942,1.3999999761581421
463.29381710901544,12.699999809265137
463.50537554000005,10.199999809265137
463.71692977093039,6.6999998092651367
463.92847979894367,17.100000381469727
464.14002562117736,6.9000000953674316
464.35156723476905,0.5
464.56310463685628,23.899999618530273
464.77463782457744,10.100000381469727
464.9861667950704,4.3000001907348633
465.19769154547294,14.399999618530273
465.40921207292382,14.300000190734863
465.62072837456174,9.1999998092651367
465.83224044752478,20.299999237060547
466.0437482889522,8.8999996185302734
466.2552518959825,5.5
466.46675126575519,24
466.67824639540947,15.800000190734863
466.889737282085,15.5
467.10122392292072,20.700000762939453
467.31270631505674,12.800000190734863
467.52418445563291,20.799999237060547
467.7356583417893,17.700000762939453
467.94712797066614,16.399999618530273
468.15859333940358,7.8000001907348633
468.37005444514193,22.700000762939453
468.5815112850226,23.899999618530273
468.79296385618557,8.6000003814697266
469.00441215577223,20.100000381469727
469.21585618092365,15.199999809265137
469.427295928781,13.699999809265137
469.63873139648564,19.200000762939453
469.85016258117929,15.899999618530273
470.06158948000348,15.800000190734863
470.27301209010056,32.599998474121094
470.48443040861218,14.600000381469727
470.6958444326807,10.5
470.9072541594482,19.5
471.11865958605762,26.799999237060547
471.33006070965121,28.600000381469727
471.54145752737224,18.299999237060547
471.75285003636344,20.799999237060547
471.96423823376784,27.299999237060547
472.17562211672896,32.700000762939453
472.38700168239041,20.299999237060547
472.5983769278954,32.900001525878906
472.80974785038774,27.5
473.02111444701166,40
473.23247671491117,29.600000381469727
473.44383465123042,36.599998474121094
473.65518825311392,24.299999237060547
473.86653751770609,28
474.07788244215192,35.599998474121094
474.28922302359604,31.700000762939453
474.50055925918372,42.299999237060547
474.71189114605983,45.299999237060547
474.92321868137014,30.100000381469727
475.13454186225994,43.900001525878906
475.345860685875,48.900001525878906
475.55717514936111,45.099998474121094
475.76848524986434,52.599998474121094
475.97979098453095,57
476.19109235050712,58.299999237060547
476.40238934493948,45.5
476.61368196497449,56
476.82497020775912,48.700000762939453
477.03625407044041,61.299999237060547
477.24753355016543,62
477.45880864408156,69.5
477.67007934933588,67.5
477.8813456630769,68.5999984741211
478.09260758245136,77.0999984741211
478.30386510460806,68.5999984741211
478.51511822669448,79.5
478.72636694585935,76.199996948242188
478.93761125925084,88.0999984741211
479.14885116401797,95.4000015258789
479.3600866573093,92.300003051757813
479.57131773627356,94.199996948242188
479.78254439806005,108.69999694824219
479.993766639818,96.300003051757813
480.20498445869697,111.5
480.41619785184639,110.69999694824219
480.62740681641628,124.5
480.83861134955612,133.30000305175781
481.04981144841668,137.69999694824219
481.26100711014755,122.5
481.47219833189945,142.5
481.68338511082322,132.10000610351563
481.89456744406925,152.30000305175781
482.1057453287886,167.10000610351563
482.31691876213239,153.39999389648438
482.52808774125191,178.19999694824219
482.73925226329879,184.60000610351563
482.95041232542394,210.39999389648438
483.16156792477994,189.69999694824219
483.37271905851838,198.39999389648438
483.5838657237914,214.69999694824219
483.79500791775109,216
484.00614563755016,242.30000305175781
484.217278880341,240.5
484.42840764327667,257.89999389648438
484.63953192350994,268.29998779296875
484.85065171819389,269.39999389648438
485.06176702448187,285.29998779296875
485.27287783952733,302
485.48398416048394,326.29998779296875
485.69508598450534,345
485.90618330874582,337.29998779296875
486.11727613035913,354.39999389648438
486.32836444649979,378.39999389648438
486.53944825432228,385.29998779296875
486.7505275509813,412.10000610351563
486.9616023336315,436.20001220703125
487.172672599428,452.89999389648438
487.38373834552596,463.70001220703125
487.59479956908069,493.10000610351563
487.80585626724775,512.5999755859375
488.01690843718274,527.4000244140625
488.22795607604149,542.0999755859375
488.43899918097992,563.9000244140625
488.65003774915488,619.70001220703125
488.8610717777218,615.20001220703125
489.07210126383791,659.5999755859375
489.28312620465948,691.9000244140625
489.49414659734367,720.5999755859375
489.70516243904751,745.20001220703125
489.91617372692849,789.4000244140625
490.12718045814347,805.9000244140625
490.33818262985034,847.5
490.54918023920686,895.0999755859375
490.7601732833711,918.79998779296875
490.97116175950089,980.5
491.18214566475473,1053
491.39312499629074,1072.199951171875
491.60409975126794,1073.800048828125
491.81506992684513,1155.699951171875
492.02603552018132,1192.4000244140625
492.23699652843533,1266.9000244140625
492.44795294876673,1279
492.65890477833494,1348.5999755859375
492.86985201429974,1421.0999755859375
493.0807946538211,1497.699951171875
493.29173269405891,1530.0999755859375
493.50266613217343,1602.300048828125
493.71359496532506,1683.300048828125
493.9245191906744,1733.4000244140625
494.135438805382,1802.300048828125
494.34635380660933,1913.800048828125
494.55726419151711,1955.9000244140625
494.76816995726648,2086.699951171875
494.97907110101937,2130.60009765625
495.18996761993691,2235.800048828125
495.40085951118141,2344.10009765625
495.61174677191457,2417.60009765625
495.82262939929865,2516.10009765625
496.03350739049608,2619.300048828125
496.24438074266942,2730.39990234375
496.455249452981,2850.10009765625
496.66611351859439,2982.39990234375
496.87697293667219,3058.800048828125
497.08782770437779,3202.60009765625
497.29867781887464,3332
497.50952327732654,3455.60009765625
497.720364076897,3597.300048828125
497.93120021475016,3763.10009765625
498.14203168805011,3886.39990234375
498.35285849396138,4019
498.56368062964822,4181.60009765625
498.77449809227556,4359.60009765625
498.98531087900841,4459.2998046875
499.19611898701163,4669.7998046875
499.40692241345027,4799.10009765625
499.61772115549053,4981.39990234375
499.82851521029716,5156.39990234375
500.03930457503662,5274.2001953125
500.25008924687421,5478.60009765625
500.46086922297695,5601.60009765625
500.67164450051069,5926.2001953125
500.88241507664208,6013.7001953125
501.09318094853768,6274.2998046875
501.30394211336471,6448.2998046875
501.51469856829004,6575.7001953125
501.72545031048105,6855.7998046875
501.93619733710506,7022.60009765625
502.14693964533006,7209.2001953125
502.35767723232351,7551.89990234375
502.5684100952538,7634.39990234375
502.77913823128887,7882.7001953125
502.989861637597,7982
503.2005803113471,8372.5
503.41129424970768,8559.599609375
503.62200344984791,8741.099609375
503.83270790893647,8917.7998046875
504.0434076241433,9314
504.25410259263765,9370.7001953125
504.464792811589,9726.900390625
504.67547827816765,9907.400390625
504.88615898954316,10199.7998046875
505.0968349428864,10358.599609375
505.30750613536736,10633.7001953125
505.51817256415688,10756.099609375
505.72883422642565,10946
505.93949111934472,11296.099609375
506.15014324008541,11374.2998046875
506.36079058581885,11570.400390625
506.5714331537169,11741
506.78207094095114,12121.7001953125
506.99270394469386,12142
507.20333216211668,12330
507.41395559039228,12481.5
507.62457422669331,12539.7998046875
507.835188068192,12714
508.04579711206168,12877.7998046875
508.25640135547525,13095.2001953125
508.46700079560605,12978.7001953125
508.67759542962762,12972.2998046875
508.88818525471356,13222.900390625
509.09877026803775,13240.599609375
509.30935046677416,13279.599609375
509.51992584809739,13290.2998046875
509.73049640918146,13405.400390625
509.94106214720097,13332
510.151623059331,13303
510.36217914274636,13392.7001953125
510.57273039462245,13149
510.78327681213472,13331
510.99381839245859,13189.900390625
511.20435513276982,13053.900390625
511.4148870302443,13137.599609375
511.62541408205846,13120.2001953125
511.83593628538881,12870.7001953125
512.04645363741122,12905.099609375
512.25696613530306,12879.400390625
512.467473776241,12684.400390625
512.6779765574023,12610.2998046875
512.88847447596436,12645.599609375
513.09896752910447,12343.2001953125
513.30945571400036,12318.5
513.51993902783045,12116.900390625
513.7304174677721,12133.099609375
513.94089103100418,11891.400390625
514.151359714705,11814.7001953125
514.36182351605316,11704.2998046875
514.572282432228,11601.900390625
514.78273646040816,11436
514.99318559777282,11380.7998046875
515.20362984150211,11297.900390625
515.4140691887751,11124.2998046875
515.62450363677181,10928.2998046875
515.83493318267244,10778.7001953125
516.04535782365735,10782.400390625
516.255777556907,10515.099609375
516.46619237960181,10494.5
516.6766022889226,10234.2998046875
516.88700728205106,10244.099609375
517.09740735616776,9992.5
517.30780250845453,9857.5
517.51819273609283,9739.7998046875
517.72857803626471,9593.900390625
517.93895840615221,9526.099609375
518.14933384293749,9393.900390625
518.35970434380317,9382.5
518.57006990593186,9179.2998046875
518.78043052650617,9079
518.99078620270939,8897.2001953125
519.2011369317247,8858.599609375
519.41148271073587,8721.900390625
519.62182353692617,8601.7001953125
519.83215940747948,8503.7998046875
520.04249031958,8269
520.25281627041193,8431
520.46313725716,8170
520.67345327700855,8145.7001953125
520.88376432714267,8017.89990234375
521.0940704047473,7888.7001953125
521.30437150700777,7806.2998046875
521.51466763110943,7747.7001953125
521.7249587742383,7649.89990234375
521.93524493357961,7665.89990234375
522.14552610632018,7498.7998046875
522.35580228964591,7450.10009765625
522.56607348074328,7354.89990234375
522.77633967679913,7321.7998046875
522.98660087500048,7291.60009765625
523.19685707253393,7145.89990234375
523.40710826658722,7126.39990234375
523.61735445434772,6998.10009765625
523.82759563300317,6985.7001953125
524.03783179974153,6928.7998046875
524.248062951751,6745
524.45828908621968,6782.89990234375
524.6685102003363,6613.2998046875
524.87872629128947,6646.39990234375
525.08893735626839,6526
525.29914339246159,6455.2998046875
525.50934439705918,6443
525.71954036725026,6434.39990234375
525.92973130022506,6359.2001953125
526.13991719317278,6218.60009765625
526.35009804328433,6282.89990234375
526.56027384774984,6161.10009765625
526.77044460375964,6120.2001953125
526.98061030850511,6100.60009765625
527.19077095917692,6014.7001953125
527.4009265529661,6003.2001953125
527.61107708706436,5901.89990234375
527.82122255866341,5904.2998046875
528.03136296495472,5880.7001953125
528.2414983031307,5819.89990234375
528.45162857038349,5767.2001953125
528.66175376390561,5718
528.87187388088955,5719.7998046875
529.08198891852828,5610.89990234375
529.29209887401521,5681.5
529.50220374454329,5582.60009765625
529.71230352730629,5570.5
529.9223982194975,5507.10009765625
530.13248781831112,5503.60009765625
530.34257232094137,5408.2998046875
530.55265172458269,5344
530.7627260264295,5285.7998046875
530.97279522367671,5269.60009765625
531.182859313519,5212.39990234375
531.39291829315175,5168.7998046875
531.60297215977016,5143.39990234375
531.81302091057034,5013.5
532.02306454274787,5095.60009765625
532.23310305349867,5040
532.4431364400192,4961.60009765625
532.65316469950574,4925.7001953125
532.86318782915509,4922.5
533.07320582616433,4848.5
533.28321868773025,4864.39990234375
533.49322641105016,4825.10009765625
533.70322899332211,4762.7998046875
533.91322643174317,4740.7001953125
534.12321872351174,4739.5
534.33320586582568,4647.2998046875
534.54318785588362,4651.10009765625
534.75316469088432,4620.60009765625
534.96313636802631,4608.5
535.17310288450858,4546.7998046875
535.38306423753056,4545.10009765625
535.59302042429169,4499.89990234375
535.80297144199153,4467.60009765625
536.01291728783031,4496.39990234375
536.22285795900768,4343
536.43279345272435,4460.89990234375
536.64272376618044,4346.89990234375
536.85264889657708,4381
537.06256884111519,4304.7001953125
537.27248359699593,4251.7001953125
537.48239316142053,4305.7001953125
537.69229753159084,4274.7998046875
537.90219670470856,4223.5
538.112090677976,4145.7001953125
538.32197944859479,4129.89990234375
538.53186301376832,4111.2998046875
538.74174137069849,4057.800048828125
538.95161451658885,4112.5
539.16148244864223,4064.5
539.371345164062,4001.39990234375
539.58120266005187,3973.300048828125
539.79105493381553,3999.300048828125
540.0009019825568,3985.199951171875
540.21074380348034,3983.699951171875
540.42058039379049,3861.699951171875
540.63041175069179,3905.699951171875
540.84023787138926,3822.199951171875
541.0500587530878,3871.699951171875
541.25987439299308,3789.699951171875
541.46968478831047,3771.5
541.67948993624577,3734.39990234375
541.88928983400479,3767.699951171875
542.09908447879411,3707.39990234375
542.30887386782,3713.89990234375
542.5186579982892,3648.300048828125
542.7284368674085,3728.5
542.938210472385,3671.800048828125
543.1479788104258,3598.39990234375
543.35774187873892,3594.300048828125
543.567499674532,3563.5
543.77725219501235,3570.699951171875
543.98699943738939,3526.199951171875
544.19674139887059,3510.300048828125
544.40647807666539,3471.5
544.61620946798166,3489.199951171875
544.82593557002951,3398.60009765625
545.0356563800176,3454.89990234375
545.24537189515593,3361.60009765625
545.45508211265383,3444.800048828125
545.66478702972154,3338
545.87448664356964,3361.699951171875
546.0841809514078,3344.39990234375
546.29386995044717,3282.800048828125
546.50355363789879,3278.5
546.71323201097334,3256.5
546.92290506688266,3301.5
547.1325728028379,3221.10009765625
547.342235216051,3205.10009765625
547.55189230373423,3153.60009765625
547.76154406309934,3176.699951171875
547.97119049135927,3142.300048828125
548.18083158572654,3109.5
548.39046734341412,3123.699951171875
548.600097761635,3161.800048828125
548.80972283760252,3096.300048828125
549.01934256853087,3070.10009765625
549.22895695163311,3043.39990234375
549.43856598412367,3054.199951171875
549.64816966321678,3031.300048828125
549.85776798612721,3025.199951171875
550.06736095006931,3010
550.27694855225832,2977.39990234375
550.48653078990935,2937.60009765625
550.69610766023777,2959.89990234375
550.90567916045939,2927.699951171875
551.11524528778989,2900.300048828125
551.32480603944543,2910.699951171875
551.53436141264262,2936.39990234375
551.74391140459784,2822.10009765625
551.95345601252757,2866.699951171875
552.16299523364955,2829
552.3725290651804,2749.60009765625
552.58205750433774,2773
552.79158054833965,2773.800048828125
553.00109819440377,2756.10009765625
553.21061043974828,2723.5
553.42011728159173,2708.5
553.62961871715265,2745.199951171875
553.83911474365016,2708.39990234375
554.04860535830312,2708.89990234375
554.25809055833076,2718.60009765625
554.467570340953,2641.300048828125
554.67704470338924,2664.5
554.88651364285988,2658.800048828125
555.095977156585,2615.10009765625
555.30543524178483,2636.60009765625
555.51488789568077,2627.5
555.72433511549343,2665.10009765625
555.93377689844385,2616.300048828125
556.14321324175364,2583.10009765625
556.35264414264441,2589.89990234375
556.562069598338,2574.60009765625
556.77148960605666,2575
556.98090416302284,2562.39990234375
557.19031326645893,2516.10009765625
557.39971691358755,2509.800048828125
557.60911510163237,2516.60009765625
557.81850782781623,2510.699951171875
558.0278950893628,2511.800048828125
558.237276883496,2525.5
558.44665320743945,2467.199951171875
558.65602405841787,2521
558.86538943365542,2479.10009765625
559.07474933037679,2461
559.2841037458071,2436
559.49345267717149,2413.199951171875
559.70279612169531,2419.10009765625
559.91213407660427,2382.699951171875
560.1214665391243,2369.89990234375
560.33079350648131,2397.10009765625
560.540114975902,2384.5
560.74943094461287,2341.5
560.95874140984074,2346.89990234375
561.16804636881238,2367.300048828125
561.37734581875543,2359.5
561.58663975689751,2338
561.79592818046638,2285.39990234375
562.00521108668988,2309.699951171875
562.21448847279646,2284.800048828125
562.42376033601442,2313.10009765625
562.63302667357277,2276.10009765625
562.84228748270027,2287
563.05154276062649,2264.39990234375
563.26079250458054,2274.800048828125
563.47003671179209,2260.800048828125
563.67927537949117,2213.699951171875
563.88850850490837,2226.5
564.0977360852736,2244.199951171875
564.30695811781766,2280.10009765625
564.51617459977138,2216.89990234375
564.72538552836625,2253.10009765625
564.9345909008332,2219.300048828125
565.14379071440419,2209.39990234375
565.352984966311,2183.800048828125
565.56217365378563,2198.300048828125
565.77135677406056,2172.89990234375
565.98053432436848,2183
566.1897063019419,2170.699951171875
566.398872704014,2167.5
566.60803352781829,2155.10009765625
566.81718877058825,2119.10009765625
567.02633842955765,2151
567.2354825019604,2125.699951171875
567.44462098503129,2131.300048828125
567.65375387600409,2107.5
567.862881172114,2099.89990234375
568.07200287059641,2084.5
568.281118968686,2082.199951171875
568.49022946361833,2072.5
568.69933435262942,2077.5
568.90843363295517,2075.800048828125
569.11752730183161,2041.5
569.32661535649561,2084.5
569.53569779418365,2063.199951171875
569.7447746121328,2051
569.95384580758014,2057.699951171875
570.16291137776307,2054.300048828125
570.37197131991979,2039.800048828125
570.58102563128784,2033.0999755859375
570.79007430910542,2002.0999755859375
570.99911735061107,2007.4000244140625
571.20815475304369,2026.199951171875
571.41718651364181,2027.199951171875
571.6262126296449,1962.4000244140625
571.83523309829229,1965
572.04424791682379,1985
572.253257082479,1966.9000244140625
572.46226059249864,1997.4000244140625
572.67125844412271,1974.9000244140625
572.880250634592,1966.9000244140625
573.08923716114759,1955.699951171875
573.29821802103015,1954.0999755859375
573.50719321148176,1938.300048828125
573.71616272974359,1910.5999755859375
573.9251265730577,1945.0999755859375
574.1340847386665,1931.199951171875
574.34303722381219,1924.199951171875
574.551984025737,1954.4000244140625
574.76092514168465,1926.0999755859375
574.96986056889784,1930
575.17879030461984,1920
575.38771434609487,1873.9000244140625
575.59663269056637,1913
575.80554533527857,1879
576.01445227747593,1883.300048828125
576.22335351440313,1857.5999755859375
576.43224904330509,1843.0999755859375
576.64113886142718,1847.5999755859375
576.85002296601431,1868.199951171875
577.0589013543123,1870.9000244140625
577.26777402356754,1861.9000244140625
577.47664097102563,1818.300048828125
577.6855021939333,1826.300048828125
577.89435768953717,1813.9000244140625
578.10320745508409,1847
578.31205148782112,1870.699951171875
578.520889784996,1806.4000244140625
578.72972234385634,1803.699951171875
578.93854916165,1815.199951171875
579.147370235625,1807.5
579.35618556303,1807.699951171875
579.56499514111385,1820.800048828125
579.773798967125,1783.699951171875
579.98259703831309,1766.199951171875
580.19138935192746,1799.9000244140625
580.40017590521779,1775.0999755859375
580.608956695434,1818.699951171875
580.81773171982661,1738.5999755859375
581.02650097564572,1738.300048828125
581.235264460142,1741.5999755859375
581.44402217056711,1741.699951171875
581.65277410417139,1716.9000244140625
581.861520258207,1743.699951171875
582.07026062992531,1729.300048828125
582.27899521657855,1730
582.487724015419,1723.0999755859375
582.696447023699,1698.4000244140625
582.90516423867143,1690.199951171875
583.11387565758935,1700.300048828125
583.32258127770615,1718.5999755859375
583.531281096275,1672
583.73997511055029,1659.4000244140625
583.94866331778542,1649.5
584.15734571523512,1642.800048828125
584.36602230015421,1660.699951171875
584.57469306979692,1683
584.78335802141862,1634
584.99201715227468,1642.699951171875
585.20067045962082,1643.4000244140625
585.40931794071275,1662.800048828125
585.61795959280664,1627.199951171875
585.82659541315888,1645.800048828125
586.0352253990261,1600.199951171875
586.24384954766515,1611.9000244140625
586.45246785633344,1612.199951171875
586.66108032228806,1620
586.86968694278721,1622.5999755859375
587.078287715088,1588.5999755859375
587.28688263644949,1595.300048828125
587.49547170412961,1578.9000244140625
587.70405491538725,1567.9000244140625
587.9126322674814,1551.5
588.12120375767131,1593
588.32976938321667,1538.699951171875
588.53832914137683,1548.199951171875
588.74688302941217,1539.300048828125
588.955431044583,1520.9000244140625
589.16397318414954,1540.300048828125
589.372509445373,1516.4000244140625
589.58103982551393,1500.5
589.78956432183429,1509.300048828125
589.99808293159538,1541.699951171875
590.20659565205915,1520.699951171875
590.41510248048769,1529.199951171875
590.62360341414319,1487.9000244140625
590.83209845028875,1526.800048828125
591.040587586187,1492.0999755859375
591.24907081910112,1514.9000244140625
591.45754814629436,1471
591.66601956503109,1490
591.87448507257477,1466.4000244140625
592.08294466618963,1474.4000244140625
592.29139834314014,1441.199951171875
592.49984610069146,1443.300048828125
592.70828793610849,1418.9000244140625
592.91672384665617,1471.0999755859375
593.12515382960032,1444.800048828125
593.33357788220667,1419.0999755859375
593.54199600174172,1420.5
593.75040818547131,1382.9000244140625
593.95881443066241,1424.0999755859375
594.16721473458165,1389.5
594.37560909449644,1405
594.5839975076741,1395.800048828125
594.79237997138227,1370.9000244140625
595.000756482889,1385.5
595.20912703946237,1379.0999755859375
595.41749163837085,1370.5
595.62585027688351,1383.0999755859375
595.83420295226938,1388.5999755859375
596.04254966179735,1370.0999755859375
596.25089040273713,1366.5999755859375
596.45922517235863,1361.199951171875
596.66755396793212,1363.4000244140625
596.87587678672776,1352.0999755859375
597.08419362601614,1333.199951171875
597.29250448306846,1309.699951171875
597.50080935515541,1307.199951171875
597.709108239549,1308.0999755859375
597.91740113352057,1317.4000244140625
598.125688034342,1276.300048828125
598.333968939286,1307.9000244140625
598.54224384562474,1292.4000244140625
598.75051275063117,1295.199951171875
598.95877565157821,1279
599.16703254573918,1285.199951171875
599.375283430388,1271.699951171875
599.58352830279819,1275.800048828125
599.79176716024392,1278.0999755859375
600,1272.699951171875
600.20822681934078,1256.4000244140625
600.41644761554119,1275.0999755859375
600.62466238587672,1264.199951171875
600.83287112762252,1243.199951171875
601.04107383805467,1253.5999755859375
601.24927051444922,1232.800048828125
601.457461154082,1240.800048828125
601.66564575423024,1210.5
601.87382431217054,1249.300048828125
602.08199682518011,1241.199951171875
602.290163290536,1205.4000244140625
602.49832370551667,1224.5
602.7064780673993,1213.5999755859375
602.91462637346251,1201.5
603.12276862098486,1204.300048828125
603.33090480724479,1198.0999755859375
603.53903492952168,1207.699951171875
603.74715898509464,1199.199951171875
603.95527697124351,1192
604.16338888524785,1199.0999755859375
604.371494724388,1167
604.57959448594443,1180
604.787688167198,1188.0999755859375
604.99577576542913,1182.199951171875
605.20385727791972,1159.699951171875
605.41193270195083,1172.800048828125
605.62000203480443,1158.199951171875
605.82806527376283,1110.300048828125
606.03612241610824,1137.5
606.24417345912286,1146.699951171875
606.45221840009015,1129.199951171875
606.66025723629321,1123.800048828125
606.86828996501526,1132.800048828125
607.07631658354023,1142.5999755859375
607.28433708915213,1119.699951171875
607.49235147913532,1148.5999755859375
607.700359750774,1100.5
607.90836190135371,1115.5999755859375
608.116357928159,1100.300048828125
608.32434782847542,1095.300048828125
608.5323315995887,1109.4000244140625
608.740309238785,1105.300048828125
608.94828074335021,1119.4000244140625
609.156246110571,1072.0999755859375
609.36420533773412,1102.4000244140625
609.57215842212679,1089.9000244140625
609.78010536103636,1078.199951171875
609.98804615175038,1077.5999755859375
610.19598079155674,1087.5
610.40390927774376,1088.199951171875
610.6118316076,1069.699951171875
610.8197477784139,1060.0999755859375
611.02765778747482,1055.4000244140625
611.235561632072,1061.0999755859375
611.44345930949476,1048
611.65135081703318,1065.9000244140625
611.8592361519776,1040.9000244140625
612.06711531161841,1053.5999755859375
612.27498829324622,1035.9000244140625
612.48285509415189,1039
612.69071571162726,1024.800048828125
612.89857014296331,1041.800048828125
613.10641838545212,1004.0999755859375
613.31426043638578,1029.199951171875
613.522096293057,1016.9000244140625
613.72992595275809,1007
613.93774941278218,999.20001220703125
614.1455666704228,977.20001220703125
614.353377722973,1003.7999877929688
614.5611825677272,989.4000244140625
614.76898120197893,990.20001220703125
614.976773623023,981.5999755859375
615.184559828154,968.5999755859375
615.3923398146668,976.5
615.60011357985672,966.5
615.80788112101936,967.29998779296875
616.01564243545033,954.9000244140625
616.22339752044627,962.5
616.431146373303,963.0999755859375
616.63888899131757,975.20001220703125
616.84662537178656,933.79998779296875
617.05435551200765,957.9000244140625
617.26207940927816,940.5
617.469797060896,952.0999755859375
617.67750846415913,939.20001220703125
617.88521361636617,910.5999755859375
618.09291251481545,955.70001220703125
618.30060515680634,924.4000244140625
618.50829153963787,935.5
618.71597166060985,914.70001220703125
618.92364551702167,912.4000244140625
619.13131310617382,905.20001220703125
619.33897442536636,916.5999755859375
619.54662947190025,912.79998779296875
619.75427824307667,901.9000244140625
619.96192073619636,909.4000244140625
620.16955694856142,889.5
620.37718687747326,891.0999755859375
620.5848105202341,889
620.79242787414648,907.20001220703125
621.00003893651319,879.79998779296875
621.20764370463712,879.9000244140625
621.41524217582139,865.79998779296875
621.62283434736992,885.5999755859375
621.83042021658639,899
622.03799978077518,855.79998779296875
622.24557303724009,831.0999755859375
622.45313998328675,864
622.6607006162194,855.20001220703125
622.868254933344,849.79998779296875
623.07580293196577,841.70001220703125
623.28334460939072,836
623.49087996292508,833.5999755859375
623.69840898987525,820.70001220703125
623.90593168754788,829.9000244140625
624.11344805325052,852.20001220703125
624.32095808428994,815.5
624.52846177797414,834.5
624.73595913161114,838.4000244140625
624.943450142509,804.29998779296875
625.15093480797634,806
625.3584131253217,825.5
625.56588509185462,826.0999755859375
625.773350704884,812.79998779296875
625.98080996172,773.79998779296875
626.1882628596727,790.70001220703125
626.39570939605176,761.9000244140625
626.60314956816831,799.5
626.81058337333309,782.5999755859375
627.018010808857,768.29998779296875
627.22543187205179,773.4000244140625
627.43284656022911,780.5
627.64025487070126,780.4000244140625
627.84765680078021,769.70001220703125
628.05505234777866,768.0999755859375
628.26244150900993,754.4000244140625
628.46982428178671,780.9000244140625
628.677200663423,755.20001220703125
628.88457065123214,738.5
629.09193424252874,750.29998779296875
629.29929143462687,743.4000244140625
629.50664222484136,764.0999755859375
629.71398661048715,748.4000244140625
629.92132458887966,746.5
630.12865615733426,736.29998779296875
630.33598131316728,734.5
630.54330005369422,715.0999755859375
630.75061237623231,731.4000244140625
630.95791827809785,720.5
631.16521775660817,712.4000244140625
631.3725108090805,746
631.57979743283261,712.29998779296875
631.78707762518241,710.29998779296875
631.99435138344813,706.0999755859375
632.2016187049486,708.70001220703125
632.40887958700216,706.70001220703125
632.61613402692853,694.70001220703125
632.823382022047,722.5999755859375
633.03062356967735,698.9000244140625
633.23785866713945,700
633.44508731175381,692.20001220703125
633.6523095008414,699.79998779296875
633.8595252317225,672.70001220703125
634.06673450171888,693.4000244140625
634.27393730815209,685.5999755859375
634.48113364834376,661.4000244140625
634.68832351961646,682.0999755859375
634.89550691929185,663.5999755859375
635.10268384469384,666
635.30985429314444,672
635.51701826196756,680.9000244140625
635.7241757484868,650.0999755859375
635.93132675002607,664.29998779296875
636.13847126390976,657.70001220703125
636.34560928746214,663.29998779296875
636.55274081800849,673.20001220703125
636.75986585287376,654.5999755859375
636.96698438938347,656.4000244140625
637.17409642486325,635.4000244140625
637.38120195663942,648.79998779296875
637.58830098203839,623.5
637.7953934983866,612.5999755859375
638.00247950301116,649.0999755859375
638.20955899323951,638.4000244140625
638.416631966399,634.20001220703125
638.62369841981774,634.9000244140625
638.83075835082366,636.70001220703125
639.03781175674578,626.0999755859375
639.24485863491259,609.79998779296875
639.45189898265312,602.79998779296875
639.65893279729664,617.5999755859375
639.86596007617345,614.9000244140625
640.07298081661315,601.5
640.27999501594627,610
640.48700267150332,597.70001220703125
640.6940037806155,594
640.90099834061357,604
641.10798634882951,618.20001220703125
641.314967802595,592
641.52194269924235,602.20001220703125
641.72891103610414,600.9000244140625
641.93587281051271,587.0999755859375
642.14282801980164,579.79998779296875
642.34977666130408,570.20001220703125
642.55671873235349,570.9000244140625
642.76365423028449,572.79998779296875
642.97058315243089,569.4000244140625
643.17750549612754,559
643.38442125870938,553
643.59133043751149,558.5999755859375
643.79823302986961,538.29998779296875
644.00512903311949,576.4000244140625
644.21201844459733,556.20001220703125
644.41890126163935,562.5
644.62577748158276,566
644.83264710176456,557.9000244140625
645.03951011952211,541.70001220703125
645.24636653219284,544.20001220703125
645.453216337115,548.5
645.660059531627,535.9000244140625
645.86689611306747,541.79998779296875
646.073726078775,542.9000244140625
646.28054942608924,534.9000244140625
646.48736615234964,531.5
646.69417625489609,520.4000244140625
646.90097973106856,528.29998779296875
647.107776578208,536
647.314566793655,534.20001220703125
647.52135037475057,533.20001220703125
647.72812731883607,517.9000244140625
647.93489762325351,492.20001220703125
648.14166128534475,493.70001220703125
648.34841830245227,535.79998779296875
648.55516867191864,507.29998779296875
648.76191239108675,488.70001220703125
648.96864945730033,519.20001220703125
649.17537986790251,501.39999389648438
649.38210362023767,502.70001220703125
649.58882071164965,501.70001220703125
649.79553113948316,496.89999389648438
650.00223490108294,503.79998779296875
650.20893199379429,505.10000610351563
650.41562241496285,511.70001220703125
650.62230616193426,510.20001220703125
650.8289832320545,488.10000610351563
651.03565362267022,487.79998779296875
651.24231733112811,482.29998779296875
651.448974354775,479.60000610351563
651.65562469095869,478.89999389648438
651.86226833702676,476.29998779296875
652.06890529032694,474.29998779296875
652.27553554820759,477.60000610351563
652.48215910801753,473.20001220703125
652.68877596710581,478.39999389648438
652.89538612282138,467.5
653.10198957251373,473.39999389648438
653.3085863135334,479.60000610351563
653.51517634322977,457
653.72175965895394,461
653.92833625805667,449.39999389648438
654.134906137889,465.10000610351563
654.3414692958022,464.5
654.54802572914843,468.89999389648438
654.75457543528,461.29998779296875
654.96111841154834,450.5
655.16765465530739,467.29998779296875
655.3741841639096,453
655.58070693470813,449.20001220703125
655.78722296505714,460.29998779296875
655.99373225231056,456.89999389648438
656.20023479382246,430.5
656.40673058694779,447.70001220703125
656.61321962904128,434.39999389648438
656.81970191745825,416.79998779296875
657.02617744955455,430
657.23264622268562,435.89999389648438
657.43910823420811,441.10000610351563
657.64556348147858,443.39999389648438
657.8520119618538,421.89999389648438
658.058453672691,422.39999389648438
658.26488861134737,434.60000610351563
658.47131677518121,436.20001220703125
658.67773816155068,423.5
658.88415276781393,409.39999389648438
659.09056059133,405
659.29696162945788,427.5
659.50335587955715,405.39999389648438
659.70974333898744,408.39999389648438
659.91612400510883,406.70001220703125
660.12249787528185,392.89999389648438
660.32886494686716,400.39999389648438
660.53522521722573,429.60000610351563
660.741578683719,411.39999389648438
660.94792534370856,405.70001220703125
661.15426519455661,388.60000610351563
661.36059823362541,403.89999389648438
661.56692445827741,381.5
661.773243865876,399.20001220703125
661.97955645378408,400.60000610351563
662.18586221936573,396.10000610351563
662.39216115998443,392.5
662.59845327300468,381.5
662.804738555791,385.70001220703125
663.01101700570837,380.29998779296875
663.217288620122,373.29998779296875
663.42355339639732,375.89999389648438
663.62981133190056,389.20001220703125
663.83606242399776,365.20001220703125
664.04230667005515,375.70001220703125
664.24854406744009,384.10000610351563
664.45477461351948,376
664.660998305661,373.89999389648438
664.86721514123212,363.70001220703125
665.07342511760157,367.79998779296875
665.27962823213738,345.70001220703125
665.48582448220861,371.20001220703125
665.69201386518432,371.79998779296875
665.89819637843391,350.5
666.104372019327,364.39999389648438
666.31054078523414,361.60000610351563
666.51670267352563,341.20001220703125
666.722857681572,361
666.9290058067445,342.5
667.13514704641466,364.60000610351563
667.34128139795428,337.29998779296875
667.54740885873525,352.10000610351563
667.7535294261296,349
667.959643097511,343.20001220703125
668.16574987025183,341.5
668.37184974172533,328.5
668.57794270930606,353
668.78402877036706,338.5
668.99010792228341,331.70001220703125
669.19618016242953,337.20001220703125
669.40224548818026,336.10000610351563
669.60830389691148,333
669.81435538599851,332.70001220703125
670.02039995281746,323.79998779296875
670.22643759474465,322.5
670.43246830915655,341.89999389648438
670.63849209343039,309.10000610351563
670.84450894494364,337.70001220703125
671.05051886107378,308.10000610351563
671.25652183919885,328.5
671.462517876697,325.70001220703125
671.66850697094719,324
671.87448911932813,317.5
672.08046431921935,316.39999389648438
672.28643256800024,318.89999389648438
672.49239386305123,301.70001220703125
672.698348201752,315.70001220703125
672.90429558148389,303.79998779296875
673.11023599962732,312.70001220703125
673.3161694535637,329.70001220703125
673.522095940675,299.39999389648438
673.72801545834272,292.60000610351563
673.93392800394952,314.39999389648438
674.13983357487791,315.39999389648438
674.34573216851072,308.89999389648438
674.55162378223133,288.10000610351563
674.75750841342347,309.5
674.96338605947142,301.20001220703125
675.16925671775869,288.39999389648438
675.37512038567024,298.20001220703125
675.58097706059141,291.10000610351563
675.786826739907,301.39999389648438
675.992669421003,301.20001220703125
676.19850510126514,301.89999389648438
676.40433377807972,290
676.61015544883355,295
676.81597011091355,279.5
677.021777761707,288.89999389648438
677.22757839860151,289.5
677.433372018985,274.89999389648438
677.63915862024589,286.89999389648438
677.84493819977274,285
678.05071075495459,276.60000610351563
678.256476283181,277
678.462234781841,284.29998779296875
678.667986248325,270.70001220703125
678.87373068002341,269.60000610351563
679.07946807432643,288.79998779296875
679.28519842862579,290.89999389648438
679.490921740312,271.20001220703125
679.69663800677722,262.70001220703125
679.90234722541368,260.29998779296875
680.1080493936131,266.20001220703125
680.31374450876876,271.60000610351563
680.519432568273,288.89999389648438
680.72511356951986,266.60000610351563
680.93078750990264,258.89999389648438
681.13645438681544,259.29998779296875
681.34211419765279,256.29998779296875
681.54776693980943,262
681.7534126106799,271.10000610351563
681.95905120766008,267.89999389648438
682.16468272814564,264.10000610351563
682.37030716953257,257.29998779296875
682.575924529217,266.39999389648438
682.78153480459628,258
682.98713799306688,260.79998779296875
683.19273409202674,246.19999694824219
683.39832309887311,259.5
683.60390501100471,248.19999694824219
683.80947982581938,261
684.01504754071607,255.10000610351563
684.22060815309408,250.89999389648438
684.42616166035293,238.10000610351563
684.631708059892,235.19999694824219
684.83724734911175,234.80000305175781
685.04277952541293,253.10000610351563
685.24830458619567,241.39999389648438
685.45382252886168,241.30000305175781
685.65933335081252,244.19999694824219
685.86483704944953,231.69999694824219
686.07033362217521,229.10000610351563
686.27582306639215,241.5
686.48130537950328,237
686.68678055891166,223.19999694824219
686.89224860202091,221.80000305175781
687.09770950623476,240.30000305175781
687.30316326895763,220.10000610351563
687.50860988759416,214
687.71404935954945,216.39999389648438
687.91948168222837,222.10000610351563
688.12490685303669,231.5
688.33032486938043,220.89999389648438
688.53573572866594,217.19999694824219
688.74113942829979,219.69999694824219
688.946535965689,222
689.151925338241,216
689.35730754336328,212.80000305175781
689.56268257846386,229.10000610351563
689.76805044095147,217.80000305175781
689.97341112823426,217.89999389648438
690.17876463772188,222.60000610351563
690.3841109668233,214.39999389648438
690.58945011294873,216.19999694824219
690.7947820735078,222.80000305175781
691.0001068459112,195.5
691.20542442756948,203.69999694824219
691.41073481589433,206.89999389648438
691.61603800829664,215.69999694824219
691.82133400218856,208.19999694824219
692.02662279498236,195.60000610351563
692.23190438409006,198.39999389648438
692.43717876692506,203.5
692.6424459409003,200.69999694824219
692.84770590342941,198.80000305175781
693.05295865192647,203
693.25820418380533,195.19999694824219
693.46344249648109,197.80000305175781
693.6686735873684,192.39999389648438
693.87389745388259,195
694.07911409343944,197.10000610351563
694.284323503455,200.69999694824219
694.4895256813453,180.89999389648438
694.69472062452724,191.5
694.89990833041793,197.89999389648438
695.10508879643442,196.80000305175781
695.31026201999487,189.30000305175781
695.51542799851745,180
695.72058672942035,186.60000610351563
695.92573821012218,192.60000610351563
696.13088243804225,187.5
696.33601941060022,190.5
696.54114912521584,178.60000610351563
696.74627157930922,194.89999389648438
696.95138677030093,174.89999389648438
697.15649469561185,195.80000305175781
697.36159535266336,196.30000305175781
697.56668873887691,182.5
697.77177485167431,180.30000305175781
697.9768536884784,178.19999694824219
698.1819252467111,181.39999389648438
698.38698952379616,173.80000305175781
698.59204651715618,165
698.79709622421535,176.89999389648438
699.00213864239765,186.5
699.20717376912751,179.19999694824219
699.41220160182934,184.19999694824219
699.61722213792882,177.39999389648438
699.82223537485106,163.89999389648438
700.027241310022,162.60000610351563
700.23223994086766,170.30000305175781
700.43723126481461,157.10000610351563
700.64221527928987,177.10000610351563
700.84719198172058,171.80000305175781
701.05216136953425,159.60000610351563
701.25712344015881,165.19999694824219
701.4620781910229,170.19999694824219
701.66702561955458,163.10000610351563
701.87196572318328,165.5
702.07689849933831,174.5
702.28182394544933,153.10000610351563
702.48674205894633,148.39999389648438
702.69165283725954,165.39999389648438
702.89655627782042,158.19999694824219
703.10145237805932,160.39999389648438
703.30634113540827,143.39999389648438
703.51122254729853,158.30000305175781
703.71609661116293,162.89999389648438
703.92096332443384,147.39999389648438
704.12582268454389,158.69999694824219
704.33067468892648,149.69999694824219
704.53551933501547,148.69999694824219
704.74035662024448,162.19999694824219
704.94518654204808,164.5
705.15000909786079,153.60000610351563
705.35482428511773,155.5
705.55963210125435,154.39999389648438
705.76443254370622,158.39999389648438
705.96922560990981,150.5
706.17401129730138,148.10000610351563
706.37878960331773,139.39999389648438
706.583560525396,163.39999389648438
706.78832406097388,145.39999389648438
706.99308020748924,155.5
707.19782896238019,150
707.4025703230858,150.19999694824219
707.60730428704437,145.10000610351563
707.81203085169579,136.80000305175781
708.01675001447961,152.69999694824219
708.22146177283571,151
708.426166124205,134.60000610351563
708.6308630660277,145.19999694824219
708.835552595745,142.39999389648438
709.0402347107987,150
709.24490940863041,143.10000610351563
709.44957668668246,147.60000610351563
709.65423654239748,139
709.85888897321843,130.39999389648438
710.06353397658825,139.30000305175781
710.26817154995092,139.69999694824219
710.47280169075043,151
710.67742439643109,130.39999389648438
710.88203966443757,141
711.08664749221532,136.5
711.29124787720934,129.39999389648438
711.49584081686578,159.69999694824219
711.70042630863077,119
711.90500434995056,133.10000610351563
712.10957493827266,139.39999389648438
712.31413807104366,139.89999389648438
712.51869374571174,123.40000152587891
712.72324195972442,139.60000610351563
712.92778271053055,126.30000305175781
713.13231599557832,150.30000305175781
713.33684181231729,125.59999847412109
713.54136015819677,132
713.74587103066642,137.30000305175781
713.9503744271766,133.30000305175781
714.15487034517764,124.40000152587891
714.35935878212069,127.80000305175781
714.5638397354569,133.60000610351563
714.768313202638,125.59999847412109
714.97277918111558,121.40000152587891
715.1772376683424,125
715.38168866177114,120.40000152587891
715.58613215885487,122.69999694824219
715.79056815704689,129
715.99499665380119,137.89999389648438
716.1994176465721,124.90000152587891
716.40383113281382,125.19999694824219
716.60823710998113,116.40000152587891
716.81263557553007,119.69999694824219
717.01702652691529,128.10000610351563
717.22140996159374,131.89999389648438
717.4257858770211,123.19999694824219
717.63015427065443,114.19999694824219
717.83451513995089,122.5
718.03886848236777,118.40000152587891
718.243214295363,114
718.44755257639508,108.40000152587891
718.651883322922,120.09999847412109
718.85620653240278,119.59999847412109
719.06052220229742,111.90000152587891
719.2648303300648,115.40000152587891
719.46913091316537,117.40000152587891
719.67342394905972,114.40000152587891
719.87770943520809,108.80000305175781
720.081987369072,111.40000152587891
720.28625774811292,106.5
720.49052056979258,117.5
720.69477583157368,117.30000305175781
720.89902353091816,110.59999847412109
721.10326366528966,112.69999694824219
721.30749623215127,109.90000152587891
721.51172122896639,103
721.7159386531996,113.30000305175781
721.92014850231544,113.19999694824219
722.12435077377813,111.19999694824219
722.32854546505359,100.90000152587891
722.532732573607,113.59999847412109
722.73691209690446,113.69999694824219
722.941084032412,94.199996948242188
723.14524837759654,109.69999694824219
723.34940512992534,100
723.55355428686539,106
723.75769584588511,94.9000015258789
723.9618298044519,91.300003051757813
724.16595616003485,92.800003051757813
724.37007491010274,114.09999847412109
724.57418605212456,100.19999694824219
724.77828958357054,99.199996948242188
724.98238550191013,109.80000305175781
725.18647380461414,95.4000015258789
725.39055448915349,97.5999984741211
725.59462755299865,89
725.79869299362167,108.09999847412109
726.00275080849451,88.199996948242188
726.206800995089,87.699996948242188
726.41084355087821,89
726.6148784733349,91
726.81890575993225,100.90000152587891
727.02292540814449,101.80000305175781
727.2269374154456,91.300003051757813
727.43094177930993,102.5
727.63493849721237,83
727.83892756662806,96.4000015258789
728.04290898503325,100.19999694824219
728.24688274990319,83.9000015258789
728.45084885871461,94.300003051757813
728.65480730894421,97.199996948242188
728.85875809806942,93.4000015258789
729.06270122356682,82.9000015258789
729.26663668291542,92.699996948242188
729.4705644735925,79.5
729.6744845930773,101
729.87839703884879,84.9000015258789
730.08230180838609,88.4000015258789
730.286198899169,73.300003051757813
730.49008830867774,92.5999984741211
730.69397003439269,81.800003051757813
730.897844073795,78.4000015258789
731.10171042436559,85.5
731.30556908358608,78.800003051757813
731.50942004893886,85
731.713263317906,85.800003051757813
731.91709888797038,82.300003051757813
732.120926756615,88.9000015258789
732.32474692132348,75.4000015258789
732.52855937957975,80.9000015258789
732.73236412886808,82.5
732.936161166673,79.4000015258789
733.13995049047981,67.5
733.34373209777334,77.699996948242188
733.54750598603994,83.4000015258789
733.75127215276564,72.5999984741211
733.95503059543682,72.4000015258789
734.15878131154045,72.199996948242188
734.36252429856393,68.4000015258789
734.56625955399488,76.5999984741211
734.7699870753213,75.5999984741211
734.97370686003171,79.300003051757813
735.17741890561467,72.699996948242188
735.38112320955975,74.699996948242188
735.58481976935639,75.800003051757813
735.7885085824945,78.699996948242188
735.99218964646423,62.599998474121094
736.19586295875661,67.699996948242188
736.39952851686269,76.0999984741211
736.60318631827374,78.5
736.8068363604815,67.0999984741211
737.01047864097893,71.5999984741211
737.21411315725754,74
737.41773990681122,71.300003051757813
737.62135888713317,71
737.824970095717,78.9000015258789
738.02857353005663,76.199996948242188
