439.33074350069882,0.86000001430511475
439.54259297728822,-4
439.75443835008639,4.0799999237060547
439.96627961622551,2.0199999809265137
440.17811677283731,-3.9800000190734863
440.3899498170544,5.3000001907348633
440.6017787460093,-4.1399998664855957
440.81360355683444,-5.4000000953674316
441.02542424666274,6.2399997711181641
441.23724081262696,1.4600000381469727
441.44905325186056,-1.2599999904632568
441.66086156149623,6.0199999809265137
441.87266573866737,0.34000000357627869
442.08446578050786,-8.0600004196167
442.2962616841512,7.6399998664855957
442.50805344673091,-3.559999942779541
442.71984106538116,5.5
442.93162453723613,4.5
443.14340385942972,10.020000457763672
443.35517902909663,-2.5399999618530273
443.56695004337126,-9.0799999237060547
443.77871689938826,0.68000000715255737
443.99047959428248,4.6399998664855957
444.20223812518884,-4.2399997711181641
444.41399248924267,0.51999998092651367
444.62574268357906,11.300000190734863
444.83748870533361,3.2599999904632568
445.04923055164147,2.3599998950958252
445.26096821963864,-6.0999999046325684
445.47270170646141,-1.5
445.68443100924509,14.5600004196167
445.89615612512625,1.1399999856948853
446.10787705124113,-4.0399999618530273
446.31959378472607,-4.5
446.5313063227178,2.9800000190734863
446.7430146623534,1.3400000333786011
446.95471880076929,5.2600002288818359
447.1664187351027,-0.5
447.37811446249094,2.6400001049041748
447.5898059800715,0.98000001907348633
447.80149328498186,7.1999998092651367
448.01317637435949,1.1399999856948853
448.22485524534238,-3.7000000476837158
448.43652989506882,1.4199999570846558
448.64820032067621,-1.5199999809265137
448.85986651930352,1.6000000238418579
449.07152848808903,0.98000001907348633
449.28318622417123,0.93999999761581421
449.4948397246888,0.059999998658895493
449.706488986781,10.4399995803833
449.91813400758645,1.0199999809265137
450.12977478424477,3.5
450.34141131389504,3.1400001049041748
450.55304359367705,-1.559999942779541
450.76467162073016,1.8999999761581421
450.97629539219457,-4.179999828338623
451.18791490521005,11.300000190734863
451.39953015691685,1.8200000524520874
451.61114114445513,5.9800000190734863
451.82274786496538,7.5
452.03435031558826,-0.68000000715255737
452.24594849346494,-1.9199999570846558
452.45754239573557,3.0399999618530273
452.66913201954179,-3.3599998950958252
452.88071736202454,-5.2399997711181641
453.09229842032545,3.0999999046325684
453.303875191586,0.92000001668930054
453.51544767294786,9.9600000381469727
453.7270158615529,-4.059999942779541
453.93857975454313,-0.74000000953674316
454.150139349061,3.4800000190734863
454.36169464224855,15.619999885559082
454.57324563124808,7.71999979019165
454.78479231320279,-5.6399998664855957
454.99633468525519,-5.4000000953674316
455.20787274454858,1.7599999904632568
455.41940648822555,3.5799999237060547
455.6309359134296,7.78000020980835
455.84246101730457,-0.2800000011920929
456.05398179699353,1.5399999618530273
456.26549824964059,2.1400001049041748
456.47701037238937,6.179999828338623
456.68851816238441,-0.77999997138977051
456.90002161676961,1.1200000047683716
457.11152073268966,7.78000020980835
457.323015507289,-1.1000000238418579
457.53450593771214,3.2999999523162842
457.74599202110448,5.4600000381469727
457.9574737546107,4.0999999046325684
458.16895113537612,3.8399999141693115
458.38042416054589,2.9200000762939453
458.59189282726589,-0.30000001192092896
458.80335713268181,3.5199999809265137
459.01481707393947,-11.699999809265137
459.22627264818476,-1.8600000143051147
459.43772385256415,-0.40000000596046448
459.64917068422358,7.4200000762939453
459.86061314030991,1.5
460.07205121796994,3.0999999046325684
460.28348491435,5.8600001335144043
460.49491422659759,5.6599998474121094
460.70633915185977,-7.619999885559082
460.91775968728376,-2.0399999618530273
461.129175830017,7.3400001525878906
461.34058757720737,4.3000001907348633
461.55199492600258,8.1400003433227539
461.76339787355062,-5.9000000953674316
461.97479641699977,-5.179999828338623
462.18619055349819,14.880000114440918
462.3975802801944,4.179999828338623
462.60896559423747,8.1999998092651367
462.82034649277551,6.059999942779541
463.03172297295788,1.7400000095367432
463.24309503193388,8.9399995803833
463.45446266685263,1.440000057220459
463.66582587486369,7.9000000953674316
463.87718465311667,4.119999885559082
464.08853899876112,5.059999942779541
464.29988890894765,8.4399995803833
464.5112343808259,10.399999618530273
464.72257541154659,4.0399999618530273
464.93391199826004,-8.7600002288818359
465.14524413811654,9.880000114440918
465.35657182826748,3.3399999141693115
465.56789506586352,-1.1399999856948853
465.7792138480562,5.0799999237060547
465.99052817199635,1.2999999523162842
466.20183803483559,10.699999809265137
466.41314343372579,8.6400003433227539
466.62444436581893,5.440000057220459
466.83574082826658,-4.179999828338623
467.04703281822117,6.9200000762939453
467.25832033283513,5.559999942779541
467.46960336926065,5.8600001335144043
467.68088192465069,5.0199999809265137
467.89215599615818,-0.039999999105930328
468.10342558093618,12.159999847412109
468.31469067613727,4.7399997711181641
468.52595127891567,7.8600001335144043
468.73720738642436,1.8400000333786011
468.94845899581725,2.7200000286102295
469.15970610424819,7.1399998664855957
469.3709487088712,1.8400000333786011
469.58218680684064,13.279999732971191
469.793420395311,2.0399999618530273
470.00464947143644,5.9800000190734863
470.21587403237197,6.940000057220459
470.42709407527252,6.059999942779541
470.63830959729324,10.859999656677246
470.84952059558913,5.9200000762939453
471.060727067316,0.51999998092651367
471.27192900962905,0.81999999284744263
471.48312641968448,11.779999732971191
471.69431929463809,3.5399999618530273
471.90550763164589,10.960000038146973
472.11669142786428,-3.5399999618530273
472.32787068044956,1.0199999809265137
472.53904538655877,-0.41999998688697815
472.7502155433483,10
472.96138114797566,8.8199996948242188
473.17254219759764,7.2399997711181641
473.38369868937156,3.1600000858306885
473.59485062045536,4.4600000381469727
473.80599798800625,-0.68000000715255737
474.01714078918229,0.77999997138977051
474.22827902114182,9.1400003433227539
474.43941268104288,3.0999999046325684
474.65054176604372,13.619999885559082
474.86166627330317,5.619999885559082
475.07278619997965,-0.57999998331069946
475.28390154323256,7.0199999809265137
475.49501230022088,2.4200000762939453
475.70611846810368,1.0199999809265137
475.91722004404073,6.0199999809265137
476.12831702519139,3.1400001049041748
476.33940940871571,4.5799999237060547
476.55049719177373,9.4799995422363281
476.76158037152527,-2.880000114440918
476.97265894513123,8.6400003433227539
477.18373290975171,5.0199999809265137
477.39480226254761,-10.520000457763672
477.60586700068,5.9800000190734863
477.81692712130956,0.62000000476837158
478.02798262159791,9
478.23903349870636,19.8799991607666
478.45007974979649,6.71999979019165
478.66112137203027,9.8999996185302734
478.87215836256956,7.5999999046325684
479.08319071857647,1.940000057220459
479.29421843721326,-8.0399999618530273
479.50524151564292,2.6600000858306885
479.71625995102761,2.9200000762939453
479.92727374053044,10.880000114440918
480.13828288131447,-0.46000000834465027
480.34928737054304,8.65999984741211
480.56028720537938,0.11999999731779099
480.77128238298741,10.260000228881836
480.98227290053052,5.1399998664855957
481.193258755173,8.1400003433227539
481.40423994407877,4.9200000762939453
481.61521646441241,15.100000381469727
481.82618831333826,-1.1399999856948853
482.03715548802137,6.78000020980835
482.24811798562621,-3.4800000190734863
482.459075803318,8.1000003814697266
482.67002893826225,6.119999885559082
482.88097738762377,11.079999923706055
483.09192114856904,6.71999979019165
483.30286021826322,9.6000003814697266
483.51379459387243,-1
483.72472427256304,17.159999847412109
483.93564925150127,3.6600000858306885
484.1465695278539,4.71999979019165
484.35748509878732,10.159999847412109
484.5683959614687,1.559999942779541
484.77930211306494,2.7000000476837158
484.99020355074344,11.159999847412109
485.20110027167181,-3.0399999618530273
485.41199227301786,13.079999923706055
485.62287955194887,6.9800000190734863
485.83376210563318,11.420000076293945
486.04463993123903,1.7200000286102295
486.255513025935,6.0399999618530273
486.46638138688934,12.579999923706055
486.67724501127111,8.4399995803833
486.88810389624933,9.880000114440918
487.09895803899286,5.78000020980835
487.30980743667129,7.5799999237060547
487.52065208645411,-4.2600002288818359
487.73149198551084,16.159999847412109
487.94232713101184,5.1999998092651367
488.15315752012685,21.540000915527344
488.36398315002623,8.5600004196167
488.57480401788041,14.5600004196167
488.78562012086036,8.8000001907348633
488.99643145613646,11
489.20723802088025,13.739999771118164
489.41803981226275,4.0199999809265137
489.62883682745542,17.340000152587891
489.83962906362962,5.5999999046325684
490.05041651795756,18.540000915527344
490.26119918761106,19.3799991607666
490.47197706976226,15.840000152587891
490.68275016158367,11.420000076293945
490.89351846024795,26.260000228881836
491.10428196292747,9.0399999618530273
491.31504066679565,3.940000057220459
491.52579456902527,13.640000343322754
491.73654366678994,28.360000610351563
491.94728795726303,29.6200008392334
492.15802743761844,17.540000915527344
492.3687621050297,28.6200008392334
492.57949195667118,21.780000686645508
492.79021698971752,20.180000305175781
493.00093720134259,32.220001220703125
493.21165258872151,21.299999237060547
493.42236314902885,28.959999084472656
493.63306887943992,23.200000762939453
493.84376977712992,35.619998931884766
494.05446583927449,28.799999237060547
494.26515706304912,34.819999694824219
494.47584344562944,43.439998626708984
494.686524984192,28.940000534057617
494.89720167591253,42.040000915527344
495.10787351796779,48.520000457763672
495.31854050753429,56.319999694824219
495.529202641789,45.060001373291016
495.73985991790863,49.180000305175781
495.95051233307083,63.040000915527344
496.1611598844525,63.459999084472656
496.3718025692317,59.200000762939453
496.58244038458611,60.580001831054688
496.79307332769378,68.419998168945313
497.00370139573255,67.919998168945313
497.2143245858814,77.639999389648438
497.42494289531851,81.459999084472656
497.63555632122279,85.620002746582031
497.84616486077311,97.959999084472656
498.05676851114885,107.12000274658203
498.26736726952925,98.419998168945313
498.4779611330942,113.72000122070313
498.68855009902273,108.19999694824219
498.89913416449571,130.69999694824219
499.10971332669288,129.27999877929688
499.32028758279461,134.17999267578125
499.53085692998167,145.6199951171875
499.74142136543446,142.52000427246094
499.95198088633418,170.66000366210938
500.162535489862,178.3800048828125
500.37308517319951,195.3800048828125
500.58362993352796,202.27999877929688
500.79416976802906,205.05999755859375
501.0047046738851,228.63999938964844
501.21523464827828,247.30000305175781
501.42575968839054,256.60000610351563
501.63627979140483,269.04000854492188
501.84679495450359,291.3599853515625
502.05730517487041,291.89999389648438
502.26781044968789,329.260009765625
502.47831077613938,350.55999755859375
502.68880615140881,364.5
502.89929657267993,387.1400146484375
503.10978203713648,400.60000610351563
503.3202625419629,440.20001220703125
503.53073808434328,444.54000854492188
503.74120866146251,506.260009765625
503.95167427050529,517.3800048828125
504.16213490865653,526.1199951171875
504.37259057310155,587.739990234375
504.58304126102564,606.719970703125
504.79348696961449,637.67999267578125
505.00392769605406,667.280029296875
505.21436343753004,707.3599853515625
505.42479419122878,762.3800048828125
505.63521995433683,795.260009765625
505.84564072404083,839.280029296875
506.05605649752715,886.67999267578125
506.26646727198357,943.46002197265625
506.4768730445968,976.52001953125
506.68727381255445,1043.9599609375
506.89766957304408,1100.8800048828125
507.10806032325382,1145
507.3184460603714,1233.4200439453125
507.52882678158511,1283.1600341796875
507.739202484084,1326.6600341796875
507.94957316505594,1409.1600341796875
508.15993882169028,1482.4000244140625
508.37029945117632,1570.719970703125
508.58065505070272,1644.219970703125
508.7910056174594,1725.0799560546875
509.00135114863616,1786.1199951171875
509.21169164142282,1886.0400390625
509.42202709300943,1983.8599853515625
509.63235750058664,2077.219970703125
509.84268286134449,2177.89990234375
510.05300317247412,2318.1201171875
510.26331843116617,2405.840087890625
510.47362863461234,2534.39990234375
510.68393378000383,2646.52001953125
510.89423386453188,2787.6201171875
511.10452888538867,2904.199951171875
511.31481883976596,3060.820068359375
511.525103724856,3217.679931640625
511.73538353785153,3337.179931640625
511.945658275945,3543.659912109375
512.15592793632914,3725.860107421875
512.36619251619732,3875.159912109375
512.57645201274227,4057.8798828125
512.78670642315808,4282.81982421875
512.99695574463806,4467.759765625
513.20719997437629,4683.72021484375
513.417439109567,4947.3798828125
513.62767314740415,5165.39990234375
513.83790208508253,5417.5400390625
514.04812591979714,5709.16015625
514.25834464874242,5973.2001953125
514.46855826911349,6229.7001953125
514.67876677810648,6598.06005859375
514.88897017291652,6896.22021484375
515.09916845073951,7262.97998046875
515.309361608771,7605.14013671875
515.51954964420793,7938.77978515625
515.72973255424654,8362.6796875
515.93991033608347,8832.6796875
516.15008298691555,9159.9404296875
516.36025050393994,9775.240234375
516.5704128843538,10143.580078125
516.780570125355,10731.66015625
516.99072222414088,11192.1796875
517.20086917790957,11706.240234375
517.41101098385923,12419.66015625
517.62114763918851,12947.98046875
517.83127914109537,13562.66015625
518.04140548677924,14266.8798828125
518.25152667343866,14899.8603515625
518.46164269827341,15631.9404296875
518.67175355848246,16217.5595703125
518.88185925126606,17090.740234375
519.09195977382342,17824.48046875
519.30205512335522,18400.30078125
519.51214529706135,19214.3203125
519.72223029214263,19894.939453125
519.93231010579962,20829.66015625
520.14238473523346,21549.66015625
520.35245417764531,22001.48046875
520.56251843023665,22787.30078125
520.7725774902093,23446.19921875
520.98263135476441,24062.259765625
521.19268002110482,24381.560546875
521.40272348643236,25040.380859375
521.61276174794955,25142.140625
521.82279480285945,25784.69921875
522.03282264836469,25509.779296875
522.24284528166856,26045.140625
522.45286269997439,25610.439453125
522.6628749004858,25830.720703125
522.87288188040668,25634.720703125
523.08288363694078,25385.1796875
523.292880167293,24906.400390625
523.50287146866719,24532.880859375
523.712857538268,24063.66015625
523.922838373301,23737.099609375
524.1328139709708,22828.240234375
524.34278432848316,22446.0390625
524.552749443043,21842.220703125
524.762709311857,21079.9609375
524.97266393213044,20528.619140625
525.18261330107009,19727.900390625
525.39255741588192,19405.560546875
525.602496273773,18781.060546875
525.81242987195037,18247.8203125
526.02235820762064,17781.939453125
526.23228127799189,17255.33984375
526.44219908027117,16862.779296875
526.65211161166633,16431.69921875
526.86201886938534,16186.2802734375
527.07192085063673,15661.51953125
527.28181755262892,15508.599609375
527.49170897257056,15153.48046875
527.70159510767041,14961.6796875
527.911475955138,14637.4404296875
528.1213515121824,14466.4404296875
528.33122177601331,14167.2197265625
528.54108674384065,13977.2001953125
528.75094641287387,13686.8603515625
528.96080078032423,13272.48046875
529.17064984340163,12972.919921875
529.38049359931665,12816.0400390625
529.59033204528055,12465.400390625
529.8001651785047,12129.2001953125
530.00999299619991,11979.5595703125
530.21981549557847,11688.9404296875
530.42963267385153,11441.6796875
530.63944452823159,11153.599609375
530.84925105593118,10800.7998046875
531.05905225416257,10570.83984375
531.26884812013816,10324.4599609375
531.47863865107149,10099.98046875
531.68842384417565,9652.83984375
531.89820369666393,9485.3798828125
532.1079782057501,9131.1796875
532.31774736864827,8714.580078125
532.52751118257186,8487.7001953125
532.73726964473622,8218.2802734375
532.94702275235511,7947.6201171875
533.15677050264389,7639.580078125
533.36651289281724,7393.35986328125
533.57624992009062,7240.16015625
533.78598158167961,6945.2998046875
533.99570787479956,6799.77978515625
534.20542879666687,6545.35986328125
534.41514434449766,6377.2001953125
534.62485451550788,6158.81982421875
534.8345593069148,6041.39990234375
535.044258715935,5844.81982421875
535.25395273978563,5671.83984375
535.46364137568412,5542.259765625
535.67332462084789,5381.22021484375
535.88300247249481,5151.240234375
536.092674927843,5060.5
536.30234198411063,4894.6201171875
536.51200363851626,4716.56005859375
536.72165988827851,4604.740234375
536.93131073061659,4472.7001953125
537.14095616274938,4323.6201171875
537.35059618189644,4187.10009765625
537.56023078527767,4058.320068359375
537.76985997011252,3955.860107421875
537.97948373362158,3824.239990234375
538.18910207302486,3719.760009765625
538.39871498554317,3568.659912109375
538.60832246839709,3519.719970703125
538.817924518808,3349.860107421875
539.027521133997,3289.820068359375
539.23711231118557,3182.679931640625
539.44669804759553,3104.3798828125
539.656278340449,3010.6201171875
539.865853186968,2911.1201171875
540.07542258437536,2819.800048828125
540.28498652989344,2746.39990234375
540.49454502074525,2681.820068359375
540.70409805415409,2618.89990234375
540.91364562734316,2535.699951171875
541.12318773753634,2490.159912109375
541.33272438195718,2410.9599609375
541.54225555783012,2381.080078125
541.75178126237961,2265.97998046875
541.96130149282988,2272.10009765625
542.170816246406,2173.4599609375
542.3803255203328,2123.800048828125
542.58982931183584,2062.39990234375
542.79932761814052,2051.419921875
543.00882043647289,1990.06005859375
543.21830776405841,1939.02001953125
543.42778959812381,1877.93994140625
543.63726593589513,1830.8599853515625
543.84673677459978,1814.0799560546875
544.056202111464,1758.300048828125
544.26566194371571,1725.739990234375
544.4751162685817,1695.260009765625
544.68456508329007,1642.780029296875
544.89400838506845,1602.5400390625
545.10344617114515,1551.219970703125
545.31287843874861,1548.219970703125
545.52230518510771,1506.280029296875
545.73172640745054,1481.93994140625
545.94114210300711,1452.260009765625
546.15055226900631,1414.93994140625
546.35995690267782,1388.02001953125
546.56935600125132,1349.4599609375
546.77874956195728,1329.43994140625
546.98813758202573,1298.699951171875
547.19752005868747,1270.3199462890625
547.40689698917311,1254.3800048828125
547.61626837071333,1221.219970703125
547.82563420054021,1195.3199462890625
548.03499447588479,1166.47998046875
548.24434919397913,1145.9599609375
548.45369835205474,1120
548.66304194734425,1087.52001953125
548.8723799770803,1081.6400146484375
549.0817124384954,1064.93994140625
549.29103932882254,1042.6800537109375
549.5003606452949,1020.9199829101563
549.70967638514617,1000.739990234375
549.91898654560987,976.20001220703125
550.12829112391989,967.52001953125
550.33759011731081,940
550.5468835230165,932.8599853515625
550.75617133827234,909.79998779296875
550.96545356031254,907.1400146484375
551.174730186373,885.84002685546875
551.38400121368875,867.8800048828125
551.59326663949537,854.91998291015625
551.802526461029,849.219970703125
552.01178067552553,843.6199951171875
552.22102928022161,805.5999755859375
552.430272272354,816.96002197265625
552.63950964915932,775.9000244140625
552.84874140787474,786.67999267578125
553.05796754573771,793.219970703125
553.267188059986,763.82000732421875
553.47640294785754,740.3800048828125
553.68561220659012,745
553.89481583342206,739.94000244140625
554.10401382559246,711.34002685546875
554.31320618034,698.3599853515625
554.52239289490353,704.5
554.73157396652277,686.0999755859375
554.94074939243728,667.46002197265625
555.14991916988663,665.719970703125
555.35908329611118,654.3800048828125
555.56824176835141,662.739990234375
555.77739458384769,642.94000244140625
555.986541739841,631.0999755859375
556.19568323357225,611.8800048828125
556.404819062283,611.02001953125
556.613949223215,604.46002197265625
556.82307371360946,609.82000732421875
557.032192530709,587.41998291015625
557.24130567175621,586.47998046875
557.45041313399327,572.9000244140625
557.65951491466308,572.91998291015625
557.86861101100874,553.32000732421875
558.07770142027368,553.3599853515625
558.28678613970158,541.46002197265625
558.49586516653619,534.03997802734375
558.70493849802165,539.5999755859375
558.91400613140229,533.70001220703125
559.12306806392257,526.97998046875
559.33212429282753,528.29998779296875
559.54117481536241,519.20001220703125
559.75021962877258,505.42001342773438
559.959258730303,497.260009765625
560.16829211720062,511.42001342773438
560.37731978671047,477.44000244140625
560.58634173607982,492.82000732421875
560.7953579625547,475.1400146484375
561.00436846338255,468.760009765625
561.21337323581,468
561.42237227708449,457.57998657226563
561.63136558445387,446.260009765625
561.84035315516576,453.3599853515625
562.04933498646858,456.3800048828125
562.25831107561078,447.07998657226563
562.46728141984079,445.66000366210938
562.6762460164075,445.94000244140625
562.8852048625605,432.45999145507813
563.09415795554855,425.60000610351563
563.303105292622,417.3800048828125
563.51204687103029,417.57998657226563
563.72098268802392,414.17999267578125
563.929912740853,423.32000732421875
564.13883702676867,417
564.34775554302155,403.66000366210938
564.55666828686287,403.39999389648438
564.76557525554415,397.07998657226563
564.97447644631734,391.32000732421875
565.18337185643418,390.70001220703125
565.392261483147,389.04000854492188
565.6011453237079,388.04000854492188
565.81002337537029,382.54000854492188
566.0188956353868,367.760009765625
566.22776210101074,371.6400146484375
566.43662276949578,380.33999633789063
566.64547763809549,370.44000244140625
566.85432670406419,360.05999755859375
567.0631699646558,356.32000732421875
567.27200741712522,357.6199951171875
567.480839058727,366.05999755859375
567.6896648867164,357.8599853515625
567.89848489834856,350.44000244140625
568.10729909087945,349.66000366210938
568.31610746156468,344.67999267578125
568.52491000766042,333.3800048828125
568.733706726423,332.760009765625
568.94249761510878,346
569.15128267097509,324.3800048828125
569.360061891279,336.3800048828125
569.568835273278,325.22000122070313
569.77760281422934,329.17999267578125
569.98636451139134,314.45999145507813
570.19512036202207,317.01998901367188
570.40387036338,319.07998657226563
570.61261451272389,300.82000732421875
570.82135280731256,320.45999145507813
571.03008524440577,302.70001220703125
571.23881182126229,316.22000122070313
571.44753253514227,305.6400146484375
571.65624738330587,294.6400146484375
571.86495636301311,299.22000122070313
572.07365947152482,300.67999267578125
572.28235670610138,292.55999755859375
572.4910480640043,295.6199951171875
572.69973354249476,282.239990234375
572.90841313883436,289.6199951171875
573.1170868502852,293.82000732421875
573.32575467410891,290.39999389648438
573.53441660756823,274.95999145507813
573.74307264792594,290.260009765625
573.9517227924448,275.01998901367188
574.1603670383879,271.01998901367188
574.36900538301882,278.39999389648438
574.57763782360132,278.48001098632813
574.7862643573992,282.07998657226563
574.99488498167716,275.3800048828125
575.20349969369931,272.8599853515625
575.41210849073025,271.66000366210938
575.62071137003556,266.42001342773438
575.8293083288803,260.33999633789063
576.03789936453,259.8599853515625
576.24648447425045,265.29998779296875
576.45506365530809,254.16000366210938
576.66363690496883,261.29998779296875
576.87220422049973,254.75999450683594
577.08076559916742,255.67999267578125
577.28932103823922,254.58000183105469
577.49787053498255,245.32000732421875
577.7064140866654,242.02000427246094
577.9149516905552,259.04000854492188
578.1234833439205,247
578.33200904403009,251.66000366210938
578.54052878815219,244.30000305175781
578.74904257355627,253.94000244140625
578.95755039751145,241.3800048828125
579.16605225728722,231
579.37454815015394,245.39999389648438
579.58303807338132,222.16000366210938
579.79152202423961,228.96000671386719
580.00000000000023,226.53999328613281
580.2084719979332,226.72000122070313
580.41693801531039,228.36000061035156
580.62539804940286,226.05999755859375
580.83385209748246,216.02000427246094
581.04230015682163,228.19999694824219
581.25074222469209,225.58000183105469
581.45917829836674,213.10000610351563
581.66760837511811,219
581.87603245221965,223.72000122070313
582.08445052694458,225.05999755859375
582.29286259656624,216.63999938964844
582.50126865835921,216.33999633789063
582.70966870959717,208.58000183105469
582.91806274755481,212.58000183105469
583.12645076950685,216.69999694824219
583.334832772728,204.32000732421875
583.543208754494,209.17999267578125
583.75157871208012,211.52000427246094
583.959942642762,201.66000366210938
584.168300543816,217.89999389648438
584.37665241251864,202.8800048828125
584.58499824614637,213.47999572753906
584.7933380419762,193.80000305175781
585.0016717972851,197.02000427246094
585.2099995093505,196.3800048828125
585.4183211754505,196.05999755859375
585.62663679286288,203.53999328613281
585.8349463588662,186.82000732421875
586.04324987073858,203.6199951171875
586.25154732575891,193.22000122070313
586.45983872120667,193.97999572753906
586.66812405436087,198.30000305175781
586.87640332250146,193.5
587.08467652290824,187.36000061035156
587.29294365286148,186.55999755859375
587.50120470964157,193.32000732421875
587.70945969052934,192.33999633789063
587.91770859280575,180.94000244140625
588.12595141375232,191.69999694824219
588.33418815065045,180.72000122070313
588.54241880078189,183.74000549316406
588.75064336142941,190.86000061035156
588.95886182987465,176.5
589.16707420340072,179.75999450683594
589.3752804792905,165.97999572753906
589.58348065482744,183.3800048828125
589.79167472729489,169.89999389648438
589.99986269397664,175.55999755859375
590.20804455215659,192
590.41622029911957,173.16000366210938
590.62438993215028,171.75999450683594
590.832553448533,166.19999694824219
591.04071084555346,177.32000732421875
591.248862120497,171.86000061035156
591.45700727064934,160.6199951171875
591.66514629329652,162.16000366210938
591.87327918572487,168
592.08140594522126,163.08000183105469
592.28952656907222,176.44000244140625
592.497641054565,146.5
592.70574939898722,154.02000427246094
592.91385159962635,166.67999267578125
593.12194765377023,167.13999938964844
593.33003755870766,151.44000244140625
593.53812131172708,152.10000610351563
593.746198910117,164.30000305175781
593.95427035116688,163.80000305175781
594.1623356321661,146.72000122070313
594.37039475040422,158.27999877929688
594.57844770317115,168.17999267578125
594.78649448775741,161.44000244140625
594.99453510145338,161.97999572753906
595.20256954154979,140.46000671386719
595.41059780533772,157.03999328613281
595.6186198901089,146
595.82663579315465,157.22000122070313
596.03464551176694,153.46000671386719
596.2426490432382,148.69999694824219
596.45064638486087,149.3800048828125
596.65863753392784,142.96000671386719
596.86662248773189,142.77999877929688
597.07460124356669,148.5
597.28257379872571,143.60000610351563
597.490540150503,151.36000061035156
597.69850029619272,142.08000183105469
597.90645423308956,150.74000549316406
598.114401958488,131.32000732421875
598.32234346968335,142.67999267578125
598.53027876397073,127.81999969482422
598.73820783864608,144.19999694824219
598.94613069100512,139.32000732421875
599.1540473183444,139.75999450683594
599.36195771795985,128.22000122070313
599.56986188714848,140.55999755859375
599.77775982320793,131.17999267578125
599.98565152343474,138.32000732421875
600.19353698512714,140.3800048828125
600.40141620558268,120.31999969482422
600.6092891820997,138
600.817155911977,118.86000061035156
601.025016392513,137.86000061035156
601.2328706210069,134.39999389648438
601.4407185947581,139.44000244140625
601.64856031106626,128.72000122070313
601.85639576723133,135.16000366210938
602.0642249605537,115.33999633789063
602.2720478883333,130.80000305175781
602.4798645478719,116.59999847412109
602.68767493646965,128.86000061035156
602.89547905142854,127.94000244140625
603.10327689004987,129.72000122070313
603.31106844963608,116.94000244140625
603.518853727489,131.13999938964844
603.72663272091143,119.30000305175781
603.93440542720612,116.55999755859375
604.14217184367612,114.45999908447266
604.34993196762491,118.04000091552734
604.55768579635617,132.33999633789063
604.76543332717426,104.68000030517578
604.97317455738278,112.48000335693359
605.18090948428676,117.76000213623047
605.38863810519115,128.80000305175781
605.59636041740066,123.87999725341797
605.80407641822114,113.58000183105469
606.01178610495833,128.27999877929688
606.2194894749183,111.98000335693359
606.4271865254068,112.08000183105469
606.63487725373113,117.37999725341797
606.84256165719808,113.23999786376953
607.05023973311438,109.91999816894531
607.25791147878817,116.76000213623047
607.46557689152678,107.19999694824219
607.67323596863855,115.94000244140625
607.88088870743161,107.66000366210938
608.088535105215,93.839996337890625
608.29617515929726,114.05999755859375
608.50380886698792,105.05999755859375
608.71143622559657,116.69999694824219
608.91905723243292,118.01999664306641
609.12667188480691,112.30000305175781
609.33428018002928,99.800003051757813
609.54188211541089,101.58000183105469
609.74947768826235,107.22000122070313
609.95706689589485,109.54000091552734
610.16464973562063,104.13999938964844
610.3722262047512,110.51999664306641
610.57979630059879,102.98000335693359
610.78736002047606,109.12000274658203
610.99491736169557,115.51999664306641
611.20246832157056,106.16000366210938
611.41001289741428,103.30000305175781
611.61755108654074,101.23999786376953
611.82508288626332,99.9800033569336
612.03260829389694,104.40000152587891
612.24012730675577,101.77999877929688
612.44763992215462,109.62000274658203
612.65514613740879,106.73999786376953
612.86264594983379,106.55999755859375
613.07013935674559,91.959999084472656
613.2776263554598,111.27999877929688
613.48510694329286,103.40000152587891
613.69258111756164,97.180000305175781
613.90004887558291,88.540000915527344
614.10751021467411,100.30000305175781
614.31496513215268,89.800003051757813
614.52241362533618,108.90000152587891
614.72985569154321,90.839996337890625
614.93729132809187,102.41999816894531
615.14472053230111,96.959999084472656
615.35214330149,94.199996948242188
615.55955963297754,94.739997863769531
615.76696952408383,100.16000366210938
615.97437297212844,95.080001831054688
616.18176997443175,93.379997253417969
616.38916052831439,102.87999725341797
616.59654463109689,91.680000305175781
616.80392228010089,80.739997863769531
617.01129347264725,85.459999084472656
617.21865820605808,99.040000915527344
617.42601647765537,100.90000152587891
617.63336828476145,93.779998779296875
617.84071362469888,103.12000274658203
618.04805249479045,83.319999694824219
618.25538489236,95.260002136230469
618.4627108147306,91.620002746582031
618.67003025922611,102.26000213623047
618.87734322317078,89.660003662109375
619.08464970388911,84.779998779296875
619.29194969870582,94.860000610351563
619.49924320494586,87.580001831054688
619.70653021993473,95.55999755859375
619.913810740998,84
620.12108476546166,84.239997863769531
620.328352290652,92.9000015258789
620.53561331389585,81.919998168945313
620.74286783251944,97.319999694824219
620.95011584385054,97.339996337890625
621.15735734521638,88.160003662109375
621.36459233394487,76.0999984741211
621.57182080736413,96.300003051757813
621.77904276280253,78.360000610351563
621.98625819758843,73.720001220703125
622.19346710905143,89.379997253417969
622.40066949452057,92.44000244140625
622.60786535132524,83.379997253417969
622.81505467679574,76.239997863769531
623.022237468262,81.959999084472656
623.2294137230549,80.279998779296875
623.436583438505,94.680000305175781
623.64374661194324,70.839996337890625
623.85090324070177,90.9800033569336
624.05805332211173,90.860000610351563
624.26519685350536,77.879997253417969
624.472333832215,82.339996337890625
624.67946425557363,80.9000015258789
624.88658812091387,76.540000915527344
625.09370542556917,103.30000305175781
625.30081616687335,60.319999694824219
625.50792034215965,83.9000015258789
625.715017948763,75.9800033569336
625.92210898401777,80.239997863769531
626.12919344525858,67.0199966430664
626.33627132982042,90.779998779296875
626.54334263503927,76.379997253417969
626.75040735825064,74.0199966430664
626.95746549679041,78.879997253417969
627.16451704799522,73.220001220703125
627.37156200920174,80.800003051757813
627.57860037774674,76.279998779296875
627.78563215096767,89.680000305175781
627.99265732620233,68.959999084472656
628.19967590078841,74
628.406687872064,70.0999984741211
628.61369323736778,74.160003662109375
628.82069199403884,75.9800033569336
629.02768413941646,80.44000244140625
629.23466967083937,69.44000244140625
629.44164858564818,69.800003051757813
629.64862088118252,71.839996337890625
629.8555865547828,76.680000305175781
630.06254560378966,69.0999984741211
630.26949802554452,74.94000244140625
630.47644381738883,66.160003662109375
630.68338297666355,77.55999755859375
630.89031550071115,70.5199966430664
631.097241386874,64.639999389648438
631.30416063249413,69.040000915527344
631.511073234915,73.680000305175781
631.71797919147957,61.560001373291016
631.9248784995317,53.119998931884766
632.13177115641474,74.339996337890625
632.33865715947309,63.040000915527344
632.54553650605123,77.4800033569336
632.75240919349392,64.5199966430664
632.95927521914632,58.5
633.16613458035351,69.239997863769531
633.37298727446182,68.9000015258789
633.57983329881688,60.279998779296875
633.78667265076524,58.439998626708984
633.99350532765322,64.319999694824219
634.20033132682818,64.220001220703125
634.4071506456371,64.44000244140625
634.61396328142791,54.700000762939453
634.82076923154852,71
635.02756849334673,66.220001220703125
635.23436106417182,65.040000915527344
635.441146941372,63.959999084472656
635.64792612229678,61.040000915527344
635.85469860429555,52.220001220703125
636.06146438471842,66.279998779296875
636.26822346091524,48.099998474121094
636.47497583023653,61.840000152587891
636.68172149003294,54.680000305175781
636.88846043765568,62.580001831054688
637.09519267045619,53.720001220703125
637.30191818578623,58.639999389648438
637.50863698099772,54.900001525878906
637.71534905344322,65.300003051757813
637.9220544004753,51.380001068115234
638.12875301944689,47.279998779296875
638.33544490771135,59.139999389648438
638.542130062622,51.919998168945313
638.7488084815335,45.979999542236328
638.95548016179953,60.220001220703125
639.16214510077486,60.959999084472656
639.36880329581436,52.060001373291016
639.57545474427343,46.840000152587891
639.78209944350738,58.720001220703125
639.98873739087219,65.5199966430664
640.195368583724,62.479999542236328
640.40199301941936,52.659999847412109
640.60861069531518,45.119998931884766
640.8152216087683,54.7400016784668
641.02182575713653,45.720001220703125
641.22842313777744,55.459999084472656
641.43501374804919,39.2599983215332
641.64159758531014,40.840000152587891
641.84817464691923,38.659999847412109
642.0547449302353,58.580001831054688
642.26130843261785,53.279998779296875
642.46786515142674,44.619998931884766
642.67441508402192,57.720001220703125
642.88095822776336,49.340000152587891
643.08749458001216,51.520000457763672
643.29402413812932,39.700000762939453
643.50054689947592,48.599998474121094
643.70706286141387,55.220001220703125
643.91357202130484,57.119998931884766
644.1200743765113,43.680000305175781
644.32656992439593,46.7599983215332
644.53305866232142,49.520000457763672
644.73954058765128,40.400001525878906
644.946015697749,52.900001525878906
645.15248398997846,54.200000762939453
645.35894546170368,57.439998626708984
645.56540011028972,51.580001831054688
645.77184793310118,44.959999084472656
645.97828892750306,40.7400016784668
646.184723090861,52.860000610351563
646.391150420541,39.419998168945313
646.59757091390918,48.319999694824219
646.803984568332,43.2599983215332
647.01039138117608,54.060001373291016
647.21679134980911,42.959999084472656
647.42318447159812,39.400001525878906
647.62957074391113,46.7400016784668
647.83595016411584,48.900001525878906
648.04232272958143,45.380001068115234
648.24868843767615,42.720001220703125
648.45504728576907,44.380001068115234
648.66139927123,46.580001831054688
648.86774439142812,63.419998168945313
649.07408264373419,35.299999237060547
649.280414025518,38.7599983215332
649.48673853415073,44.119998931884766
649.69305616700353,42.400001525878906
649.89936692144738,55
650.10567079485418,44.919998168945313
650.311967784596,36.020000457763672
650.51825788804513,37.159999847412109
650.72454110257434,53.5
650.93081742555682,33.459999084472656
651.13708685436575,39.380001068115234
651.3433493863746,36.5
651.54960501895789,42.919998168945313
651.75585374948957,49.560001373291016
651.96209557534451,46.040000915527344
652.16833049389743,42.580001831054688
652.37455850252422,45.5
652.5807795986002,39.479999542236328
652.78699377950113,37.099998474121094
652.9932010426038,38.619998931884766
653.19940138528455,43.840000152587891
653.40559480492038,43.319999694824219
653.61178129888879,33.779998779296875
653.81796086456723,47.560001373291016
654.024133499334,41.779998779296875
654.23029920056706,36.860000610351563
654.4364579656451,44.840000152587891
654.642609791947,44.599998474121094
654.84875467685242,36.020000457763672
655.05489261774073,43.2599983215332
655.261023611992,36.360000610351563
655.4671476569863,30.600000381469727
655.67326475010441,39.720001220703125
655.87937488872763,47.220001220703125
656.08547807023672,31.920000076293945
656.29157429201337,31.840000152587891
656.4976635514397,38.819999694824219
656.703745845898,44.7400016784668
656.9098211727711,40.479999542236328
657.11588952944157,38.639999389648438
657.32195091329277,37.919998168945313
657.52800532170829,31.819999694824219
657.73405275207233,44.540000915527344
657.94009320176917,37.880001068115234
658.14612666818323,27.680000305175781
658.3521531486997,26.020000457763672
658.55817264070345,50.560001373291016
658.76418514158047,29.819999694824219
658.97019064871665,45.439998626708984
659.17618915949834,33.279998779296875
659.38218067131208,44.380001068115234
659.58816518154481,41.7599983215332
659.79414268758387,27.360000610351563
660.00011318681686,44.900001525878906
660.20607667663182,36.159999847412109
660.41203315441726,43.540000915527344
660.61798261756121,35.840000152587891
660.82392506345332,37.080001831054688
661.02986048948253,43.419998168945313
661.23578889303849,38.2599983215332
661.44171027151151,28.5
661.64762462229169,35.060001373291016
661.85353194276956,32.520000457763672
662.05943223033626,46.139999389648438
662.26532548238333,30.1200008392334
662.471211696302,40.639999389648438
662.67709086948457,27.760000228881836
662.88296299932347,44.200000762939453
663.08882808321107,34.880001068115234
663.29468611854077,27.479999542236328
663.50053710270572,34.919998168945313
663.70638103309977,37.880001068115234
663.91221790711688,38.319999694824219
664.11804772215112,36.200000762939453
664.32387047559769,35.040000915527344
664.52968616485146,34.840000152587891
664.73549478730786,33.5
664.94129634036233,42.459999084472656
665.14709082141155,33.959999084472656
665.35287822785142,28.239999771118164
665.55865855707884,37.099998474121094
665.76443180649119,48
665.97019797348526,33.880001068115234
666.17595705545955,23.219999313354492
666.38170904981166,27.940000534057617
666.58745395394021,31.579999923706055
666.793191765244,26.040000915527344
666.99892248112235,34.459999084472656
667.20464609897465,27.860000610351563
667.41036261620036,33.5
667.61607203020014,19.680000305175781
667.82177433837433,41.380001068115234
668.02746953812357,27.280000686645508
668.23315762684945,22.479999542236328
668.438838601953,37.340000152587891
668.64451246083649,26.040000915527344
668.85017920090206,30.299999237060547
669.05583881955226,17.8799991607666
669.26149131418981,33.2400016784668
669.46713668221821,33.619998931884766
669.672774921041,36.159999847412109
669.87840602806182,38.639999389648438
670.08403000068517,35
670.28964683631591,27.940000534057617
670.49525653235855,32.080001831054688
670.70085908621866,31.760000228881836
670.90645449530177,29.420000076293945
671.112042757014,30.100000381469727
671.31762386876153,25.479999542236328
671.52319782795121,37.5
671.72876463199,27.319999694824219
671.93432427828532,30.659999847412109
672.13987676424483,32.319999694824219
672.34542208727635,19.700000762939453
672.55096024478883,32.459999084472656
672.75649123419043,33.319999694824219
672.96201505289071,32.939998626708984
673.16753169829906,29.159999847412109
673.373041167825,25.600000381469727
673.5785434588787,20.860000610351563
673.7840385688711,32.680000305175781
673.98952649521243,36.959999084472656
674.195007235314,20
674.40048078658776,31.680000305175781
674.60594714644515,26.600000381469727
674.81140631229857,30.840000152587891
675.01685828156064,30.260000228881836
675.222303051644,27.920000076293945
675.427740619962,25.420000076293945
675.63317098392849,27.760000228881836
675.83859414095707,26.319999694824219
676.04401008846241,22.3799991607666
676.24941882385883,31.6200008392334
676.45482034456165,26.200000762939453
676.660214647986,33.520000457763672
676.86560173154737,27.100000381469727
677.07098159266218,39.400001525878906
677.27635422874675,11.9399995803833
677.48171963721779,23.3799991607666
677.68707781549233,31.059999465942383
677.89242876098774,17.340000152587891
678.0977724711222,20.979999542236328
678.30310894331319,30.860000610351563
678.50843817498014,23.5
678.71376016354088,27.020000457763672
678.91907490641518,25.680000305175781
679.12438240102279,22.639999389648438
679.32968264478291,29.520000457763672
679.53497563511621,28.340000152587891
679.74026136944326,27.639999389648438
679.94553984518507,22.680000305175781
680.15081105976265,17.659999847412109
680.356075010598,20.780000686645508
680.56133169511293,20.520000457763672
680.76658111072982,29.920000076293945
680.97182325487142,30.459999084472656
681.17705812496069,17.920000076293945
681.382285718421,25.239999771118164
681.58750603267652,30.959999084472656
681.79271906515078,29.159999847412109
681.99792481326847,14.479999542236328
682.2031232744547,22.360000610351563
682.40831444613423,22
682.61349832573262,23.600000381469727
682.81867491067612,24.799999237060547
683.02384419839063,28.8799991607666
683.22900618630285,19.340000152587891
683.43416087183971,14.979999542236328
683.63930825242835,17.899999618530273
683.84444832549673,25.899999618530273
684.04958108847245,21.5
684.25470653878426,26.5
684.45982467386079,20.979999542236328
684.66493549113068,30.760000228881836
684.870038988024,29.920000076293945
685.07513516197014,22
685.28022401039914,18.180000305175781
685.48530553074181,26.360000610351563
685.69037972042872,16.3799991607666
685.89544657689112,17.1200008392334
686.10050609756081,19.600000381469727
686.30555827986939,18.3799991607666
686.51060312124923,25.920000076293945
686.71564061913307,13.260000228881836
686.92067077095362,21.8799991607666
687.12569357414441,24.440000534057617
687.33070902613917,24.979999542236328
687.53571712437179,24.280000686645508
687.74071786627667,22.659999847412109
687.94571124928871,23.840000152587891
688.15069727084312,28.440000534057617
688.35567592837515,16.180000305175781
688.56064721932069,27.079999923706055
688.765611141116,20.159999847412109
688.97056769119752,18.8799991607666
689.17551686700222,20.040000915527344
689.38045866596747,15.140000343322754
689.58539308553077,13.119999885559082
689.79032012313,20.340000152587891
689.99523977620379,15.680000305175781
690.20015204219078,20.700000762939453
690.40505691852979,19.479999542236328
690.60995440266049,11.319999694824219
690.81484449202242,14.0600004196167
691.01972718405591,28.020000457763672
691.22460247620143,20.200000762939453
691.42947036589987,23.280000686645508
691.63433085059239,21.360000610351563
691.83918392772046,19.040000915527344
692.04402959472634,13
692.24886784905209,13.520000457763672
692.45369868814021,16.840000152587891
692.65852210943433,19.979999542236328
692.863338110377,20.5
693.06814668841275,14.5
693.27294784098513,21.979999542236328
693.47774156553874,11.859999656677246
693.68252785951859,25.239999771118164
693.88730672036979,26.200000762939453
694.09207814553793,5.5199999809265137
694.29684213246856,3.619999885559082
694.5015986786085,26.440000534057617
694.706347781404,10.180000305175781
694.9110894383025,21.079999923706055
695.11582364675064,10.539999961853027
695.32055040419687,26.860000610351563
695.5252697080889,26.040000915527344
695.72998155587538,10.100000381469727
695.93468594500484,19.299999237060547
696.1393828729266,25.200000762939453
696.34407233709044,16.239999771118164
696.548754334946,12.800000190734863
696.75342886394355,14.899999618530273
696.958095921534,18.719999313354492
697.162755505168,11.819999694824219
697.36740761229692,19.319999694824219
697.57205224037284,18.520000457763672
697.77668938684758,12.659999847412109
697.98131904917386,17.100000381469727
698.18594122480408,15.840000152587891
698.39055591119177,24.6200008392334
698.59516310579033,23.700000762939453
698.79976280605388,15.859999656677246
699.00435500943627,17.559999465942383
699.20893971339251,15.399999618530273
699.41351691537761,19.899999618530273
699.61808661284692,24.319999694824219
699.82264880325624,13.5600004196167
700.02720348406137,23.6200008392334
700.23175065271937,10.140000343322754
700.43629030668649,16.5
700.64082244342023,16.920000076293945
700.84534706037823,15.680000305175781
701.04986415501821,16.340000152587891
701.25437372479882,26.579999923706055
701.45887576717848,-0.62000000476837158
701.66337027961617,24.159999847412109
701.86785725957179,10.039999961853027
702.07233670450478,14.800000190734863
702.27680861187514,8.7200002670288086
702.48127297914357,15.880000114440918
702.6857298037711,16.3799991607666
702.890179083219,21.799999237060547
703.0946208149486,17.819999694824219
703.29905499642189,17.299999237060547
703.50348162510181,0.72000002861022949
703.70790069845054,19.600000381469727
703.9123122139315,20.840000152587891
704.11671616900787,11.279999732971191
704.32111256114376,22.799999237060547
704.52550138780327,16.399999618530273
704.72988264645085,22.360000610351563
704.93425633455183,8.1800003051757813
705.13862244957113,22.139999389648438
705.34298098897477,13.220000267028809
705.54733195022868,15.359999656677246
705.75167533079934,15.619999885559082
705.95601112815348,22.159999847412109
706.16033933975825,3.7000000476837158
706.36465996308152,13.600000381469727
706.5689729955908,5.880000114440918
706.77327843475473,25.059999465942383
706.97757627804151,-0.63999998569488525
707.1818665229207,18.079999923706055
707.38614916686151,12.720000267028809
707.59042420733374,23.180000305175781
707.79469164180728,24.739999771118164
707.99895146775316,9.6800003051757813
708.203203682642,15.779999732971191
708.407448283945,10.579999923706055
708.61168526913377,24.360000610351563
708.81591463568077,8.8999996185302734
709.020136381058,20.659999847412109
709.22435050273793,15.0600004196167
709.42855699819449,15.359999656677246
709.63275586490056,13.5600004196167
709.83694710033035,16.600000381469727
710.041130701958,12.5
710.24530666725821,6.559999942779541
710.449474993706,18.700000762939453
710.65363567877625,14.380000114440918
710.85778871994557,21.100000381469727
711.06193411468962,-1.8799999952316284
711.266071860485,25.420000076293945
711.47020195480843,18
711.67432439513732,22.020000457763672
711.87843917894941,1.6200000047683716
712.08254630372267,4.71999979019165
712.28664576693529,31.020000457763672
712.490737566066,12.0600004196167
712.69482169859418,19.260000228881836
712.89889816199934,8.9200000762939453
713.10296695376121,16.659999847412109
713.30702807136015,8.2600002288818359
713.51108151227663,8.1800003051757813
713.71512727399192,15.539999961853027
713.9191653539873,12.079999923706055
714.12319574974447,13.539999961853027
714.32721845874551,21.819999694824219
714.53123347847338,13.920000076293945
714.73524080641062,8.880000114440918
714.93924044004063,23.8799991607666
715.14323237684675,14.5
715.34721661431365,19.299999237060547
715.55119314992521,11.220000267028809
715.75516198116622,0.34000000357627869
715.95912310552239,4.4600000381469727
716.16307652047874,20.200000762939453
716.36702222352119,12.619999885559082
716.57096021213658,15.840000152587891
716.774890483811,12.140000343322754
716.97881303603185,2.2799999713897705
717.18272786628643,18.559999465942383
717.38663497206255,19.059999465942383
717.59053435084854,18.940000534057617
717.79442600013329,9.5
717.998309917405,19.1200008392334
718.20218610015343,6.9000000953674316
