439.33074350069882,0.800000011920929
439.54259297728822,2.0399999618530273
439.75443835008639,-1.4199999570846558
439.96627961622551,4.4000000953674316
440.17811677283731,5.380000114440918
440.3899498170544,7.6599998474121094
440.6017787460093,0.98000001907348633
440.81360355683444,8.2200002670288086
441.02542424666274,6.78000020980835
441.23724081262696,8.34000015258789
441.44905325186056,5.559999942779541
441.66086156149623,10.880000114440918
441.87266573866737,8.65999984741211
442.08446578050786,13.119999885559082
442.2962616841512,13.760000228881836
442.50805344673091,11.859999656677246
442.71984106538116,17.459999084472656
442.93162453723613,14.880000114440918
443.14340385942972,17.680000305175781
443.35517902909663,17.1200008392334
443.56695004337126,18.079999923706055
443.77871689938826,15.4399995803833
443.99047959428248,22.459999084472656
444.20223812518884,25.659999847412109
444.41399248924267,29.340000152587891
444.62574268357906,25.520000457763672
444.83748870533361,27.059999465942383
445.04923055164147,26.299999237060547
445.26096821963864,31.579999923706055
445.47270170646141,33.159999847412109
445.68443100924509,35.479999542236328
445.89615612512625,33.2400016784668
446.10787705124113,41.220001220703125
446.31959378472607,38.900001525878906
446.5313063227178,42.919998168945313
446.7430146623534,43.400001525878906
446.95471880076929,43.939998626708984
447.1664187351027,47.5
447.37811446249094,48.099998474121094
447.5898059800715,44.979999542236328
447.80149328498186,48.520000457763672
448.01317637435949,46.5
448.22485524534238,46.939998626708984
448.43652989506882,51.560001373291016
448.64820032067621,53.720001220703125
448.85986651930352,48.680000305175781
449.07152848808903,50.680000305175781
449.28318622417123,43.900001525878906
449.4948397246888,53.5
449.706488986781,50.180000305175781
449.91813400758645,45.979999542236328
450.12977478424477,50.520000457763672
450.34141131389504,47.180000305175781
450.55304359367705,43.139999389648438
450.76467162073016,45.2400016784668
450.97629539219457,41.060001373291016
451.18791490521005,43.360000610351563
451.39953015691685,47.459999084472656
451.61114114445513,40.419998168945313
451.82274786496538,41.7400016784668
452.03435031558826,35.880001068115234
452.24594849346494,34.7400016784668
452.45754239573557,33.720001220703125
452.66913201954179,34.959999084472656
452.88071736202454,32.939998626708984
453.09229842032545,32.580001831054688
453.303875191586,29.700000762939453
453.51544767294786,24.200000762939453
453.7270158615529,26.219999313354492
453.93857975454313,26.520000457763672
454.150139349061,24.399999618530273
454.36169464224855,24.600000381469727
454.57324563124808,20
454.78479231320279,20.260000228881836
454.99633468525519,16.360000610351563
455.20787274454858,21.260000228881836
455.41940648822555,17.299999237060547
455.6309359134296,19.139999389648438
455.84246101730457,16.979999542236328
456.05398179699353,11.399999618530273
456.26549824964059,15.9399995803833
456.47701037238937,14.760000228881836
456.68851816238441,11.859999656677246
456.90002161676961,14.9399995803833
457.11152073268966,7.2399997711181641
457.323015507289,11.539999961853027
457.53450593771214,7.9200000762939453
457.74599202110448,10.380000114440918
457.9574737546107,7.2600002288818359
458.16895113537612,11.260000228881836
458.38042416054589,5.7399997711181641
458.59189282726589,9.7799997329711914
458.80335713268181,7.9200000762939453
459.01481707393947,9.0399999618530273
459.22627264818476,3.3399999141693115
459.43772385256415,4.1599998474121094
459.64917068422358,8.2200002670288086
459.86061314030991,4.619999885559082
460.07205121796994,4.8000001907348633
460.28348491435,8.9799995422363281
460.49491422659759,3.5999999046325684
460.70633915185977,6.820000171661377
460.91775968728376,5.4000000953674316
461.129175830017,5.8600001335144043
461.34058757720737,2.7200000286102295
461.55199492600258,3.7400000095367432
461.76339787355062,2.9000000953674316
461.97479641699977,6.0799999237060547
462.18619055349819,5.28000020980835
462.3975802801944,2.5199999809265137
462.60896559423747,3.559999942779541
462.82034649277551,3.5999999046325684
463.03172297295788,5.3000001907348633
463.24309503193388,1.0199999809265137
463.45446266685263,6.3000001907348633
463.66582587486369,6.820000171661377
463.87718465311667,1.2599999904632568
464.08853899876112,4.8000001907348633
464.29988890894765,2.3199999332427979
464.5112343808259,0.98000001907348633
464.72257541154659,6.5999999046325684
464.93391199826004,3.1800000667572021
465.14524413811654,3.619999885559082
465.35657182826748,4.1399998664855957
465.56789506586352,4.1999998092651367
465.7792138480562,3.7200000286102295
465.99052817199635,4.679999828338623
466.20183803483559,2.6800000667572021
466.41314343372579,0.87999999523162842
466.62444436581893,2.2400000095367432
466.83574082826658,5.2600002288818359
467.04703281822117,3.4000000953674316
467.25832033283513,-1.9800000190734863
467.46960336926065,7.3600001335144043
467.68088192465069,5.880000114440918
467.89215599615818,7.0799999237060547
468.10342558093618,-1.5800000429153442
468.31469067613727,3.2000000476837158
468.52595127891567,5.0199999809265137
468.73720738642436,1.2799999713897705
468.94845899581725,4.820000171661377
469.15970610424819,5.940000057220459
469.3709487088712,3.559999942779541
469.58218680684064,2.7799999713897705
469.793420395311,1.6000000238418579
470.00464947143644,2
470.21587403237197,6.6399998664855957
470.42709407527252,2.3399999141693115
470.63830959729324,7.0999999046325684
470.84952059558913,0.95999997854232788
471.060727067316,4.4600000381469727
471.27192900962905,11.239999771118164
471.48312641968448,2.9800000190734863
471.69431929463809,6.6999998092651367
471.90550763164589,6.9000000953674316
472.11669142786428,2.4800000190734863
472.32787068044956,2.380000114440918
472.53904538655877,7.2600002288818359
472.7502155433483,1.0199999809265137
472.96138114797566,6.5
473.17254219759764,4.820000171661377
473.38369868937156,2.380000114440918
473.59485062045536,6.5199999809265137
473.80599798800625,1.1200000047683716
474.01714078918229,2.2000000476837158
474.22827902114182,8.0600004196167
474.43941268104288,3.7200000286102295
474.65054176604372,6.5399999618530273
474.86166627330317,3.7400000095367432
475.07278619997965,2.8599998950958252
475.28390154323256,5.679999828338623
475.49501230022088,5.8000001907348633
475.70611846810368,5.2399997711181641
475.91722004404073,6.1399998664855957
476.12831702519139,2.2400000095367432
476.33940940871571,2.3199999332427979
476.55049719177373,9.9200000762939453
476.76158037152527,3.5999999046325684
476.97265894513123,6.9800000190734863
477.18373290975171,1.5399999618530273
477.39480226254761,3.7599999904632568
477.60586700068,1.0199999809265137
477.81692712130956,11.520000457763672
478.02798262159791,2.2799999713897705
478.23903349870636,4.6999998092651367
478.45007974979649,5.6399998664855957
478.66112137203027,1.059999942779541
478.87215836256956,5.5
479.08319071857647,2.4600000381469727
479.29421843721326,6.4600000381469727
479.50524151564292,6.9200000762939453
479.71625995102761,1.9600000381469727
479.92727374053044,3.2400000095367432
480.13828288131447,2.619999885559082
480.34928737054304,4.559999942779541
480.56028720537938,1.3400000333786011
480.77128238298741,6.6399998664855957
480.98227290053052,5.7600002288818359
481.193258755173,5.4600000381469727
481.40423994407877,6.4600000381469727
481.61521646441241,4.320000171661377
481.82618831333826,10.859999656677246
482.03715548802137,1.7000000476837158
482.24811798562621,5.5799999237060547
482.459075803318,7.5999999046325684
482.67002893826225,9.9600000381469727
482.88097738762377,4.7600002288818359
483.09192114856904,5.1599998474121094
483.30286021826322,6.320000171661377
483.51379459387243,3.2000000476837158
483.72472427256304,7.5
483.93564925150127,9.0200004577636719
484.1465695278539,4.2600002288818359
484.35748509878732,7.679999828338623
484.5683959614687,7.28000020980835
484.77930211306494,6.6999998092651367
484.99020355074344,3.7799999713897705
485.20110027167181,4.21999979019165
485.41199227301786,3.7400000095367432
485.62287955194887,8.3999996185302734
485.83376210563318,13.420000076293945
486.04463993123903,6.78000020980835
486.255513025935,6.3600001335144043
486.46638138688934,8.1000003814697266
486.67724501127111,10.840000152587891
486.88810389624933,6.9000000953674316
487.09895803899286,12.140000343322754
487.30980743667129,8.7600002288818359
487.52065208645411,10.9399995803833
487.73149198551084,13.260000228881836
487.94232713101184,8.4399995803833
488.15315752012685,15.720000267028809
488.36398315002623,13.720000267028809
488.57480401788041,7.559999942779541
488.78562012086036,13.720000267028809
488.99643145613646,12.840000152587891
489.20723802088025,13.340000152587891
489.41803981226275,12.739999771118164
489.62883682745542,15.399999618530273
489.83962906362962,8.2600002288818359
490.05041651795756,13.039999961853027
490.26119918761106,19.360000610351563
490.47197706976226,16.159999847412109
490.68275016158367,18.700000762939453
490.89351846024795,16.159999847412109
491.10428196292747,17.440000534057617
491.31504066679565,18.200000762939453
491.52579456902527,20.600000381469727
491.73654366678994,22.639999389648438
491.94728795726303,22.819999694824219
492.15802743761844,19.8799991607666
492.3687621050297,27.739999771118164
492.57949195667118,25.700000762939453
492.79021698971752,23.739999771118164
493.00093720134259,29.040000915527344
493.21165258872151,32.599998474121094
493.42236314902885,25.819999694824219
493.63306887943992,32.560001373291016
493.84376977712992,30.840000152587891
494.05446583927449,30.360000610351563
494.26515706304912,31.520000457763672
494.47584344562944,34.2400016784668
494.686524984192,36.700000762939453
494.89720167591253,40.180000305175781
495.10787351796779,41.2400016784668
495.31854050753429,37.080001831054688
495.529202641789,46.159999847412109
495.73985991790863,46.119998931884766
495.95051233307083,52.139999389648438
496.1611598844525,51.400001525878906
496.3718025692317,49.840000152587891
496.58244038458611,55.659999847412109
496.79307332769378,57.459999084472656
497.00370139573255,56.439998626708984
497.2143245858814,64.360000610351563
497.42494289531851,60.520000457763672
497.63555632122279,69.220001220703125
497.84616486077311,66.760002136230469
498.05676851114885,69.44000244140625
498.26736726952925,78.279998779296875
498.4779611330942,84.680000305175781
498.68855009902273,84.9800033569336
498.89913416449571,94.839996337890625
499.10971332669288,90
499.32028758279461,96.860000610351563
499.53085692998167,104.5
499.74142136543446,107.08000183105469
499.95198088633418,110.09999847412109
500.162535489862,118.83999633789063
500.37308517319951,125.80000305175781
500.58362993352796,129.80000305175781
500.79416976802906,137.6199951171875
501.0047046738851,139.03999328613281
501.21523464827828,142.1199951171875
501.42575968839054,151.24000549316406
501.63627979140483,159.1199951171875
501.84679495450359,171.19999694824219
502.05730517487041,173.22000122070313
502.26781044968789,183.8800048828125
502.47831077613938,189.58000183105469
502.68880615140881,193.05999755859375
502.89929657267993,198.6199951171875
503.10978203713648,217.96000671386719
503.3202625419629,221.33999633789063
503.53073808434328,233.25999450683594
503.74120866146251,239.16000366210938
503.95167427050529,259.33999633789063
504.16213490865653,259.55999755859375
504.37259057310155,278.42001342773438
504.58304126102564,288.6199951171875
504.79348696961449,304.8800048828125
505.00392769605406,311.94000244140625
505.21436343753004,328.67999267578125
505.42479419122878,340.6199951171875
505.63521995433683,350.66000366210938
505.84564072404083,368.6400146484375
506.05605649752715,385.5
506.26646727198357,393.70001220703125
506.4768730445968,411.57998657226563
506.68727381255445,434.54000854492188
506.89766957304408,454.42001342773438
507.10806032325382,464.8800048828125
507.3184460603714,491.760009765625
507.52882678158511,501.77999877929688
507.739202484084,521.67999267578125
507.94957316505594,545.1199951171875
508.15993882169028,568.52001953125
508.37029945117632,596.08001708984375
508.58065505070272,605.29998779296875
508.7910056174594,631.94000244140625
509.00135114863616,652.53997802734375
509.21169164142282,687.5999755859375
509.42202709300943,709.53997802734375
509.63235750058664,726.82000732421875
509.84268286134449,755.0999755859375
510.05300317247412,786.219970703125
510.26331843116617,804.780029296875
510.47362863461234,840.58001708984375
510.68393378000383,877.55999755859375
510.89423386453188,906.17999267578125
511.10452888538867,928.70001220703125
511.31481883976596,974.20001220703125
511.525103724856,1001.52001953125
511.73538353785153,1034.8199462890625
511.945658275945,1083.56005859375
512.15592793632914,1121.0400390625
512.36619251619732,1166.43994140625
512.57645201274227,1191.47998046875
512.78670642315808,1250.4200439453125
512.99695574463806,1268.4599609375
513.20719997437629,1334.56005859375
513.417439109567,1391.1199951171875
513.62767314740415,1424.239990234375
513.83790208508253,1463.9000244140625
514.04812591979714,1526.9200439453125
514.25834464874242,1588.5799560546875
514.46855826911349,1617.719970703125
514.67876677810648,1704.9000244140625
514.88897017291652,1754.5400390625
515.09916845073951,1811.52001953125
515.309361608771,1868.1800537109375
515.51954964420793,1940.5
515.72973255424654,2030.4000244140625
515.93991033608347,2071.1201171875
516.15008298691555,2155.3798828125
516.36025050393994,2249.699951171875
516.5704128843538,2306.4599609375
516.780570125355,2389.06005859375
516.99072222414088,2465.080078125
517.20086917790957,2534.280029296875
517.41101098385923,2631.06005859375
517.62114763918851,2732.93994140625
517.83127914109537,2799.43994140625
518.04140548677924,2896.179931640625
518.25152667343866,2994.280029296875
518.46164269827341,3104.780029296875
518.67175355848246,3172
518.88185925126606,3275.800048828125
519.09195977382342,3399.39990234375
519.30205512335522,3442.739990234375
519.51214529706135,3577.139892578125
519.72223029214263,3639.199951171875
519.93231010579962,3772.10009765625
520.14238473523346,3900.43994140625
520.35245417764531,3928.739990234375
520.56251843023665,4070.280029296875
520.7725774902093,4162.8798828125
520.98263135476441,4222.919921875
521.19268002110482,4319.77978515625
521.40272348643236,4410
521.61276174794955,4445.080078125
521.82279480285945,4538.89990234375
522.03282264836469,4584.740234375
522.24284528166856,4680.2998046875
522.45286269997439,4673.77978515625
522.6628749004858,4771.14013671875
522.87288188040668,4812.68017578125
523.08288363694078,4877.2001953125
523.292880167293,4831.27978515625
523.50287146866719,4874.97998046875
523.712857538268,4863.7001953125
523.922838373301,4925.4599609375
524.1328139709708,4884.419921875
524.34278432848316,4882.72021484375
524.552749443043,4873.64013671875
524.762709311857,4827.919921875
524.97266393213044,4841.52001953125
525.18261330107009,4758.97998046875
525.39255741588192,4728.60009765625
525.602496273773,4704.97998046875
525.81242987195037,4666.39990234375
526.02235820762064,4595.72021484375
526.23228127799189,4548.47998046875
526.44219908027117,4461.259765625
526.65211161166633,4437.5400390625
526.86201886938534,4343.81982421875
527.07192085063673,4273.02001953125
527.28181755262892,4195.68017578125
527.49170897257056,4121.259765625
527.70159510767041,4049.97998046875
527.911475955138,3974.5
528.1213515121824,3916.260009765625
528.33122177601331,3814.300048828125
528.54108674384065,3770.0400390625
528.75094641287387,3653.3798828125
528.96080078032423,3545.47998046875
529.17064984340163,3483.239990234375
529.38049359931665,3423.6201171875
529.59033204528055,3342.97998046875
529.8001651785047,3254.199951171875
530.00999299619991,3209.820068359375
530.21981549557847,3120.719970703125
530.42963267385153,3042.97998046875
530.63944452823159,2963.919921875
530.84925105593118,2865.02001953125
531.05905225416257,2820.139892578125
531.26884812013816,2761.800048828125
531.47863865107149,2694.5400390625
531.68842384417565,2623.860107421875
531.89820369666393,2568.320068359375
532.1079782057501,2508.5400390625
532.31774736864827,2431.679931640625
532.52751118257186,2381.93994140625
532.73726964473622,2341.60009765625
532.94702275235511,2287.5400390625
533.15677050264389,2255.10009765625
533.36651289281724,2202.239990234375
533.57624992009062,2179.219970703125
533.78598158167961,2117.919921875
533.99570787479956,2080.280029296875
534.20542879666687,2019.800048828125
534.41514434449766,1985.1800537109375
534.62485451550788,1958.3599853515625
534.8345593069148,1945.780029296875
535.044258715935,1900.47998046875
535.25395273978563,1867.47998046875
535.46364137568412,1851.760009765625
535.67332462084789,1831.0400390625
535.88300247249481,1815.6400146484375
536.092674927843,1827.52001953125
536.30234198411063,1811.02001953125
536.51200363851626,1780.47998046875
536.72165988827851,1780.760009765625
536.93131073061659,1774.3800048828125
537.14095616274938,1739.739990234375
537.35059618189644,1714.1400146484375
537.56023078527767,1689
537.76985997011252,1672.280029296875
537.97948373362158,1652.8399658203125
538.18910207302486,1650.4000244140625
538.39871498554317,1620.6800537109375
538.60832246839709,1646.1600341796875
538.817924518808,1591.4599609375
539.027521133997,1581.56005859375
539.23711231118557,1569.5
539.44669804759553,1541.52001953125
539.656278340449,1515.300048828125
539.865853186968,1492.6400146484375
540.07542258437536,1458.1800537109375
540.28498652989344,1438.8800048828125
540.49454502074525,1434.280029296875
540.70409805415409,1411.3800048828125
540.91364562734316,1398.8399658203125
541.12318773753634,1387.8599853515625
541.33272438195718,1371.699951171875
541.54225555783012,1347.0999755859375
541.75178126237961,1327.6800537109375
541.96130149282988,1320.3199462890625
542.170816246406,1296.1800537109375
542.3803255203328,1275.4599609375
542.58982931183584,1256.0799560546875
542.79932761814052,1257.5400390625
543.00882043647289,1240.239990234375
543.21830776405841,1221.800048828125
543.42778959812381,1205.93994140625
543.63726593589513,1189.800048828125
543.84673677459978,1192.5799560546875
544.056202111464,1185.1199951171875
544.26566194371571,1163.1199951171875
544.4751162685817,1127.1199951171875
544.68456508329007,1135.43994140625
544.89400838506845,1112.6400146484375
545.10344617114515,1081.1600341796875
545.31287843874861,1075.239990234375
545.52230518510771,1046.719970703125
545.73172640745054,1034.6199951171875
545.94114210300711,1035.5
546.15055226900631,1002.4400024414063
546.35995690267782,994.08001708984375
546.56935600125132,981.96002197265625
546.77874956195728,956.760009765625
546.98813758202573,963.260009765625
547.19752005868747,934.760009765625
547.40689698917311,922.82000732421875
547.61626837071333,909.3800048828125
547.82563420054021,891.719970703125
548.03499447588479,876.70001220703125
548.24434919397913,858.70001220703125
548.45369835205474,844.4000244140625
548.66304194734425,829.0999755859375
548.8723799770803,825.8800048828125
549.0817124384954,822.46002197265625
549.29103932882254,802.08001708984375
549.5003606452949,785.05999755859375
549.70967638514617,782.8800048828125
549.91898654560987,763.780029296875
550.12829112391989,772.70001220703125
550.33759011731081,751.6199951171875
550.5468835230165,743.760009765625
550.75617133827234,741.5999755859375
550.96545356031254,726.20001220703125
551.174730186373,716.3800048828125
551.38400121368875,708.53997802734375
551.59326663949537,711.3599853515625
551.802526461029,689.58001708984375
552.01178067552553,684.0999755859375
552.22102928022161,663.17999267578125
552.430272272354,666.03997802734375
552.63950964915932,646.8800048828125
552.84874140787474,649.15997314453125
553.05796754573771,626.260009765625
553.267188059986,618.05999755859375
553.47640294785754,606.17999267578125
553.68561220659012,594.8599853515625
553.89481583342206,589.05999755859375
554.10401382559246,576.55999755859375
554.31320618034,565.67999267578125
554.52239289490353,560.96002197265625
554.73157396652277,555.239990234375
554.94074939243728,546.8800048828125
555.14991916988663,543.03997802734375
555.35908329611118,523.6400146484375
555.56824176835141,523.08001708984375
555.77739458384769,519.719970703125
555.986541739841,513.20001220703125
556.19568323357225,501
556.404819062283,494.51998901367188
556.613949223215,490.44000244140625
556.82307371360946,482.48001098632813
557.032192530709,474.98001098632813
557.24130567175621,465.29998779296875
557.45041313399327,470.32000732421875
557.65951491466308,455.8800048828125
557.86861101100874,444.1400146484375
558.07770142027368,439.6400146484375
558.28678613970158,444.1400146484375
558.49586516653619,436.3800048828125
558.70493849802165,424.04000854492188
558.91400613140229,427.94000244140625
559.12306806392257,423.239990234375
559.33212429282753,417.760009765625
559.54117481536241,411.55999755859375
559.75021962877258,407.8800048828125
559.959258730303,409.16000366210938
560.16829211720062,405
560.37731978671047,394.6400146484375
560.58634173607982,398.1400146484375
560.7953579625547,381.04000854492188
561.00436846338255,383.20001220703125
561.21337323581,383.39999389648438
561.42237227708449,389.6400146484375
561.63136558445387,373.01998901367188
561.84035315516576,370.92001342773438
562.04933498646858,369.22000122070313
562.25831107561078,359.17999267578125
562.46728141984079,353.60000610351563
562.6762460164075,354.3599853515625
562.8852048625605,356.1400146484375
563.09415795554855,342.27999877929688
563.303105292622,337.51998901367188
563.51204687103029,332.55999755859375
563.72098268802392,326.29998779296875
563.929912740853,338.45999145507813
564.13883702676867,323.27999877929688
564.34775554302155,318.89999389648438
564.55666828686287,316.260009765625
564.76557525554415,309
564.97447644631734,305.94000244140625
565.18337185643418,302.39999389648438
565.392261483147,297.27999877929688
565.6011453237079,286.07998657226563
565.81002337537029,294.16000366210938
566.0188956353868,286.29998779296875
566.22776210101074,288.04000854492188
566.43662276949578,280.92001342773438
566.64547763809549,278.16000366210938
566.85432670406419,280.10000610351563
567.0631699646558,279.98001098632813
567.27200741712522,275.48001098632813
567.480839058727,276.260009765625
567.6896648867164,266.60000610351563
567.89848489834856,266.77999877929688
568.10729909087945,262.05999755859375
568.31610746156468,262.89999389648438
568.52491000766042,264.39999389648438
568.733706726423,254.55999755859375
568.94249761510878,252.74000549316406
569.15128267097509,255.66000366210938
569.360061891279,253.77999877929688
569.568835273278,244.66000366210938
569.77760281422934,243.13999938964844
569.98636451139134,241.74000549316406
570.19512036202207,244.5
570.40387036338,242.33999633789063
570.61261451272389,238.24000549316406
570.82135280731256,238.55999755859375
571.03008524440577,228.97999572753906
571.23881182126229,237.41999816894531
571.44753253514227,227.8800048828125
571.65624738330587,217.36000061035156
571.86495636301311,226.60000610351563
572.07365947152482,232.30000305175781
572.28235670610138,215.5
572.4910480640043,220.96000671386719
572.69973354249476,219.25999450683594
572.90841313883436,223.32000732421875
573.1170868502852,217.80000305175781
573.32575467410891,213
573.53441660756823,211.10000610351563
573.74307264792594,209.67999267578125
573.9517227924448,205.55999755859375
574.1603670383879,203.66000366210938
574.36900538301882,206.89999389648438
574.57763782360132,212
574.7862643573992,200.60000610351563
574.99488498167716,201.10000610351563
575.20349969369931,198.36000061035156
575.41210849073025,190.33999633789063
575.62071137003556,194.41999816894531
575.8293083288803,184.03999328613281
576.03789936453,188.1199951171875
576.24648447425045,181.46000671386719
576.45506365530809,184.8800048828125
576.66363690496883,181.52000427246094
576.87220422049973,175.08000183105469
577.08076559916742,184.97999572753906
577.28932103823922,180.10000610351563
577.49787053498255,176.5
577.7064140866654,174.46000671386719
577.9149516905552,174
578.1234833439205,173.36000061035156
578.33200904403009,169.6199951171875
578.54052878815219,175.36000061035156
578.74904257355627,171.24000549316406
578.95755039751145,165.63999938964844
579.16605225728722,168.77999877929688
579.37454815015394,167.97999572753906
579.58303807338132,166.82000732421875
579.79152202423961,164
580.00000000000023,160.17999267578125
580.2084719979332,170.89999389648438
580.41693801531039,161.69999694824219
580.62539804940286,163.30000305175781
580.83385209748246,155.69999694824219
581.04230015682163,162.44000244140625
581.25074222469209,155.89999389648438
581.45917829836674,144.97999572753906
581.66760837511811,157.83999633789063
581.87603245221965,155.82000732421875
582.08445052694458,153.25999450683594
582.29286259656624,145.13999938964844
582.50126865835921,149.66000366210938
582.70966870959717,145.30000305175781
582.91806274755481,145.24000549316406
583.12645076950685,145.86000061035156
583.334832772728,137.24000549316406
583.543208754494,142.27999877929688
583.75157871208012,134.03999328613281
583.959942642762,140.25999450683594
584.168300543816,136.16000366210938
584.37665241251864,133.3800048828125
584.58499824614637,134.82000732421875
584.7933380419762,130.47999572753906
585.0016717972851,135.24000549316406
585.2099995093505,130.53999328613281
585.4183211754505,127.51999664306641
585.62663679286288,125.87999725341797
585.8349463588662,130.67999267578125
586.04324987073858,120.40000152587891
586.25154732575891,121.05999755859375
586.45983872120667,121.26000213623047
586.66812405436087,128.03999328613281
586.87640332250146,117.09999847412109
587.08467652290824,124.23999786376953
587.29294365286148,119.5
587.50120470964157,118.37999725341797
587.70945969052934,119.95999908447266
587.91770859280575,116.87999725341797
588.12595141375232,112.87999725341797
588.33418815065045,115.83999633789063
588.54241880078189,113.44000244140625
588.75064336142941,114.80000305175781
588.95886182987465,111.48000335693359
589.16707420340072,110.90000152587891
589.3752804792905,109.55999755859375
589.58348065482744,111.33999633789063
589.79167472729489,113.19999694824219
589.99986269397664,109.08000183105469
590.20804455215659,107.45999908447266
590.41622029911957,117.05999755859375
590.62438993215028,106.27999877929688
590.832553448533,103.81999969482422
591.04071084555346,105.05999755859375
591.248862120497,101.51999664306641
591.45700727064934,105.98000335693359
591.66514629329652,98
591.87327918572487,101.90000152587891
592.08140594522126,97.860000610351563
592.28952656907222,97.919998168945313
592.497641054565,96.660003662109375
592.70574939898722,93.540000915527344
592.91385159962635,96.720001220703125
593.12194765377023,94.819999694824219
593.33003755870766,91.5999984741211
593.53812131172708,89.419998168945313
593.746198910117,95.080001831054688
593.95427035116688,85.94000244140625
594.1623356321661,88.279998779296875
594.37039475040422,92.199996948242188
594.57844770317115,92.180000305175781
594.78649448775741,91.879997253417969
594.99453510145338,87.720001220703125
595.20256954154979,83.5199966430664
595.41059780533772,88.419998168945313
595.6186198901089,81.760002136230469
595.82663579315465,84.819999694824219
596.03464551176694,80.919998168945313
596.2426490432382,89.239997863769531
596.45064638486087,88.300003051757813
596.65863753392784,79.580001831054688
596.86662248773189,80.9000015258789
597.07460124356669,85.339996337890625
597.28257379872571,81.9800033569336
597.490540150503,79.300003051757813
597.69850029619272,79.419998168945313
597.90645423308956,80.080001831054688
598.114401958488,78.160003662109375
598.32234346968335,77.44000244140625
598.53027876397073,79.459999084472656
598.73820783864608,79.199996948242188
598.94613069100512,76.040000915527344
599.1540473183444,76.160003662109375
599.36195771795985,77.4000015258789
599.56986188714848,77.160003662109375
599.77775982320793,74.94000244140625
599.98565152343474,78.540000915527344
600.19353698512714,72.9000015258789
600.40141620558268,81.540000915527344
600.6092891820997,71.05999755859375
600.817155911977,66.819999694824219
601.025016392513,72.300003051757813
601.2328706210069,75.680000305175781
601.4407185947581,71.919998168945313
601.64856031106626,68.0199966430664
601.85639576723133,71.44000244140625
602.0642249605537,68.379997253417969
602.2720478883333,70.160003662109375
602.4798645478719,72.459999084472656
602.68767493646965,67.44000244140625
602.89547905142854,64.760002136230469
603.10327689004987,69.5
603.31106844963608,70.639999389648438
603.518853727489,60.959999084472656
603.72663272091143,69.379997253417969
603.93440542720612,62.060001373291016
604.14217184367612,69.339996337890625
604.34993196762491,60.840000152587891
604.55768579635617,68.120002746582031
604.76543332717426,59.340000152587891
604.97317455738278,65.0199966430664
605.18090948428676,64.419998168945313
605.38863810519115,59.380001068115234
605.59636041740066,60.479999542236328
605.80407641822114,63.900001525878906
606.01178610495833,60.279998779296875
606.2194894749183,61.599998474121094
606.4271865254068,64.180000305175781
606.63487725373113,62.659999847412109
606.84256165719808,53.700000762939453
607.05023973311438,60.860000610351563
607.25791147878817,62.900001525878906
607.46557689152678,59.380001068115234
607.67323596863855,63.439998626708984
607.88088870743161,57.479999542236328
608.088535105215,57.819999694824219
608.29617515929726,59
608.50380886698792,57.619998931884766
608.71143622559657,59.5
608.91905723243292,47.639999389648438
609.12667188480691,59.279998779296875
609.33428018002928,56.099998474121094
609.54188211541089,54.659999847412109
609.74947768826235,56.979999542236328
609.95706689589485,51.799999237060547
610.16464973562063,52.2599983215332
610.3722262047512,55.619998931884766
610.57979630059879,55.860000610351563
610.78736002047606,51.560001373291016
610.99491736169557,50.560001373291016
611.20246832157056,51.900001525878906
611.41001289741428,50
611.61755108654074,52.2599983215332
611.82508288626332,54.2400016784668
612.03260829389694,54.439998626708984
612.24012730675577,52.200000762939453
612.44763992215462,50.860000610351563
612.65514613740879,52.919998168945313
612.86264594983379,50.900001525878906
613.07013935674559,46.400001525878906
613.2776263554598,50.700000762939453
613.48510694329286,42.560001373291016
613.69258111756164,49.080001831054688
613.90004887558291,50.360000610351563
614.10751021467411,49.7400016784668
614.31496513215268,41.080001831054688
614.52241362533618,48.619998931884766
614.72985569154321,49.680000305175781
614.93729132809187,47.119998931884766
615.14472053230111,46.580001831054688
615.35214330149,42.319999694824219
615.55955963297754,45.5
615.76696952408383,46.139999389648438
615.97437297212844,46.299999237060547
616.18176997443175,46.939998626708984
616.38916052831439,48.020000457763672
616.59654463109689,48.2599983215332
616.80392228010089,47.400001525878906
617.01129347264725,43.880001068115234
617.21865820605808,38.939998626708984
617.42601647765537,47.680000305175781
617.63336828476145,38.799999237060547
617.84071362469888,48.5
618.04805249479045,41.459999084472656
618.25538489236,46.080001831054688
618.4627108147306,44.979999542236328
618.67003025922611,44.880001068115234
618.87734322317078,44.639999389648438
619.08464970388911,42.080001831054688
619.29194969870582,44.779998779296875
619.49924320494586,39.200000762939453
619.70653021993473,46.520000457763672
619.913810740998,45.459999084472656
620.12108476546166,42.860000610351563
620.328352290652,40.139999389648438
620.53561331389585,38.619998931884766
620.74286783251944,41.700000762939453
620.95011584385054,42.979999542236328
621.15735734521638,37.319999694824219
621.36459233394487,36.520000457763672
621.57182080736413,40.479999542236328
621.77904276280253,38.459999084472656
621.98625819758843,42.360000610351563
622.19346710905143,41.060001373291016
622.40066949452057,34.479999542236328
622.60786535132524,41.040000915527344
622.81505467679574,36.520000457763672
623.022237468262,38.400001525878906
623.2294137230549,41.419998168945313
623.436583438505,36.599998474121094
623.64374661194324,37.659999847412109
623.85090324070177,37.040000915527344
624.05805332211173,37.540000915527344
624.26519685350536,36.099998474121094
624.472333832215,38.2599983215332
624.67946425557363,39.659999847412109
624.88658812091387,33.5
625.09370542556917,37.380001068115234
625.30081616687335,40.080001831054688
625.50792034215965,37.779998779296875
625.715017948763,37.799999237060547
625.92210898401777,32.060001373291016
626.12919344525858,31.360000610351563
626.33627132982042,36
626.54334263503927,34.020000457763672
626.75040735825064,33.939998626708984
626.95746549679041,32.080001831054688
627.16451704799522,32.560001373291016
627.37156200920174,38.060001373291016
627.57860037774674,30.299999237060547
627.78563215096767,35.619998931884766
627.99265732620233,33.619998931884766
628.19967590078841,27.959999084472656
628.406687872064,28.479999542236328
628.61369323736778,36.540000915527344
628.82069199403884,33.299999237060547
629.02768413941646,35
629.23466967083937,26.040000915527344
629.44164858564818,34.139999389648438
629.64862088118252,31.059999465942383
629.8555865547828,30.280000686645508
630.06254560378966,34.119998931884766
630.26949802554452,31.020000457763672
630.47644381738883,32.159999847412109
630.68338297666355,27.760000228881836
630.89031550071115,28.959999084472656
631.097241386874,25.579999923706055
631.30416063249413,27.899999618530273
631.511073234915,30.799999237060547
631.71797919147957,29.340000152587891
631.9248784995317,26.520000457763672
632.13177115641474,26.059999465942383
632.33865715947309,32.099998474121094
632.54553650605123,27.5
632.75240919349392,27.459999084472656
632.95927521914632,31.540000915527344
633.16613458035351,27.280000686645508
633.37298727446182,25.719999313354492
633.57983329881688,28.1200008392334
633.78667265076524,22.600000381469727
633.99350532765322,33.200000762939453
634.20033132682818,29.579999923706055
634.4071506456371,27.180000305175781
634.61396328142791,28.8799991607666
634.82076923154852,24.360000610351563
635.02756849334673,25.180000305175781
635.23436106417182,29.1200008392334
635.441146941372,31.239999771118164
635.64792612229678,24.040000915527344
635.85469860429555,22.860000610351563
636.06146438471842,23.6200008392334
636.26822346091524,27.579999923706055
636.47497583023653,26.040000915527344
636.68172149003294,25.959999084472656
636.88846043765568,25.920000076293945
637.09519267045619,20.180000305175781
637.30191818578623,24.579999923706055
637.50863698099772,21.360000610351563
637.71534905344322,22.680000305175781
637.9220544004753,25.159999847412109
638.12875301944689,28.040000915527344
638.33544490771135,24.639999389648438
638.542130062622,20.6200008392334
638.7488084815335,26.819999694824219
638.95548016179953,24.100000381469727
639.16214510077486,23.459999084472656
639.36880329581436,25.200000762939453
639.57545474427343,22.079999923706055
639.78209944350738,19.840000152587891
639.98873739087219,28.559999465942383
640.195368583724,22.600000381469727
640.40199301941936,20
640.60861069531518,25.579999923706055
640.8152216087683,23.940000534057617
641.02182575713653,20.600000381469727
641.22842313777744,20.659999847412109
641.43501374804919,21.719999313354492
641.64159758531014,24.180000305175781
641.84817464691923,24.5
642.0547449302353,24.540000915527344
642.26130843261785,20.040000915527344
642.46786515142674,25.260000228881836
642.67441508402192,22.940000534057617
642.88095822776336,23.799999237060547
643.08749458001216,19.3799991607666
643.29402413812932,18
643.50054689947592,25.360000610351563
643.70706286141387,21.940000534057617
643.91357202130484,22.459999084472656
644.1200743765113,19.819999694824219
644.32656992439593,17.5
644.53305866232142,23.860000610351563
644.73954058765128,19.819999694824219
644.946015697749,21.860000610351563
645.15248398997846,17.760000228881836
645.35894546170368,21.239999771118164
645.56540011028972,19.959999084472656
645.77184793310118,22.540000915527344
645.97828892750306,20.319999694824219
646.184723090861,17.780000686645508
646.391150420541,23.600000381469727
646.59757091390918,16.040000915527344
646.803984568332,19.979999542236328
647.01039138117608,18.360000610351563
647.21679134980911,22.440000534057617
647.42318447159812,15.640000343322754
647.62957074391113,18.5
647.83595016411584,17.159999847412109
648.04232272958143,23.200000762939453
648.24868843767615,17.579999923706055
648.45504728576907,18.579999923706055
648.66139927123,22.639999389648438
648.86774439142812,14.859999656677246
649.07408264373419,16.319999694824219
649.280414025518,17.059999465942383
649.48673853415073,15.100000381469727
649.69305616700353,20.680000305175781
649.89936692144738,14.260000228881836
650.10567079485418,16.219999313354492
650.311967784596,18.340000152587891
650.51825788804513,20.8799991607666
650.72454110257434,21.219999313354492
650.93081742555682,19
651.13708685436575,18.899999618530273
651.3433493863746,19.459999084472656
651.54960501895789,18.299999237060547
651.75585374948957,17.760000228881836
651.96209557534451,19.979999542236328
652.16833049389743,17.8799991607666
652.37455850252422,19.280000686645508
652.5807795986002,17.260000228881836
652.78699377950113,15.739999771118164
652.9932010426038,20.079999923706055
653.19940138528455,18.1200008392334
653.40559480492038,20.180000305175781
653.61178129888879,13.539999961853027
653.81796086456723,14.699999809265137
654.024133499334,14.600000381469727
654.23029920056706,14.659999847412109
654.4364579656451,17.680000305175781
654.642609791947,15.359999656677246
654.84875467685242,17.219999313354492
655.05489261774073,15.460000038146973
655.261023611992,14.659999847412109
655.4671476569863,13.340000152587891
655.67326475010441,13.520000457763672
655.87937488872763,14.020000457763672
656.08547807023672,14.979999542236328
656.29157429201337,20.059999465942383
656.4976635514397,11.800000190734863
656.703745845898,18.319999694824219
656.9098211727711,15.699999809265137
657.11588952944157,18.079999923706055
657.32195091329277,19.219999313354492
657.52800532170829,11.5600004196167
657.73405275207233,15.020000457763672
657.94009320176917,12.960000038146973
658.14612666818323,16.299999237060547
658.3521531486997,12.460000038146973
658.55817264070345,18.719999313354492
658.76418514158047,9.65999984741211
658.97019064871665,16.739999771118164
659.17618915949834,13.760000228881836
659.38218067131208,12.180000305175781
659.58816518154481,15.880000114440918
659.79414268758387,9.1400003433227539
660.00011318681686,10.199999809265137
660.20607667663182,18.079999923706055
660.41203315441726,11.819999694824219
660.61798261756121,12.960000038146973
660.82392506345332,11.159999847412109
661.02986048948253,15.800000190734863
661.23578889303849,12.579999923706055
661.44171027151151,14.760000228881836
661.64762462229169,10.579999923706055
661.85353194276956,13.819999694824219
662.05943223033626,14.880000114440918
662.26532548238333,12.100000381469727
662.471211696302,11.359999656677246
662.67709086948457,11.539999961853027
662.88296299932347,13.039999961853027
663.08882808321107,13.899999618530273
663.29468611854077,12.399999618530273
663.50053710270572,11.340000152587891
663.70638103309977,8.5
663.91221790711688,14.819999694824219
664.11804772215112,12.380000114440918
664.32387047559769,15.5
664.52968616485146,12.739999771118164
664.73549478730786,15.479999542236328
664.94129634036233,9.4600000381469727
665.14709082141155,14.020000457763672
665.35287822785142,9.8599996566772461
665.55865855707884,13.359999656677246
665.76443180649119,10.180000305175781
665.97019797348526,10.539999961853027
666.17595705545955,8.7600002288818359
666.38170904981166,17.139999389648438
666.58745395394021,8.5399999618530273
666.793191765244,10.359999656677246
666.99892248112235,15.460000038146973
667.20464609897465,10.619999885559082
667.41036261620036,14.539999961853027
667.61607203020014,10.5600004196167
667.82177433837433,14.399999618530273
668.02746953812357,9.7799997329711914
668.23315762684945,15.100000381469727
668.438838601953,11.960000038146973
668.64451246083649,15.739999771118164
668.85017920090206,8.9799995422363281
669.05583881955226,10.119999885559082
669.26149131418981,10
669.46713668221821,10.340000152587891
669.672774921041,7.940000057220459
669.87840602806182,12.760000228881836
670.08403000068517,10.840000152587891
670.28964683631591,9.9200000762939453
670.49525653235855,10.199999809265137
670.70085908621866,13.279999732971191
670.90645449530177,8.7399997711181641
671.112042757014,12.699999809265137
671.31762386876153,11.640000343322754
671.52319782795121,14.960000038146973
671.72876463199,5.8000001907348633
671.93432427828532,11.899999618530273
672.13987676424483,9.5600004196167
672.34542208727635,12.420000076293945
672.55096024478883,6.9800000190734863
672.75649123419043,10.220000267028809
672.96201505289071,9.3999996185302734
673.16753169829906,12.5
673.373041167825,11.0600004196167
673.5785434588787,6.1999998092651367
673.7840385688711,10.5600004196167
673.98952649521243,8.1000003814697266
674.195007235314,11.960000038146973
674.40048078658776,10.140000343322754
674.60594714644515,9.7399997711181641
674.81140631229857,10.159999847412109
675.01685828156064,4.9800000190734863
675.222303051644,11.159999847412109
675.427740619962,13.5
675.63317098392849,15.140000343322754
675.83859414095707,7.880000114440918
676.04401008846241,11
676.24941882385883,6
676.45482034456165,10.279999732971191
676.660214647986,6.0399999618530273
676.86560173154737,13.920000076293945
677.07098159266218,10.859999656677246
677.27635422874675,7.9000000953674316
677.48171963721779,7.78000020980835
677.68707781549233,11.4399995803833
677.89242876098774,10.800000190734863
678.0977724711222,13.079999923706055
678.30310894331319,4.28000020980835
678.50843817498014,7.5799999237060547
678.71376016354088,9.3199996948242188
678.91907490641518,9.1400003433227539
679.12438240102279,8.5
679.32968264478291,10.739999771118164
679.53497563511621,10.539999961853027
679.74026136944326,11.800000190734863
679.94553984518507,7.820000171661377
680.15081105976265,6.7399997711181641
680.356075010598,7.5
680.56133169511293,11.300000190734863
680.76658111072982,4.179999828338623
680.97182325487142,8.5600004196167
681.17705812496069,8.9399995803833
681.382285718421,7.119999885559082
681.58750603267652,10.359999656677246
681.79271906515078,8.0600004196167
681.99792481326847,3.9800000190734863
682.2031232744547,8.4399995803833
682.40831444613423,10.899999618530273
682.61349832573262,6.0199999809265137
682.81867491067612,10.239999771118164
683.02384419839063,8.3599996566772461
683.22900618630285,7.21999979019165
683.43416087183971,10.039999961853027
683.63930825242835,8.1999998092651367
683.84444832549673,3.7200000286102295
684.04958108847245,8.5399999618530273
684.25470653878426,10.5
684.45982467386079,9.0799999237060547
684.66493549113068,4.9800000190734863
684.870038988024,6.6599998474121094
685.07513516197014,6.0199999809265137
685.28022401039914,8.6999998092651367
685.48530553074181,7.7600002288818359
685.69037972042872,5.320000171661377
685.89544657689112,9.1800003051757813
686.10050609756081,10.399999618530273
686.30555827986939,10.300000190734863
686.51060312124923,5.5199999809265137
686.71564061913307,7.4000000953674316
686.92067077095362,1.440000057220459
687.12569357414441,11.0600004196167
687.33070902613917,7.9600000381469727
687.53571712437179,11.039999961853027
687.74071786627667,5.679999828338623
687.94571124928871,12.659999847412109
688.15069727084312,1.9199999570846558
688.35567592837515,9.0200004577636719
688.56064721932069,6.0399999618530273
688.765611141116,3.0799999237060547
688.97056769119752,4.9600000381469727
689.17551686700222,5.380000114440918
689.38045866596747,7.78000020980835
689.58539308553077,9.0399999618530273
689.79032012313,10.260000228881836
689.99523977620379,7.5999999046325684
690.20015204219078,8.2799997329711914
690.40505691852979,7.6599998474121094
690.60995440266049,7.0799999237060547
690.81484449202242,7.2600002288818359
691.01972718405591,2.3399999141693115
691.22460247620143,4.3400001525878906
691.42947036589987,11.5600004196167
691.63433085059239,7.559999942779541
691.83918392772046,6.2600002288818359
692.04402959472634,6.8600001335144043
692.24886784905209,8.1000003814697266
692.45369868814021,5.6399998664855957
692.65852210943433,3.4200000762939453
692.863338110377,8.2600002288818359
693.06814668841275,9.4399995803833
693.27294784098513,8.1400003433227539
693.47774156553874,6.0399999618530273
693.68252785951859,8.3199996948242188
693.88730672036979,0.37999999523162842
694.09207814553793,9.4399995803833
694.29684213246856,5.8600001335144043
694.5015986786085,2.5199999809265137
694.706347781404,8.4399995803833
694.9110894383025,9.6800003051757813
695.11582364675064,6.1599998474121094
695.32055040419687,5.78000020980835
695.5252697080889,3.8199999332427979
695.72998155587538,10.9399995803833
695.93468594500484,4.119999885559082
696.1393828729266,5.6599998474121094
696.34407233709044,8.3199996948242188
696.548754334946,7.880000114440918
696.75342886394355,4.9600000381469727
696.958095921534,7
697.162755505168,5.4200000762939453
697.36740761229692,5.9000000953674316
697.57205224037284,9.7799997329711914
697.77668938684758,5.5799999237060547
697.98131904917386,2.7599999904632568
698.18594122480408,1.3999999761581421
698.39055591119177,2.880000114440918
698.59516310579033,9.0799999237060547
698.79976280605388,2.4800000190734863
699.00435500943627,6.3400001525878906
699.20893971339251,6.1399998664855957
699.41351691537761,2.9200000762939453
699.61808661284692,3.5799999237060547
699.82264880325624,2.7999999523162842
700.02720348406137,8.380000114440918
700.23175065271937,5.119999885559082
700.43629030668649,9.6000003814697266
700.64082244342023,5.179999828338623
700.84534706037823,5.0799999237060547
701.04986415501821,10.640000343322754
701.25437372479882,4.5399999618530273
701.45887576717848,4.3000001907348633
701.66337027961617,7.0999999046325684
701.86785725957179,6.4800000190734863
702.07233670450478,7.7399997711181641
702.27680861187514,6.3600001335144043
702.48127297914357,6.78000020980835
702.6857298037711,6.4600000381469727
702.890179083219,4.9800000190734863
703.0946208149486,1.6200000047683716
703.29905499642189,9.1400003433227539
703.50348162510181,3.7599999904632568
703.70790069845054,7.6999998092651367
703.9123122139315,0.60000002384185791
704.11671616900787,3.6400001049041748
704.32111256114376,6.119999885559082
704.52550138780327,4.21999979019165
704.72988264645085,7.5199999809265137
704.93425633455183,1.9800000190734863
705.13862244957113,5.9800000190734863
705.34298098897477,8.380000114440918
705.54733195022868,-1.3799999952316284
705.75167533079934,6.4000000953674316
705.95601112815348,10.9399995803833
706.16033933975825,1.3799999952316284
706.36465996308152,5.78000020980835
706.5689729955908,7.1599998474121094
706.77327843475473,8.4200000762939453
706.97757627804151,8.6400003433227539
707.1818665229207,6.3000001907348633
707.38614916686151,5.6999998092651367
707.59042420733374,6.1599998474121094
707.79469164180728,2.3199999332427979
707.99895146775316,3.9000000953674316
708.203203682642,6.8000001907348633
708.407448283945,2.3399999141693115
708.61168526913377,5.9600000381469727
708.81591463568077,6.0999999046325684
709.020136381058,7.5999999046325684
709.22435050273793,4.679999828338623
709.42855699819449,7.5399999618530273
709.63275586490056,4.2399997711181641
709.83694710033035,8.8599996566772461
710.041130701958,8.4600000381469727
710.24530666725821,5.5799999237060547
710.449474993706,8.9399995803833
710.65363567877625,2.2000000476837158
710.85778871994557,4.78000020980835
711.06193411468962,7.3400001525878906
711.266071860485,3.059999942779541
711.47020195480843,2.2400000095367432
711.67432439513732,7.0399999618530273
711.87843917894941,7
712.08254630372267,2.5399999618530273
712.28664576693529,4.2399997711181641
712.490737566066,4.619999885559082
712.69482169859418,6.5199999809265137
712.89889816199934,6.820000171661377
713.10296695376121,5.5999999046325684
713.30702807136015,4.4000000953674316
713.51108151227663,9.880000114440918
713.71512727399192,4.4600000381469727
713.9191653539873,7.28000020980835
714.12319574974447,-0.11999999731779099
714.32721845874551,7
714.53123347847338,5.0999999046325684
714.73524080641062,5.179999828338623
714.93924044004063,2.7200000286102295
715.14323237684675,5.679999828338623
715.34721661431365,6.1999998092651367
715.55119314992521,6.5
715.75516198116622,5.4200000762939453
715.95912310552239,3.6800000667572021
716.16307652047874,2.559999942779541
716.36702222352119,-0.41999998688697815
716.57096021213658,3.380000114440918
716.774890483811,9.3999996185302734
716.97881303603185,1.4800000190734863
717.18272786628643,2.440000057220459
717.38663497206255,3.440000057220459
717.59053435084854,3.0199999809265137
717.79442600013329,4.0199999809265137
717.998309917405,2.3199999332427979
718.20218610015343,5.5799999237060547
