459.485050406383,2.9000000953674316
459.69668394865238,-0.64999997615814209
459.90831334242165,1.2000000476837158
460.11993858482555,2.0999999046325684
460.33155967299865,10.050000190734863
460.54317660407577,8.6000003814697266
460.75478937519233,1.0499999523162842
460.96639798348309,2.6500000953674316
461.17800242608405,2.1500000953674316
461.38960270013,2
461.60119880275727,1.7999999523162842
461.81279073110096,5
462.02437848229732,2.25
462.23596205348275,-0.15000000596046448
462.44754144179319,-0.44999998807907104
462.659116644365,10
462.87068765833476,5.8000001907348633
463.08225448083942,-1.1000000238418579
463.29381710901544,4.25
463.50537554000005,-8.25
463.71692977093039,0.699999988079071
463.92847979894367,-3.8499999046325684
464.14002562117736,6.3000001907348633
464.35156723476905,-4.0500001907348633
464.56310463685628,3.8499999046325684
464.77463782457744,3.8499999046325684
464.9861667950704,3.5499999523162842
465.19769154547294,0
465.40921207292382,6.4499998092651367
465.62072837456174,1.3500000238418579
465.83224044752478,1.1000000238418579
466.0437482889522,-1.9500000476837158
466.2552518959825,0.89999997615814209
466.46675126575519,3.1500000953674316
466.67824639540947,-1.1499999761581421
466.889737282085,1.25
467.10122392292072,2.0499999523162842
467.31270631505674,2.0999999046325684
467.52418445563291,2.4000000953674316
467.7356583417893,6.5
467.94712797066614,0.34999999403953552
468.15859333940358,-2.4000000953674316
468.37005444514193,5.9499998092651367
468.5815112850226,0.550000011920929
468.79296385618557,6.5
469.00441215577223,6
469.21585618092365,2.4500000476837158
469.427295928781,4.1999998092651367
469.63873139648564,1.8999999761581421
469.85016258117929,5
470.06158948000348,4.0500001907348633
470.27301209010056,-2
470.48443040861218,5.5
470.6958444326807,2.75
470.9072541594482,5.3499999046325684
471.11865958605762,4.5999999046325684
471.33006070965121,4.4499998092651367
471.54145752737224,0.30000001192092896
471.75285003636344,3.1500000953674316
471.96423823376784,11
472.17562211672896,0.89999997615814209
472.38700168239041,5.3499999046325684
472.5983769278954,0.699999988079071
472.80974785038774,5.9000000953674316
473.02111444701166,2.25
473.23247671491117,-0.30000001192092896
473.44383465123042,8.1499996185302734
473.65518825311392,-1.2000000476837158
473.86653751770609,4.9499998092651367
474.07788244215192,7.4000000953674316
474.28922302359604,9.8500003814697266
474.50055925918372,-1.2000000476837158
474.71189114605983,-0.800000011920929
474.92321868137014,9.1000003814697266
475.13454186225994,9.8000001907348633
475.345860685875,9.8999996185302734
475.55717514936111,4.8000001907348633
475.76848524986434,1.1499999761581421
475.97979098453095,5.3499999046325684
476.19109235050712,3.9000000953674316
476.40238934493948,3.7999999523162842
476.61368196497449,5.4000000953674316
476.82497020775912,4.1500000953674316
477.03625407044041,3.2000000476837158
477.24753355016543,4.8499999046325684
477.45880864408156,8.5500001907348633
477.67007934933588,6.6500000953674316
477.8813456630769,3.0999999046325684
478.09260758245136,4
478.30386510460806,-0.800000011920929
478.51511822669448,7.0999999046325684
478.72636694585935,-2.3499999046325684
478.93761125925084,9.1000003814697266
479.14885116401797,4.6999998092651367
479.3600866573093,3.5999999046325684
479.57131773627356,4.75
479.78254439806005,2.5
479.993766639818,5.9000000953674316
480.20498445869697,4.3499999046325684
480.41619785184639,-4
480.62740681641628,-1.3500000238418579
480.83861134955612,0.5
481.04981144841668,3.3499999046325684
481.26100711014755,2.9500000476837158
481.47219833189945,0.05000000074505806
481.68338511082322,2
481.89456744406925,13.600000381469727
482.1057453287886,-5.5
482.31691876213239,7.3499999046325684
482.52808774125191,-1.4500000476837158
482.73925226329879,0.40000000596046448
482.95041232542394,0.30000001192092896
483.16156792477994,5.3000001907348633
483.37271905851838,8.0500001907348633
483.5838657237914,6.5500001907348633
483.79500791775109,6.6999998092651367
484.00614563755016,3.6500000953674316
484.217278880341,9.75
484.42840764327667,0.20000000298023224
484.63953192350994,6.3499999046325684
484.85065171819389,8.25
485.06176702448187,2.8499999046325684
485.27287783952733,7.6999998092651367
485.48398416048394,7.5999999046325684
485.69508598450534,7.1999998092651367
485.90618330874582,4.25
486.11727613035913,1.6000000238418579
486.32836444649979,8.1000003814697266
486.53944825432228,6.9000000953674316
486.7505275509813,10.100000381469727
486.9616023336315,7.3000001907348633
487.172672599428,4.6999998092651367
487.38373834552596,7.5500001907348633
487.59479956908069,6.3000001907348633
487.80585626724775,13.899999618530273
488.01690843718274,10.25
488.22795607604149,0.20000000298023224
488.43899918097992,4.0999999046325684
488.65003774915488,4.25
488.8610717777218,6.0999999046325684
489.07210126383791,6.3000001907348633
489.28312620465948,14.050000190734863
489.49414659734367,7.5999999046325684
489.70516243904751,10.550000190734863
489.91617372692849,5.5500001907348633
490.12718045814347,13.899999618530273
490.33818262985034,7.8499999046325684
490.54918023920686,4.0500001907348633
490.7601732833711,6.8499999046325684
490.97116175950089,14.850000381469727
491.18214566475473,11.600000381469727
491.39312499629074,14.649999618530273
491.60409975126794,11.5
491.81506992684513,18.049999237060547
492.02603552018132,4.5500001907348633
492.23699652843533,8.6000003814697266
492.44795294876673,11.699999809265137
492.65890477833494,16.600000381469727
492.86985201429974,16.299999237060547
493.0807946538211,18.600000381469727
493.29173269405891,17.549999237060547
493.50266613217343,14.399999618530273
493.71359496532506,15.449999809265137
493.9245191906744,22.100000381469727
494.135438805382,22.25
494.34635380660933,25.600000381469727
494.55726419151711,26.350000381469727
494.76816995726648,15.699999809265137
494.97907110101937,23.350000381469727
495.18996761993691,22.049999237060547
495.40085951118141,25.049999237060547
495.61174677191457,33.799999237060547
495.82262939929865,26.049999237060547
496.03350739049608,26.200000762939453
496.24438074266942,29.600000381469727
496.455249452981,33.849998474121094
496.66611351859439,40.25
496.87697293667219,22.149999618530273
497.08782770437779,34.75
497.29867781887464,40.650001525878906
497.50952327732654,36.799999237060547
497.720364076897,43.849998474121094
497.93120021475016,44.799999237060547
498.14203168805011,49.849998474121094
498.35285849396138,50.049999237060547
498.56368062964822,53.150001525878906
498.77449809227556,54.900001525878906
498.98531087900841,56.099998474121094
499.19611898701163,57.950000762939453
499.40692241345027,60.799999237060547
499.61772115549053,69.800003051757813
499.82851521029716,71.949996948242188
500.03930457503662,69.6500015258789
500.25008924687421,78.6500015258789
500.46086922297695,75.8499984741211
500.67164450051069,87.050003051757813
500.88241507664208,88.5
501.09318094853768,87.75
501.30394211336471,101.75
501.51469856829004,102.09999847412109
501.72545031048105,110.44999694824219
501.93619733710506,102.84999847412109
502.14693964533006,121.65000152587891
502.35767723232351,127.19999694824219
502.5684100952538,128.14999389648438
502.77913823128887,138.25
502.989861637597,145.05000305175781
503.2005803113471,160.30000305175781
503.41129424970768,169.30000305175781
503.62200344984791,158.75
503.83270790893647,176.19999694824219
504.0434076241433,189.75
504.25410259263765,205
504.464792811589,217.64999389648438
504.67547827816765,209.19999694824219
504.88615898954316,224.19999694824219
505.0968349428864,241
505.30750613536736,251.14999389648438
505.51817256415688,267.5
505.72883422642565,270.14999389648438
505.93949111934472,293.39999389648438
506.15014324008541,299.04998779296875
506.36079058581885,307.70001220703125
506.5714331537169,316.10000610351563
506.78207094095114,341.70001220703125
506.99270394469386,357.95001220703125
507.20333216211668,374.04998779296875
507.41395559039228,393.04998779296875
507.62457422669331,414.45001220703125
507.835188068192,431.89999389648438
508.04579711206168,438.79998779296875
508.25640135547525,463.25
508.46700079560605,491.70001220703125
508.67759542962762,509.60000610351563
508.88818525471356,530.8499755859375
509.09877026803775,542.25
509.30935046677416,579.1500244140625
509.51992584809739,610.1500244140625
509.73049640918146,627.25
509.94106214720097,652.6500244140625
510.151623059331,682.9000244140625
510.36217914274636,704.75
510.57273039462245,728.0999755859375
510.78327681213472,763.20001220703125
510.99381839245859,795.54998779296875
511.20435513276982,833.79998779296875
511.4148870302443,866.25
511.62541408205846,880.29998779296875
511.83593628538881,917.0999755859375
512.04645363741122,962.5999755859375
512.25696613530306,1000.7999877929688
512.467473776241,1021.25
512.6779765574023,1094.449951171875
512.88847447596436,1117.5
513.09896752910447,1167.6500244140625
513.30945571400036,1200.6500244140625
513.51993902783045,1243.699951171875
513.7304174677721,1299.3499755859375
513.94089103100418,1335.4000244140625
514.151359714705,1394.6500244140625
514.36182351605316,1449.25
514.572282432228,1485.0999755859375
514.78273646040816,1550.6500244140625
514.99318559777282,1628.0999755859375
515.20362984150211,1667.5
515.4140691887751,1725.800048828125
515.62450363677181,1820.5999755859375
515.83493318267244,1860.0999755859375
516.04535782365735,1959.050048828125
516.255777556907,2002.300048828125
516.46619237960181,2090.89990234375
516.6766022889226,2155.050048828125
516.88700728205106,2258.10009765625
517.09740735616776,2344.60009765625
517.30780250845453,2411.60009765625
517.51819273609283,2510.35009765625
517.72857803626471,2626.35009765625
517.93895840615221,2730.300048828125
518.14933384293749,2829.199951171875
518.35970434380317,2927.300048828125
518.57006990593186,3040.300048828125
518.78043052650617,3186.550048828125
518.99078620270939,3293.449951171875
519.2011369317247,3419.300048828125
519.41148271073587,3540.89990234375
519.62182353692617,3671.300048828125
519.83215940747948,3890.75
520.04249031958,3973.949951171875
520.25281627041193,4187
520.46313725716,4295.89990234375
520.67345327700855,4525.9501953125
520.88376432714267,4639
521.0940704047473,4865.2998046875
521.30437150700777,5039.4501953125
521.51466763110943,5245.0498046875
521.7249587742383,5463.60009765625
521.93524493357961,5691.5
522.14552610632018,5798.5498046875
522.35580228964591,6109.5
522.56607348074328,6270.35009765625
522.77633967679913,6468.9501953125
522.98660087500048,6747.60009765625
523.19685707253393,6892.5
523.40710826658722,7162.2001953125
523.61735445434772,7328.4501953125
523.82759563300317,7580.10009765625
524.03783179974153,7756.9501953125
524.248062951751,7949.2001953125
524.45828908621968,8203.4501953125
524.6685102003363,8297.75
524.87872629128947,8531.599609375
525.08893735626839,8598.5498046875
525.29914339246159,8878.5
525.50934439705918,8967.599609375
525.71954036725026,9136.2998046875
525.92973130022506,9252.849609375
526.13991719317278,9313.599609375
526.35009804328433,9445.2001953125
526.56027384774984,9433.2998046875
526.77044460375964,9524.2001953125
526.98061030850511,9595.75
527.19077095917692,9608.9501953125
527.4009265529661,9695
527.61107708706436,9621.599609375
527.82122255866341,9621.7001953125
528.03136296495472,9615.349609375
528.2414983031307,9544.349609375
528.45162857038349,9511.5498046875
528.66175376390561,9433.75
528.87187388088955,9498.5498046875
529.08198891852828,9267.900390625
529.29209887401521,9224.849609375
529.50220374454329,9149.7001953125
529.71230352730629,8995.349609375
529.9223982194975,8919.2998046875
530.13248781831112,8956.150390625
530.34257232094137,8690.900390625
530.55265172458269,8591.2001953125
530.7627260264295,8490.0498046875
530.97279522367671,8364
531.182859313519,8264.099609375
531.39291829315175,8132.89990234375
531.60297215977016,8053.35009765625
531.81302091057034,7816.7998046875
532.02306454274787,7762.75
532.23310305349867,7576.35009765625
532.4431364400192,7521.60009765625
532.65316469950574,7345.10009765625
532.86318782915509,7270.14990234375
533.07320582616433,7076.5
533.28321868773025,6972.25
533.49322641105016,6847.85009765625
533.70322899332211,6709.60009765625
533.91322643174317,6561.89990234375
534.12321872351174,6558.89990234375
534.33320586582568,6348.0498046875
534.54318785588362,6224.64990234375
534.75316469088432,6197.7001953125
534.96313636802631,6060.39990234375
535.17310288450858,5943.14990234375
535.38306423753056,5818.75
535.59302042429169,5706.89990234375
535.80297144199153,5578.35009765625
536.01291728783031,5545.85009765625
536.22285795900768,5348.25
536.43279345272435,5331.5
536.64272376618044,5201.89990234375
536.85264889657708,5133.2001953125
537.06256884111519,5024.35009765625
537.27248359699593,4947.2001953125
537.48239316142053,4893.2001953125
537.69229753159084,4800
537.90219670470856,4658.35009765625
538.112090677976,4606.75
538.32197944859479,4496.2001953125
538.53186301376832,4460.5498046875
538.74174137069849,4331.64990234375
538.95161451658885,4311.39990234375
539.16148244864223,4249.0498046875
539.371345164062,4156.89990234375
539.58120266005187,4061.949951171875
539.79105493381553,4001.64990234375
540.0009019825568,3982.300048828125
540.21074380348034,3892.25
540.42058039379049,3801.699951171875
540.63041175069179,3767.050048828125
540.84023787138926,3709.449951171875
541.0500587530878,3663.10009765625
541.25987439299308,3605.89990234375
541.46968478831047,3542.699951171875
541.67948993624577,3450.75
541.88928983400479,3439.800048828125
542.09908447879411,3330.550048828125
542.30887386782,3354.25
542.5186579982892,3245.60009765625
542.7284368674085,3204
542.938210472385,3174.39990234375
543.1479788104258,3133.5
543.35774187873892,3058.14990234375
543.567499674532,3032.85009765625
543.77725219501235,2967.89990234375
543.98699943738939,2963.050048828125
544.19674139887059,2897.39990234375
544.40647807666539,2897.89990234375
544.61620946798166,2812.25
544.82593557002951,2772.85009765625
545.0356563800176,2762.5
545.24537189515593,2672.89990234375
545.45508211265383,2684.449951171875
545.66478702972154,2643.5
545.87448664356964,2623.199951171875
546.0841809514078,2590.550048828125
546.29386995044717,2529.64990234375
546.50355363789879,2533.949951171875
546.71323201097334,2504.25
546.92290506688266,2466.60009765625
547.1325728028379,2420.10009765625
547.342235216051,2413.60009765625
547.55189230373423,2361.300048828125
547.76154406309934,2323.25
547.97119049135927,2323.75
548.18083158572654,2282.14990234375
548.39046734341412,2267.75
548.600097761635,2262.800048828125
548.80972283760252,2213.39990234375
549.01934256853087,2185.89990234375
549.22895695163311,2187.800048828125
549.43856598412367,2146.300048828125
549.64816966321678,2139.800048828125
549.85776798612721,2087.550048828125
550.06736095006931,2085.300048828125
550.27694855225832,2045.75
550.48653078990935,2006.4000244140625
550.69610766023777,2012.800048828125
550.90567916045939,1993.800048828125
551.11524528778989,1950.8499755859375
551.32480603944543,1939.5
551.53436141264262,1936.5999755859375
551.74391140459784,1888.5999755859375
551.95345601252757,1904.1500244140625
552.16299523364955,1878.5999755859375
552.3725290651804,1825.8499755859375
552.58205750433774,1822.4000244140625
552.79158054833965,1798.4000244140625
553.00109819440377,1820.449951171875
553.21061043974828,1775.699951171875
553.42011728159173,1742.6500244140625
553.62961871715265,1769.3499755859375
553.83911474365016,1735.050048828125
554.04860535830312,1708.9000244140625
554.25809055833076,1699.300048828125
554.467570340953,1690.1500244140625
554.67704470338924,1676.1500244140625
554.88651364285988,1656.75
555.095977156585,1625.8499755859375
555.30543524178483,1615.949951171875
555.51488789568077,1592.0999755859375
555.72433511549343,1591.6500244140625
555.93377689844385,1564.800048828125
556.14321324175364,1576.9000244140625
556.35264414264441,1560.550048828125
556.562069598338,1532.0999755859375
556.77148960605666,1517.8499755859375
556.98090416302284,1532.699951171875
557.19031326645893,1496.75
557.39971691358755,1468.3499755859375
557.60911510163237,1469.1500244140625
557.81850782781623,1469.5999755859375
558.0278950893628,1449.949951171875
558.237276883496,1434.300048828125
558.44665320743945,1407
558.65602405841787,1409.9000244140625
558.86538943365542,1369.9000244140625
559.07474933037679,1387.1500244140625
559.2841037458071,1391.199951171875
559.49345267717149,1360.5999755859375
559.70279612169531,1369.800048828125
559.91213407660427,1335.300048828125
560.1214665391243,1321.5999755859375
560.33079350648131,1322.949951171875
560.540114975902,1313.25
560.74943094461287,1287.25
560.95874140984074,1290.5
561.16804636881238,1283.75
561.37734581875543,1280.949951171875
561.58663975689751,1277.5
561.79592818046638,1247.9000244140625
562.00521108668988,1250.75
562.21448847279646,1243.949951171875
562.42376033601442,1220.5
562.63302667357277,1219.050048828125
562.84228748270027,1209.550048828125
563.05154276062649,1224.8499755859375
563.26079250458054,1192.0999755859375
563.47003671179209,1165.8499755859375
563.67927537949117,1171.0999755859375
563.88850850490837,1180.5999755859375
564.0977360852736,1151.25
564.30695811781766,1150.75
564.51617459977138,1145.5999755859375
564.72538552836625,1144.5999755859375
564.9345909008332,1131.3499755859375
565.14379071440419,1119.8499755859375
565.352984966311,1105.0999755859375
565.56217365378563,1119.3499755859375
565.77135677406056,1118.800048828125
565.98053432436848,1108.300048828125
566.1897063019419,1097.3499755859375
566.398872704014,1080.8499755859375
566.60803352781829,1051.5999755859375
566.81718877058825,1066.5999755859375
567.02633842955765,1064.050048828125
567.2354825019604,1040.449951171875
567.44462098503129,1037
567.65375387600409,1033.3499755859375
567.862881172114,1045.449951171875
568.07200287059641,1031.3499755859375
568.281118968686,1027.949951171875
568.49022946361833,1021.2000122070313
568.69933435262942,1013.75
568.90843363295517,999
569.11752730183161,1001.75
569.32661535649561,997.79998779296875
569.53569779418365,977.04998779296875
569.7447746121328,976.3499755859375
569.95384580758014,970.04998779296875
570.16291137776307,973.95001220703125
570.37197131991979,956.8499755859375
570.58102563128784,968.5
570.79007430910542,958.79998779296875
570.99911735061107,969.45001220703125
571.20815475304369,947.3499755859375
571.41718651364181,941.6500244140625
571.6262126296449,926.45001220703125
571.83523309829229,919.5999755859375
572.04424791682379,909.5
572.253257082479,925.75
572.46226059249864,922.3499755859375
572.67125844412271,912.20001220703125
572.880250634592,917.3499755859375
573.08923716114759,894.0999755859375
573.29821802103015,913
573.50719321148176,892.9000244140625
573.71616272974359,871.3499755859375
573.9251265730577,874.6500244140625
574.1340847386665,862.29998779296875
574.34303722381219,861.70001220703125
574.551984025737,858.45001220703125
574.76092514168465,847
574.96986056889784,850.5999755859375
575.17879030461984,845.79998779296875
575.38771434609487,846.95001220703125
575.59663269056637,838.70001220703125
575.80554533527857,848.70001220703125
576.01445227747593,834.4000244140625
576.22335351440313,818.29998779296875
576.43224904330509,832.5999755859375
576.64113886142718,806.8499755859375
576.85002296601431,822.20001220703125
577.0589013543123,821.04998779296875
577.26777402356754,816.4000244140625
577.47664097102563,796.6500244140625
577.6855021939333,805.25
577.89435768953717,800.1500244140625
578.10320745508409,792.4000244140625
578.31205148782112,802.8499755859375
578.520889784996,773.6500244140625
578.72972234385634,787.29998779296875
578.93854916165,771
579.147370235625,788.25
579.35618556303,772.8499755859375
579.56499514111385,768.6500244140625
579.773798967125,749.95001220703125
579.98259703831309,756.8499755859375
580.19138935192746,762.79998779296875
580.40017590521779,726.75
580.608956695434,754.70001220703125
580.81773171982661,741.45001220703125
581.02650097564572,733.04998779296875
581.235264460142,726.3499755859375
581.44402217056711,725.5999755859375
581.65277410417139,720.75
581.861520258207,714.04998779296875
582.07026062992531,733.1500244140625
582.27899521657855,703.45001220703125
582.487724015419,722.04998779296875
582.696447023699,703.54998779296875
582.90516423867143,705
583.11387565758935,709.8499755859375
583.32258127770615,683.4000244140625
583.531281096275,675.04998779296875
583.73997511055029,681.5
583.94866331778542,689.9000244140625
584.15734571523512,679.6500244140625
584.36602230015421,681.1500244140625
584.57469306979692,677.3499755859375
584.78335802141862,668.04998779296875
584.99201715227468,660.04998779296875
585.20067045962082,661.6500244140625
585.40931794071275,672.8499755859375
585.61795959280664,647.45001220703125
585.82659541315888,644.75
586.0352253990261,645.20001220703125
586.24384954766515,648.04998779296875
586.45246785633344,639.04998779296875
586.66108032228806,631.54998779296875
586.86968694278721,639.3499755859375
587.078287715088,633.1500244140625
587.28688263644949,631.04998779296875
587.49547170412961,621.1500244140625
587.70405491538725,609.8499755859375
587.9126322674814,618.4000244140625
588.12120375767131,611
588.32976938321667,612.5999755859375
588.53832914137683,609.45001220703125
588.74688302941217,607.95001220703125
588.955431044583,597.29998779296875
589.16397318414954,599.20001220703125
589.372509445373,591.95001220703125
589.58103982551393,594
589.78956432183429,581.54998779296875
589.99808293159538,581.20001220703125
590.20659565205915,567.04998779296875
590.41510248048769,581.8499755859375
590.62360341414319,571.75
590.83209845028875,569.9000244140625
591.040587586187,559.04998779296875
591.24907081910112,580.79998779296875
591.45754814629436,565.5999755859375
591.66601956503109,546.04998779296875
591.87448507257477,536.5999755859375
592.08294466618963,563.8499755859375
592.29139834314014,553.4000244140625
592.49984610069146,548.54998779296875
592.70828793610849,531.04998779296875
592.91672384665617,543.54998779296875
593.12515382960032,534.70001220703125
593.33357788220667,547.4000244140625
593.54199600174172,530.6500244140625
593.75040818547131,530.45001220703125
593.95881443066241,524.6500244140625
594.16721473458165,531.9000244140625
594.37560909449644,524.6500244140625
594.5839975076741,519.20001220703125
594.79237997138227,523.5999755859375
595.000756482889,517.5
595.20912703946237,521.4000244140625
595.41749163837085,501.95001220703125
595.62585027688351,501.39999389648438
595.83420295226938,506.29998779296875
596.04254966179735,498.95001220703125
596.25089040273713,502.95001220703125
596.45922517235863,490.04998779296875
596.66755396793212,481.54998779296875
596.87587678672776,479.75
597.08419362601614,486.29998779296875
597.29250448306846,497.75
597.50080935515541,473.35000610351563
597.709108239549,479
597.91740113352057,487.95001220703125
598.125688034342,474.14999389648438
598.333968939286,487.39999389648438
598.54224384562474,453.14999389648438
598.75051275063117,487.75
598.95877565157821,456
599.16703254573918,469.79998779296875
599.375283430388,461
599.58352830279819,445.70001220703125
599.79176716024392,461.25
600,459.5
600.20822681934078,448.95001220703125
600.41644761554119,451.10000610351563
600.62466238587672,448.70001220703125
600.83287112762252,453.29998779296875
601.04107383805467,441.5
601.24927051444922,446.45001220703125
601.457461154082,424.70001220703125
601.66564575423024,431.75
601.87382431217054,433.75
602.08199682518011,426.10000610351563
602.290163290536,428.75
602.49832370551667,431.89999389648438
602.7064780673993,435.70001220703125
602.91462637346251,432.60000610351563
603.12276862098486,424.60000610351563
603.33090480724479,416.89999389648438
603.53903492952168,421.85000610351563
603.74715898509464,412.20001220703125
603.95527697124351,417.25
604.16338888524785,405.95001220703125
604.371494724388,404
604.57959448594443,410.04998779296875
604.787688167198,413.14999389648438
604.99577576542913,395.75
605.20385727791972,405.75
605.41193270195083,404.25
605.62000203480443,396.14999389648438
605.82806527376283,396.10000610351563
606.03612241610824,386.20001220703125
606.24417345912286,387.10000610351563
606.45221840009015,384.29998779296875
606.66025723629321,385.95001220703125
606.86828996501526,393.29998779296875
607.07631658354023,366.20001220703125
607.28433708915213,373.04998779296875
607.49235147913532,378.75
607.700359750774,379.04998779296875
607.90836190135371,364.39999389648438
608.116357928159,381.39999389648438
608.32434782847542,369.54998779296875
608.5323315995887,376.39999389648438
608.740309238785,364.14999389648438
608.94828074335021,363.54998779296875
609.156246110571,350.04998779296875
609.36420533773412,363.29998779296875
609.57215842212679,355
609.78010536103636,354.04998779296875
609.98804615175038,355.60000610351563
610.19598079155674,359.79998779296875
610.40390927774376,357.70001220703125
610.6118316076,345.29998779296875
610.8197477784139,349.64999389648438
611.02765778747482,350.5
611.235561632072,356.10000610351563
611.44345930949476,350.04998779296875
611.65135081703318,337.79998779296875
611.8592361519776,332.39999389648438
612.06711531161841,349
612.27498829324622,338.20001220703125
612.48285509415189,335.85000610351563
612.69071571162726,339.89999389648438
612.89857014296331,346.45001220703125
613.10641838545212,340.85000610351563
613.31426043638578,327.54998779296875
613.522096293057,322.64999389648438
613.72992595275809,335.29998779296875
613.93774941278218,319.5
614.1455666704228,317.95001220703125
614.353377722973,317.75
614.5611825677272,330.5
614.76898120197893,321.64999389648438
614.976773623023,313.95001220703125
615.184559828154,319.75
615.3923398146668,315.14999389648438
615.60011357985672,308.64999389648438
615.80788112101936,315.25
616.01564243545033,297.75
616.22339752044627,305.79998779296875
616.431146373303,299.60000610351563
616.63888899131757,302.25
616.84662537178656,305.85000610351563
617.05435551200765,303.20001220703125
617.26207940927816,293.10000610351563
617.469797060896,298.45001220703125
617.67750846415913,290.20001220703125
617.88521361636617,290.64999389648438
618.09291251481545,288.54998779296875
618.30060515680634,305.14999389648438
618.50829153963787,291.75
618.71597166060985,287.20001220703125
618.92364551702167,279.14999389648438
619.13131310617382,297.35000610351563
619.33897442536636,288.89999389648438
619.54662947190025,276.60000610351563
619.75427824307667,276.5
619.96192073619636,280.39999389648438
620.16955694856142,282.89999389648438
620.37718687747326,272.14999389648438
620.5848105202341,271.5
620.79242787414648,272.25
621.00003893651319,268.35000610351563
621.20764370463712,269.39999389648438
621.41524217582139,267.20001220703125
621.62283434736992,271.5
621.83042021658639,267.14999389648438
622.03799978077518,263.20001220703125
622.24557303724009,264.64999389648438
622.45313998328675,271.10000610351563
622.6607006162194,260.35000610351563
622.868254933344,261.5
623.07580293196577,263.54998779296875
623.28334460939072,252.25
623.49087996292508,259.89999389648438
623.69840898987525,258.14999389648438
623.90593168754788,256.35000610351563
624.11344805325052,250.30000305175781
624.32095808428994,252.85000610351563
624.52846177797414,250.69999694824219
624.73595913161114,246
624.943450142509,252.55000305175781
625.15093480797634,246.69999694824219
625.3584131253217,238.05000305175781
625.56588509185462,234.14999389648438
625.773350704884,237.39999389648438
625.98080996172,237.64999389648438
626.1882628596727,237.64999389648438
626.39570939605176,231.89999389648438
626.60314956816831,233
626.81058337333309,231.44999694824219
627.018010808857,244.69999694824219
627.22543187205179,231.94999694824219
627.43284656022911,240.85000610351563
627.64025487070126,225.75
627.84765680078021,230.60000610351563
628.05505234777866,223.89999389648438
628.26244150900993,234.69999694824219
628.46982428178671,221.80000305175781
628.677200663423,234.39999389648438
628.88457065123214,222
629.09193424252874,216.44999694824219
629.29929143462687,220.85000610351563
629.50664222484136,223.14999389648438
629.71398661048715,222.19999694824219
629.92132458887966,214.25
630.12865615733426,215.30000305175781
630.33598131316728,215.80000305175781
630.54330005369422,201.10000610351563
630.75061237623231,203.19999694824219
630.95791827809785,212.89999389648438
631.16521775660817,211.10000610351563
631.3725108090805,211.30000305175781
631.57979743283261,204.69999694824219
631.78707762518241,204.05000305175781
631.99435138344813,201.19999694824219
632.2016187049486,207.85000610351563
632.40887958700216,204.19999694824219
632.61613402692853,195.05000305175781
632.823382022047,201.30000305175781
633.03062356967735,201
633.23785866713945,205.39999389648438
633.44508731175381,201.75
633.6523095008414,207.75
633.8595252317225,199.19999694824219
634.06673450171888,200.5
634.27393730815209,197
634.48113364834376,198.39999389648438
634.68832351961646,188.44999694824219
634.89550691929185,190
635.10268384469384,195.55000305175781
635.30985429314444,191.75
635.51701826196756,185.60000610351563
635.7241757484868,186.94999694824219
635.93132675002607,185.35000610351563
636.13847126390976,180.10000610351563
636.34560928746214,190.69999694824219
636.55274081800849,185.85000610351563
636.75986585287376,186.55000305175781
636.96698438938347,176.25
637.17409642486325,186.80000305175781
637.38120195663942,185.30000305175781
637.58830098203839,183.64999389648438
637.7953934983866,170.55000305175781
638.00247950301116,176.35000610351563
638.20955899323951,174
638.416631966399,171.5
638.62369841981774,184.05000305175781
638.83075835082366,174.5
639.03781175674578,174.19999694824219
639.24485863491259,174.14999389648438
639.45189898265312,163.25
639.65893279729664,176.89999389648438
639.86596007617345,166.10000610351563
640.07298081661315,162.89999389648438
640.27999501594627,167.94999694824219
640.48700267150332,168.89999389648438
640.6940037806155,170.64999389648438
640.90099834061357,163.60000610351563
641.10798634882951,159.39999389648438
641.314967802595,156.85000610351563
641.52194269924235,162.80000305175781
641.72891103610414,161.25
641.93587281051271,159.5
642.14282801980164,160.30000305175781
642.34977666130408,144.94999694824219
642.55671873235349,153.44999694824219
642.76365423028449,148.39999389648438
642.97058315243089,158.94999694824219
643.17750549612754,162.94999694824219
643.38442125870938,149.30000305175781
643.59133043751149,142.35000610351563
643.79823302986961,149.60000610351563
644.00512903311949,156.75
644.21201844459733,150.25
644.41890126163935,141.89999389648438
644.62577748158276,139.60000610351563
644.83264710176456,142.5
645.03951011952211,144.35000610351563
645.24636653219284,149.25
645.453216337115,147.69999694824219
645.660059531627,141.30000305175781
645.86689611306747,136.89999389648438
646.073726078775,143.30000305175781
646.28054942608924,136.5
646.48736615234964,135.5
646.69417625489609,135.60000610351563
646.90097973106856,144.55000305175781
647.107776578208,143.19999694824219
647.314566793655,138.30000305175781
647.52135037475057,140.05000305175781
647.72812731883607,127.40000152587891
647.93489762325351,134.80000305175781
648.14166128534475,134.10000610351563
648.34841830245227,135.60000610351563
648.55516867191864,120.94999694824219
648.76191239108675,128.80000305175781
648.96864945730033,135.94999694824219
649.17537986790251,128.10000610351563
649.38210362023767,129.30000305175781
649.58882071164965,130.25
649.79553113948316,131.44999694824219
650.00223490108294,125.75
650.20893199379429,130.05000305175781
650.41562241496285,130.60000610351563
650.62230616193426,129.55000305175781
650.8289832320545,122.55000305175781
651.03565362267022,119.84999847412109
651.24231733112811,122.55000305175781
651.448974354775,129.44999694824219
651.65562469095869,120.84999847412109
651.86226833702676,115.30000305175781
652.06890529032694,125.90000152587891
652.27553554820759,131.14999389648438
652.48215910801753,124.90000152587891
652.68877596710581,119.19999694824219
652.89538612282138,113.30000305175781
653.10198957251373,123.09999847412109
653.3085863135334,117.84999847412109
653.51517634322977,113
653.72175965895394,121.80000305175781
653.92833625805667,112.90000152587891
654.134906137889,116.55000305175781
654.3414692958022,121.69999694824219
654.54802572914843,116.75
654.75457543528,120.59999847412109
654.96111841154834,107.90000152587891
655.16765465530739,118.5
655.3741841639096,107.94999694824219
655.58070693470813,114.84999847412109
655.78722296505714,109.69999694824219
655.99373225231056,101.05000305175781
656.20023479382246,115.69999694824219
656.40673058694779,106.69999694824219
656.61321962904128,106.65000152587891
656.81970191745825,103.80000305175781
657.02617744955455,111.5
657.23264622268562,98.6500015258789
657.43910823420811,105
657.64556348147858,102.34999847412109
657.8520119618538,96
658.058453672691,111.44999694824219
658.26488861134737,103.90000152587891
658.47131677518121,107.80000305175781
658.67773816155068,103.75
658.88415276781393,101.75
659.09056059133,99.800003051757813
659.29696162945788,109.65000152587891
659.50335587955715,98.550003051757813
659.70974333898744,109.19999694824219
659.91612400510883,108.69999694824219
660.12249787528185,102.09999847412109
660.32886494686716,99.800003051757813
660.53522521722573,89.800003051757813
660.741578683719,102.09999847412109
660.94792534370856,91.800003051757813
661.15426519455661,95.9000015258789
661.36059823362541,102
661.56692445827741,93.9000015258789
661.773243865876,92.0999984741211
661.97955645378408,92.800003051757813
662.18586221936573,95.699996948242188
662.39216115998443,88.5999984741211
662.59845327300468,89.199996948242188
662.804738555791,93.25
663.01101700570837,93.050003051757813
663.217288620122,95.75
663.42355339639732,85.300003051757813
663.62981133190056,96.199996948242188
663.83606242399776,83.1500015258789
664.04230667005515,92.199996948242188
664.24854406744009,89.300003051757813
664.45477461351948,93.449996948242188
664.660998305661,91.949996948242188
664.86721514123212,91.5
665.07342511760157,80
665.27962823213738,90.699996948242188
665.48582448220861,79.5999984741211
665.69201386518432,81.25
665.89819637843391,88.8499984741211
666.104372019327,83.1500015258789
666.31054078523414,81
666.51670267352563,83.0999984741211
666.722857681572,86.050003051757813
666.9290058067445,78.3499984741211
667.13514704641466,88.449996948242188
667.34128139795428,82.300003051757813
667.54740885873525,87
667.7535294261296,91
667.959643097511,78.6500015258789
668.16574987025183,86.75
668.37184974172533,77.5
668.57794270930606,74.050003051757813
668.78402877036706,85.949996948242188
668.99010792228341,82.5
669.19618016242953,77.3499984741211
669.40224548818026,73.699996948242188
669.60830389691148,83.8499984741211
669.81435538599851,76.3499984741211
670.02039995281746,76.3499984741211
670.22643759474465,71.6500015258789
670.43246830915655,74.949996948242188
670.63849209343039,79.699996948242188
670.84450894494364,71.949996948242188
671.05051886107378,73.800003051757813
671.25652183919885,79
671.462517876697,73.449996948242188
671.66850697094719,78.449996948242188
671.87448911932813,71.8499984741211
672.08046431921935,71.25
672.28643256800024,69.5
672.49239386305123,75.9000015258789
672.698348201752,71.1500015258789
672.90429558148389,68.25
673.11023599962732,68.300003051757813
673.3161694535637,76.9000015258789
673.522095940675,71.75
673.72801545834272,72.550003051757813
673.93392800394952,65.300003051757813
674.13983357487791,72.75
674.34573216851072,68.9000015258789
674.55162378223133,66.699996948242188
674.75750841342347,69.9000015258789
674.96338605947142,66.9000015258789
675.16925671775869,63.400001525878906
675.37512038567024,70.050003051757813
675.58097706059141,66.199996948242188
675.786826739907,60.200000762939453
675.992669421003,77
676.19850510126514,67.6500015258789
676.40433377807972,72.9000015258789
676.61015544883355,65.800003051757813
676.81597011091355,67.8499984741211
677.021777761707,62.299999237060547
677.22757839860151,59.200000762939453
677.433372018985,68.949996948242188
677.63915862024589,70.550003051757813
677.84493819977274,64.949996948242188
678.05071075495459,56.700000762939453
678.256476283181,64.699996948242188
678.462234781841,65
678.667986248325,61.099998474121094
678.87373068002341,65.5
679.07946807432643,65.9000015258789
679.28519842862579,62.25
679.490921740312,58.299999237060547
679.69663800677722,66.300003051757813
679.90234722541368,63.950000762939453
680.1080493936131,62.400001525878906
680.31374450876876,60.849998474121094
680.519432568273,54.900001525878906
680.72511356951986,56.650001525878906
680.93078750990264,58.650001525878906
681.13645438681544,61.549999237060547
681.34211419765279,60.799999237060547
681.54776693980943,60.599998474121094
681.7534126106799,60.349998474121094
681.95905120766008,61.25
682.16468272814564,59.599998474121094
682.37030716953257,56.150001525878906
682.575924529217,56.25
682.78153480459628,53.25
682.98713799306688,54.75
683.19273409202674,60.5
683.39832309887311,55.049999237060547
683.60390501100471,58.299999237060547
683.80947982581938,53.75
684.01504754071607,52.650001525878906
684.22060815309408,51.799999237060547
684.42616166035293,57.799999237060547
684.631708059892,59.75
684.83724734911175,56.950000762939453
685.04277952541293,54.400001525878906
685.24830458619567,57.75
685.45382252886168,51.349998474121094
685.65933335081252,63.75
685.86483704944953,55.849998474121094
686.07033362217521,57.150001525878906
686.27582306639215,50.650001525878906
686.48130537950328,57.599998474121094
686.68678055891166,54.700000762939453
686.89224860202091,54.099998474121094
687.09770950623476,49.200000762939453
687.30316326895763,46.400001525878906
687.50860988759416,57.700000762939453
687.71404935954945,57.75
687.91948168222837,46.650001525878906
688.12490685303669,48.650001525878906
688.33032486938043,52.200000762939453
688.53573572866594,55.650001525878906
688.74113942829979,43.549999237060547
688.946535965689,54.5
689.151925338241,46.849998474121094
689.35730754336328,53
689.56268257846386,41.599998474121094
689.76805044095147,45.549999237060547
689.97341112823426,52.200000762939453
690.17876463772188,39.75
690.3841109668233,51.450000762939453
690.58945011294873,49.450000762939453
690.7947820735078,50.099998474121094
691.0001068459112,50.900001525878906
691.20542442756948,40.549999237060547
691.41073481589433,45.299999237060547
691.61603800829664,49.200000762939453
691.82133400218856,46.900001525878906
692.02662279498236,47.099998474121094
692.23190438409006,48.450000762939453
692.43717876692506,41.5
692.6424459409003,47.950000762939453
692.84770590342941,48.349998474121094
693.05295865192647,40.150001525878906
693.25820418380533,52.549999237060547
693.46344249648109,44.75
693.6686735873684,43.700000762939453
693.87389745388259,43.299999237060547
694.07911409343944,49.450000762939453
694.284323503455,53.200000762939453
694.4895256813453,42.900001525878906
694.69472062452724,47.450000762939453
694.89990833041793,42.200000762939453
695.10508879643442,49.75
695.31026201999487,42.950000762939453
695.51542799851745,37.849998474121094
695.72058672942035,48.450000762939453
695.92573821012218,44.5
696.13088243804225,34.900001525878906
696.33601941060022,33.650001525878906
696.54114912521584,45.599998474121094
696.74627157930922,39.75
696.95138677030093,33.549999237060547
697.15649469561185,45.849998474121094
697.36159535266336,44.400001525878906
697.56668873887691,40
697.77177485167431,43.5
697.9768536884784,39.450000762939453
698.1819252467111,45.049999237060547
698.38698952379616,41.900001525878906
698.59204651715618,47.200000762939453
698.79709622421535,41.349998474121094
699.00213864239765,32.849998474121094
699.20717376912751,45.25
699.41220160182934,44.200000762939453
699.61722213792882,42.650001525878906
699.82223537485106,39.450000762939453
700.027241310022,39.75
700.23223994086766,37.400001525878906
700.43723126481461,42.450000762939453
700.64221527928987,40.349998474121094
700.84719198172058,37
701.05216136953425,41.650001525878906
701.25712344015881,38.799999237060547
701.4620781910229,40.400001525878906
701.66702561955458,39.849998474121094
701.87196572318328,35.450000762939453
702.07689849933831,34.75
702.28182394544933,35.299999237060547
702.48674205894633,43.950000762939453
702.69165283725954,37.900001525878906
702.89655627782042,42.5
703.10145237805932,40.349998474121094
703.30634113540827,34.900001525878906
703.51122254729853,37.25
703.71609661116293,38.049999237060547
703.92096332443384,32.5
704.12582268454389,34.099998474121094
704.33067468892648,34.25
704.53551933501547,33.900001525878906
704.74035662024448,34
704.94518654204808,39.450000762939453
705.15000909786079,38.549999237060547
705.35482428511773,40.400001525878906
705.55963210125435,34
705.76443254370622,33.75
705.96922560990981,35.75
706.17401129730138,51.400001525878906
706.37878960331773,38.349998474121094
706.583560525396,36.599998474121094
706.78832406097388,35.25
706.99308020748924,34.650001525878906
707.19782896238019,33.150001525878906
707.4025703230858,35.75
707.60730428704437,34.849998474121094
707.81203085169579,32.049999237060547
708.01675001447961,42.549999237060547
708.22146177283571,27.899999618530273
708.426166124205,34.549999237060547
708.6308630660277,38.299999237060547
708.835552595745,33.599998474121094
709.0402347107987,37.099998474121094
709.24490940863041,31.100000381469727
709.44957668668246,36.299999237060547
709.65423654239748,33.349998474121094
709.85888897321843,33.799999237060547
710.06353397658825,37.299999237060547
710.26817154995092,32.049999237060547
710.47280169075043,33.700000762939453
710.67742439643109,29.549999237060547
710.88203966443757,33.75
711.08664749221532,32.150001525878906
711.29124787720934,35.700000762939453
711.49584081686578,30.600000381469727
711.70042630863077,32.049999237060547
711.90500434995056,36.849998474121094
712.10957493827266,28.350000381469727
712.31413807104366,29
712.51869374571174,39
712.72324195972442,32.900001525878906
712.92778271053055,34.25
713.13231599557832,34.950000762939453
713.33684181231729,17.5
713.54136015819677,30.899999618530273
713.74587103066642,31.149999618530273
713.9503744271766,30.75
714.15487034517764,30.299999237060547
714.35935878212069,27.299999237060547
714.5638397354569,32.299999237060547
714.768313202638,33.200000762939453
714.97277918111558,31.899999618530273
715.1772376683424,24.5
715.38168866177114,32.299999237060547
715.58613215885487,31.450000762939453
715.79056815704689,32.450000762939453
715.99499665380119,31.25
716.1994176465721,31.899999618530273
716.40383113281382,28.700000762939453
716.60823710998113,29.049999237060547
716.81263557553007,34.349998474121094
717.01702652691529,40.849998474121094
717.22140996159374,26.399999618530273
717.4257858770211,27.049999237060547
717.63015427065443,25.799999237060547
717.83451513995089,31.450000762939453
718.03886848236777,24.649999618530273
718.243214295363,24.399999618530273
718.44755257639508,28.049999237060547
718.651883322922,36.599998474121094
718.85620653240278,25.149999618530273
719.06052220229742,29.25
719.2648303300648,31.799999237060547
719.46913091316537,26.399999618530273
719.67342394905972,28.600000381469727
719.87770943520809,29
720.081987369072,24.649999618530273
720.28625774811292,33.049999237060547
720.49052056979258,35.25
720.69477583157368,28.25
720.89902353091816,28.5
721.10326366528966,25.649999618530273
721.30749623215127,29.299999237060547
721.51172122896639,19
721.7159386531996,36.400001525878906
721.92014850231544,23.399999618530273
722.12435077377813,29.399999618530273
722.32854546505359,26.649999618530273
722.532732573607,28.5
722.73691209690446,27.200000762939453
722.941084032412,28.200000762939453
723.14524837759654,27.799999237060547
723.34940512992534,24.950000762939453
723.55355428686539,33.400001525878906
723.75769584588511,26.100000381469727
723.9618298044519,26.75
724.16595616003485,19.25
724.37007491010274,31.600000381469727
724.57418605212456,18.850000381469727
724.77828958357054,26.700000762939453
724.98238550191013,23.899999618530273
725.18647380461414,28.700000762939453
725.39055448915349,27.799999237060547
725.59462755299865,29.899999618530273
725.79869299362167,23.850000381469727
726.00275080849451,24.25
726.206800995089,30.75
726.41084355087821,32.599998474121094
726.6148784733349,24.450000762939453
726.81890575993225,24.450000762939453
727.02292540814449,31.049999237060547
727.2269374154456,29.549999237060547
727.43094177930993,24
727.63493849721237,20.850000381469727
727.83892756662806,22.899999618530273
728.04290898503325,28
728.24688274990319,27.5
728.45084885871461,18.649999618530273
728.65480730894421,22.049999237060547
728.85875809806942,30.600000381469727
729.06270122356682,29.950000762939453
729.26663668291542,25.350000381469727
729.4705644735925,27.350000381469727
729.6744845930773,23.299999237060547
729.87839703884879,31.299999237060547
730.08230180838609,21.100000381469727
730.286198899169,24
730.49008830867774,19.350000381469727
730.69397003439269,21.399999618530273
730.897844073795,29.649999618530273
731.10171042436559,17.850000381469727
731.30556908358608,23.200000762939453
731.50942004893886,25.549999237060547
731.713263317906,34
731.91709888797038,24.399999618530273
732.120926756615,21.799999237060547
732.32474692132348,18.399999618530273
732.52855937957975,25.450000762939453
732.73236412886808,26.350000381469727
732.936161166673,24.5
733.13995049047981,23.25
733.34373209777334,35.75
733.54750598603994,25.149999618530273
733.75127215276564,23.75
733.95503059543682,14.050000190734863
734.15878131154045,21.200000762939453
734.36252429856393,35.450000762939453
734.56625955399488,18.049999237060547
734.7699870753213,19.899999618530273
734.97370686003171,25.149999618530273
735.17741890561467,24.100000381469727
735.38112320955975,28.200000762939453
735.58481976935639,19.799999237060547
735.7885085824945,22.049999237060547
735.99218964646423,25.850000381469727
736.19586295875661,20.700000762939453
736.39952851686269,20.049999237060547
736.60318631827374,24.799999237060547
736.8068363604815,21.049999237060547
737.01047864097893,17.950000762939453
737.21411315725754,22.5
737.41773990681122,26.799999237060547
737.62135888713317,14.100000381469727
737.824970095717,28.799999237060547
738.02857353005663,21.100000381469727
