459.485050406383,7.4000000953674316
459.69668394865238,2.7999999523162842
459.90831334242165,12.699999809265137
460.11993858482555,-3.4000000953674316
460.33155967299865,1.6000000238418579
460.54317660407577,8.5
460.75478937519233,9.8000001907348633
460.96639798348309,0.800000011920929
461.17800242608405,9.3000001907348633
461.38960270013,3.7000000476837158
461.60119880275727,6.3000001907348633
461.81279073110096,-5.8000001907348633
462.02437848229732,11.800000190734863
462.23596205348275,-1.8999999761581421
462.44754144179319,14.899999618530273
462.659116644365,7
462.87068765833476,10.699999809265137
463.08225448083942,3.0999999046325684
463.29381710901544,9.1000003814697266
463.50537554000005,9.6999998092651367
463.71692977093039,11.800000190734863
463.92847979894367,5.5
464.14002562117736,5
464.35156723476905,6.0999999046325684
464.56310463685628,6.0999999046325684
464.77463782457744,11.300000190734863
464.9861667950704,5.5999999046325684
465.19769154547294,0.60000002384185791
465.40921207292382,12.199999809265137
465.62072837456174,8.6000003814697266
465.83224044752478,17.200000762939453
466.0437482889522,12.199999809265137
466.2552518959825,1.2999999523162842
466.46675126575519,8.3999996185302734
466.67824639540947,7.9000000953674316
466.889737282085,13.5
467.10122392292072,5.9000000953674316
467.31270631505674,11.199999809265137
467.52418445563291,10.5
467.7356583417893,9.5
467.94712797066614,15.100000381469727
468.15859333940358,6.3000001907348633
468.37005444514193,4.6999998092651367
468.5815112850226,9.3999996185302734
468.79296385618557,11.199999809265137
469.00441215577223,6.8000001907348633
469.21585618092365,8.8999996185302734
469.427295928781,-2.5
469.63873139648564,8.6000003814697266
469.85016258117929,6.9000000953674316
470.06158948000348,3.7000000476837158
470.27301209010056,14.199999809265137
470.48443040861218,14.5
470.6958444326807,5.4000000953674316
470.9072541594482,12.800000190734863
471.11865958605762,17.799999237060547
471.33006070965121,7.9000000953674316
471.54145752737224,10.600000381469727
471.75285003636344,11.199999809265137
471.96423823376784,15.899999618530273
472.17562211672896,17.799999237060547
472.38700168239041,9.1999998092651367
472.5983769278954,10
472.80974785038774,11.300000190734863
473.02111444701166,12.5
473.23247671491117,18.299999237060547
473.44383465123042,10.699999809265137
473.65518825311392,12.800000190734863
473.86653751770609,6.6999998092651367
474.07788244215192,18.200000762939453
474.28922302359604,14.600000381469727
474.50055925918372,14
474.71189114605983,14.600000381469727
474.92321868137014,8.8000001907348633
475.13454186225994,15.699999809265137
475.345860685875,15.899999618530273
475.55717514936111,5.6999998092651367
475.76848524986434,11.399999618530273
475.97979098453095,16.399999618530273
476.19109235050712,16.700000762939453
476.40238934493948,14.100000381469727
476.61368196497449,28.399999618530273
476.82497020775912,18.100000381469727
477.03625407044041,15.699999809265137
477.24753355016543,24.700000762939453
477.45880864408156,14.100000381469727
477.67007934933588,18.399999618530273
477.8813456630769,18.399999618530273
478.09260758245136,16.600000381469727
478.30386510460806,16.5
478.51511822669448,9.5
478.72636694585935,25
478.93761125925084,32.299999237060547
479.14885116401797,11.800000190734863
479.3600866573093,16.899999618530273
479.57131773627356,37.599998474121094
479.78254439806005,19
479.993766639818,32
480.20498445869697,28.200000762939453
480.41619785184639,29.5
480.62740681641628,38
480.83861134955612,27.600000381469727
481.04981144841668,30
481.26100711014755,42.099998474121094
481.47219833189945,37.700000762939453
481.68338511082322,36
481.89456744406925,35.400001525878906
482.1057453287886,40.099998474121094
482.31691876213239,47.5
482.52808774125191,47.700000762939453
482.73925226329879,44.599998474121094
482.95041232542394,44.200000762939453
483.16156792477994,55.799999237060547
483.37271905851838,55.299999237060547
483.5838657237914,54.400001525878906
483.79500791775109,61.599998474121094
484.00614563755016,64.300003051757813
484.217278880341,73.5999984741211
484.42840764327667,76.5
484.63953192350994,75.9000015258789
484.85065171819389,80.199996948242188
485.06176702448187,79.0999984741211
485.27287783952733,81
485.48398416048394,87
485.69508598450534,104.69999694824219
485.90618330874582,102
486.11727613035913,114.30000305175781
486.32836444649979,115.69999694824219
486.53944825432228,116.90000152587891
486.7505275509813,122.40000152587891
486.9616023336315,126.40000152587891
487.172672599428,136.89999389648438
487.38373834552596,159.30000305175781
487.59479956908069,157.10000610351563
487.80585626724775,173.60000610351563
488.01690843718274,180.60000610351563
488.22795607604149,189
488.43899918097992,201.89999389648438
488.65003774915488,213
488.8610717777218,226.10000610351563
489.07210126383791,236
489.28312620465948,253.19999694824219
489.49414659734367,268.70001220703125
489.70516243904751,288.89999389648438
489.91617372692849,299.5
490.12718045814347,304.60000610351563
490.33818262985034,337.89999389648438
490.54918023920686,356.79998779296875
490.7601732833711,371.5
490.97116175950089,386.20001220703125
491.18214566475473,424.5
491.39312499629074,458.60000610351563
491.60409975126794,456.20001220703125
491.81506992684513,490.20001220703125
492.02603552018132,503.70001220703125
492.23699652843533,552.9000244140625
492.44795294876673,581.20001220703125
492.65890477833494,604.5999755859375
492.86985201429974,632
493.0807946538211,700.5
493.29173269405891,720
493.50266613217343,748.5999755859375
493.71359496532506,800.5999755859375
493.9245191906744,820.5
494.135438805382,872.4000244140625
494.34635380660933,919.4000244140625
494.55726419151711,953.5999755859375
494.76816995726648,1018.7000122070313
494.97907110101937,1066.9000244140625
495.18996761993691,1098.5
495.40085951118141,1185.300048828125
495.61174677191457,1255.300048828125
495.82262939929865,1296.300048828125
496.03350739049608,1368.5
496.24438074266942,1432.800048828125
496.455249452981,1498.4000244140625
496.66611351859439,1588.4000244140625
496.87697293667219,1670
497.08782770437779,1768.699951171875
497.29867781887464,1844.300048828125
497.50952327732654,1918.5999755859375
497.720364076897,2040
497.93120021475016,2100.800048828125
498.14203168805011,2210.89990234375
498.35285849396138,2309.699951171875
498.56368062964822,2419.39990234375
498.77449809227556,2572.60009765625
498.98531087900841,2649.699951171875
499.19611898701163,2832.60009765625
499.40692241345027,2936.699951171875
499.61772115549053,3075.10009765625
499.82851521029716,3224.89990234375
500.03930457503662,3365.699951171875
500.25008924687421,3516.5
500.46086922297695,3658.39990234375
500.67164450051069,3878.5
500.88241507664208,4012.199951171875
501.09318094853768,4194.2001953125
501.30394211336471,4460.2001953125
501.51469856829004,4615.7001953125
501.72545031048105,4897.2998046875
501.93619733710506,5062.60009765625
502.14693964533006,5305.60009765625
502.35767723232351,5630
502.5684100952538,5810.89990234375
502.77913823128887,6029.7998046875
502.989861637597,6358.2001953125
503.2005803113471,6655.7998046875
503.41129424970768,6998.5
503.62200344984791,7274.10009765625
503.83270790893647,7564.60009765625
504.0434076241433,7971
504.25410259263765,8366.7001953125
504.464792811589,8770.2998046875
504.67547827816765,9060.7998046875
504.88615898954316,9648.099609375
505.0968349428864,9896
505.30750613536736,10512.599609375
505.51817256415688,10757.900390625
505.72883422642565,11240.2998046875
505.93949111934472,11805.400390625
506.15014324008541,12245.2998046875
506.36079058581885,12666.5
506.5714331537169,13304.900390625
506.78207094095114,13947.7001953125
506.99270394469386,14342.599609375
507.20333216211668,14770
507.41395559039228,15474.599609375
507.62457422669331,15832.7001953125
507.835188068192,16421.599609375
508.04579711206168,16956.599609375
508.25640135547525,17640.900390625
508.46700079560605,17919.19921875
508.67759542962762,18504.5
508.88818525471356,19133.5
509.09877026803775,19381
509.30935046677416,19920
509.51992584809739,20017.599609375
509.73049640918146,20634.400390625
509.94106214720097,20921.30078125
510.151623059331,21169.80078125
510.36217914274636,21409.900390625
510.57273039462245,21432.400390625
510.78327681213472,21814
510.99381839245859,21950.30078125
511.20435513276982,21878.30078125
511.4148870302443,22020.400390625
511.62541408205846,22276.80078125
511.83593628538881,22001.19921875
512.04645363741122,22062.599609375
512.25696613530306,22083.099609375
512.467473776241,21591.099609375
512.6779765574023,21736
512.88847447596436,21716.599609375
513.09896752910447,21009.69921875
513.30945571400036,21139.099609375
513.51993902783045,20745
513.7304174677721,20709.599609375
513.94089103100418,20347.099609375
514.151359714705,19994.099609375
514.36182351605316,19762.5
514.572282432228,19392.30078125
514.78273646040816,19084.900390625
514.99318559777282,18743.5
515.20362984150211,18557.099609375
515.4140691887751,18343
515.62450363677181,17967
515.83493318267244,17483.400390625
516.04535782365735,17517.599609375
516.255777556907,16825.5
516.46619237960181,16576
516.6766022889226,16227.5
516.88700728205106,16080.099609375
517.09740735616776,15773.900390625
517.30780250845453,15481.400390625
517.51819273609283,15118.7001953125
517.72857803626471,14974.900390625
517.93895840615221,14622.7001953125
518.14933384293749,14396
518.35970434380317,14183
518.57006990593186,13708.099609375
518.78043052650617,13641
518.99078620270939,13273.7998046875
519.2011369317247,13089.2001953125
519.41148271073587,12859.900390625
519.62182353692617,12562.099609375
519.83215940747948,12586.2001953125
520.04249031958,12072.099609375
520.25281627041193,12034
520.46313725716,11699.7998046875
520.67345327700855,11553.400390625
520.88376432714267,11345.5
521.0940704047473,11163.900390625
521.30437150700777,10975.099609375
521.51466763110943,10914.7998046875
521.7249587742383,10646.7998046875
521.93524493357961,10591.2001953125
522.14552610632018,10262
522.35580228964591,10170.099609375
522.56607348074328,9967.7998046875
522.77633967679913,9888.7998046875
522.98660087500048,9701.599609375
523.19685707253393,9432.2998046875
523.40710826658722,9357.2001953125
523.61735445434772,9115.7001953125
523.82759563300317,9100.400390625
524.03783179974153,8903.7001953125
524.248062951751,8666.2001953125
524.45828908621968,8581.2001953125
524.6685102003363,8468.400390625
524.87872629128947,8312.400390625
525.08893735626839,8162.39990234375
525.29914339246159,8107.2001953125
525.50934439705918,7999.7001953125
525.71954036725026,7833.10009765625
525.92973130022506,7805.10009765625
526.13991719317278,7639.2001953125
526.35009804328433,7578.10009765625
526.56027384774984,7407.2001953125
526.77044460375964,7362.5
526.98061030850511,7317.2001953125
527.19077095917692,7239
527.4009265529661,7227.10009765625
527.61107708706436,7047.10009765625
527.82122255866341,7061.7998046875
528.03136296495472,6907.7001953125
528.2414983031307,6885.39990234375
528.45162857038349,6774.5
528.66175376390561,6750.2001953125
528.87187388088955,6778.7001953125
529.08198891852828,6545.2998046875
529.29209887401521,6553.89990234375
529.50220374454329,6510
529.71230352730629,6453.89990234375
529.9223982194975,6300.2998046875
530.13248781831112,6427.5
530.34257232094137,6234.2001953125
530.55265172458269,6197.60009765625
530.7627260264295,6055.39990234375
530.97279522367671,6095.7998046875
531.182859313519,5991.7001953125
531.39291829315175,5890
531.60297215977016,5825.7001953125
531.81302091057034,5833.2001953125
532.02306454274787,5862.5
532.23310305349867,5722
532.4431364400192,5589.2998046875
532.65316469950574,5610.2998046875
532.86318782915509,5614.2001953125
533.07320582616433,5453.7001953125
533.28321868773025,5392.39990234375
533.49322641105016,5367.39990234375
533.70322899332211,5343.60009765625
533.91322643174317,5292.10009765625
534.12321872351174,5274.7998046875
534.33320586582568,5238.2001953125
534.54318785588362,5058.5
534.75316469088432,5154.5
534.96313636802631,5061.10009765625
535.17310288450858,4962.2001953125
535.38306423753056,4939.39990234375
535.59302042429169,4912.60009765625
535.80297144199153,4843.7998046875
536.01291728783031,4811.60009765625
536.22285795900768,4713.7998046875
536.43279345272435,4744.7001953125
536.64272376618044,4698.10009765625
536.85264889657708,4738.60009765625
537.06256884111519,4607.7998046875
537.27248359699593,4510.60009765625
537.48239316142053,4540
537.69229753159084,4527.2998046875
537.90219670470856,4485.39990234375
538.112090677976,4490.39990234375
538.32197944859479,4355.89990234375
538.53186301376832,4342.7001953125
538.74174137069849,4319.60009765625
538.95161451658885,4341.10009765625
539.16148244864223,4269.2998046875
539.371345164062,4212.60009765625
539.58120266005187,4190.7998046875
539.79105493381553,4154.10009765625
540.0009019825568,4114
540.21074380348034,4128.5
540.42058039379049,4023.89990234375
540.63041175069179,4025.10009765625
540.84023787138926,3909
541.0500587530878,3962.300048828125
541.25987439299308,3936.60009765625
541.46968478831047,3877.10009765625
541.67948993624577,3869
541.88928983400479,3846.5
542.09908447879411,3721.5
542.30887386782,3801.60009765625
542.5186579982892,3706.39990234375
542.7284368674085,3719.39990234375
542.938210472385,3666
543.1479788104258,3648.300048828125
543.35774187873892,3572.10009765625
543.567499674532,3587.60009765625
543.77725219501235,3569
543.98699943738939,3578.5
544.19674139887059,3473.699951171875
544.40647807666539,3434.5
544.61620946798166,3446.800048828125
544.82593557002951,3381.699951171875
545.0356563800176,3415.5
545.24537189515593,3362.699951171875
545.45508211265383,3354.39990234375
545.66478702972154,3293.60009765625
545.87448664356964,3267.5
546.0841809514078,3256.39990234375
546.29386995044717,3190.5
546.50355363789879,3224
546.71323201097334,3230.39990234375
546.92290506688266,3172.5
547.1325728028379,3097.800048828125
547.342235216051,3069.199951171875
547.55189230373423,3048
547.76154406309934,3054.10009765625
547.97119049135927,3018.800048828125
548.18083158572654,3042.10009765625
548.39046734341412,2971.199951171875
548.600097761635,2968.89990234375
548.80972283760252,2890.800048828125
549.01934256853087,2865.39990234375
549.22895695163311,2860.39990234375
549.43856598412367,2891.89990234375
549.64816966321678,2856.5
549.85776798612721,2843
550.06736095006931,2822.5
550.27694855225832,2750.10009765625
550.48653078990935,2723.60009765625
550.69610766023777,2734
550.90567916045939,2693.300048828125
551.11524528778989,2714.10009765625
551.32480603944543,2738.199951171875
551.53436141264262,2729.699951171875
551.74391140459784,2590.60009765625
551.95345601252757,2637.5
552.16299523364955,2577.39990234375
552.3725290651804,2520
552.58205750433774,2567
552.79158054833965,2554.89990234375
553.00109819440377,2552.89990234375
553.21061043974828,2491.60009765625
553.42011728159173,2488.800048828125
553.62961871715265,2468.39990234375
553.83911474365016,2450.60009765625
554.04860535830312,2466
554.25809055833076,2448
554.467570340953,2445.10009765625
554.67704470338924,2422.699951171875
554.88651364285988,2427.89990234375
555.095977156585,2381.10009765625
555.30543524178483,2327
555.51488789568077,2376.89990234375
555.72433511549343,2345.60009765625
555.93377689844385,2333.10009765625
556.14321324175364,2341.5
556.35264414264441,2325.60009765625
556.562069598338,2289.800048828125
556.77148960605666,2290.699951171875
556.98090416302284,2259.5
557.19031326645893,2237.699951171875
557.39971691358755,2227.800048828125
557.60911510163237,2189.10009765625
557.81850782781623,2246.39990234375
558.0278950893628,2216.89990234375
558.237276883496,2208.39990234375
558.44665320743945,2154.199951171875
558.65602405841787,2191.89990234375
558.86538943365542,2107.699951171875
559.07474933037679,2118.10009765625
559.2841037458071,2103.300048828125
559.49345267717149,2113.39990234375
559.70279612169531,2094.800048828125
559.91213407660427,2107.10009765625
560.1214665391243,2088.5
560.33079350648131,2079.10009765625
560.540114975902,2057.39990234375
560.74943094461287,2053.39990234375
560.95874140984074,2006.4000244140625
561.16804636881238,1980.300048828125
561.37734581875543,2001.0999755859375
561.58663975689751,2017.5
561.79592818046638,1965.5999755859375
562.00521108668988,1982.4000244140625
562.21448847279646,1983.9000244140625
562.42376033601442,1958.0999755859375
562.63302667357277,1924.0999755859375
562.84228748270027,1932.4000244140625
563.05154276062649,1930.4000244140625
563.26079250458054,1902.5
563.47003671179209,1917
563.67927537949117,1877.699951171875
563.88850850490837,1902.199951171875
564.0977360852736,1864.199951171875
564.30695811781766,1866.699951171875
564.51617459977138,1860.5
564.72538552836625,1844
564.9345909008332,1835.9000244140625
565.14379071440419,1796.5
565.352984966311,1818
565.56217365378563,1812.0999755859375
565.77135677406056,1801.5
565.98053432436848,1803
566.1897063019419,1807
566.398872704014,1760.699951171875
566.60803352781829,1773.4000244140625
566.81718877058825,1747.199951171875
567.02633842955765,1738.5
567.2354825019604,1738.0999755859375
567.44462098503129,1743.4000244140625
567.65375387600409,1704.199951171875
567.862881172114,1717.300048828125
568.07200287059641,1713.9000244140625
568.281118968686,1706.9000244140625
568.49022946361833,1679.300048828125
568.69933435262942,1673.699951171875
568.90843363295517,1678.699951171875
569.11752730183161,1662
569.32661535649561,1672.9000244140625
569.53569779418365,1654.800048828125
569.7447746121328,1644.9000244140625
569.95384580758014,1622.300048828125
570.16291137776307,1638
570.37197131991979,1611.0999755859375
570.58102563128784,1589.800048828125
570.79007430910542,1589.5
570.99911735061107,1624.300048828125
571.20815475304369,1614.0999755859375
571.41718651364181,1603.9000244140625
571.6262126296449,1583.5999755859375
571.83523309829229,1561.9000244140625
572.04424791682379,1568.5
572.253257082479,1548.699951171875
572.46226059249864,1571.0999755859375
572.67125844412271,1529.5
572.880250634592,1546.800048828125
573.08923716114759,1531.800048828125
573.29821802103015,1505.9000244140625
573.50719321148176,1528.4000244140625
573.71616272974359,1508
573.9251265730577,1512.4000244140625
574.1340847386665,1492.9000244140625
574.34303722381219,1456.5999755859375
574.551984025737,1499.199951171875
574.76092514168465,1469.300048828125
574.96986056889784,1455
575.17879030461984,1472.9000244140625
575.38771434609487,1448.300048828125
575.59663269056637,1450.699951171875
575.80554533527857,1425.199951171875
576.01445227747593,1429.4000244140625
576.22335351440313,1439.800048828125
576.43224904330509,1411.300048828125
576.64113886142718,1394.0999755859375
576.85002296601431,1400.5999755859375
577.0589013543123,1399
577.26777402356754,1400.300048828125
577.47664097102563,1387.199951171875
577.6855021939333,1387.800048828125
577.89435768953717,1366.699951171875
578.10320745508409,1395.800048828125
578.31205148782112,1395
578.520889784996,1355.5
578.72972234385634,1367
578.93854916165,1341.300048828125
579.147370235625,1326.800048828125
579.35618556303,1344.0999755859375
579.56499514111385,1357.699951171875
579.773798967125,1312.5999755859375
579.98259703831309,1313.699951171875
580.19138935192746,1329.9000244140625
580.40017590521779,1298.699951171875
580.608956695434,1284.699951171875
580.81773171982661,1309
581.02650097564572,1293
581.235264460142,1281.4000244140625
581.44402217056711,1291.0999755859375
581.65277410417139,1268
581.861520258207,1268.300048828125
582.07026062992531,1278
582.27899521657855,1242.199951171875
582.487724015419,1257.800048828125
582.696447023699,1231.300048828125
582.90516423867143,1250.5999755859375
583.11387565758935,1247.699951171875
583.32258127770615,1239.800048828125
583.531281096275,1216
583.73997511055029,1193.0999755859375
583.94866331778542,1186
584.15734571523512,1178
584.36602230015421,1191.0999755859375
584.57469306979692,1193.5
584.78335802141862,1168.199951171875
584.99201715227468,1173.0999755859375
585.20067045962082,1202.300048828125
585.40931794071275,1168.4000244140625
585.61795959280664,1172.9000244140625
585.82659541315888,1161.300048828125
586.0352253990261,1147.5
586.24384954766515,1168.699951171875
586.45246785633344,1124
586.66108032228806,1114
586.86968694278721,1128.5999755859375
587.078287715088,1117.9000244140625
587.28688263644949,1111.5999755859375
587.49547170412961,1103.800048828125
587.70405491538725,1112.5
587.9126322674814,1113
588.12120375767131,1086.199951171875
588.32976938321667,1083
588.53832914137683,1086.5999755859375
588.74688302941217,1093.4000244140625
588.955431044583,1060.800048828125
589.16397318414954,1064.9000244140625
589.372509445373,1068.300048828125
589.58103982551393,1034.5
589.78956432183429,1032.699951171875
589.99808293159538,1038.9000244140625
590.20659565205915,1037.199951171875
590.41510248048769,1059
590.62360341414319,1060.5999755859375
590.83209845028875,1022.5
591.040587586187,1017.4000244140625
591.24907081910112,1020.4000244140625
591.45754814629436,990
591.66601956503109,999.29998779296875
591.87448507257477,1006.0999755859375
592.08294466618963,997
592.29139834314014,987.29998779296875
592.49984610069146,967.5999755859375
592.70828793610849,995.70001220703125
592.91672384665617,963.0999755859375
593.12515382960032,971.79998779296875
593.33357788220667,973.5
593.54199600174172,968
593.75040818547131,983.70001220703125
593.95881443066241,960.79998779296875
594.16721473458165,941
594.37560909449644,940.5999755859375
594.5839975076741,934.29998779296875
594.79237997138227,902.4000244140625
595.000756482889,929.4000244140625
595.20912703946237,908.9000244140625
595.41749163837085,920
595.62585027688351,912.5999755859375
595.83420295226938,891.79998779296875
596.04254966179735,894.20001220703125
596.25089040273713,870.29998779296875
596.45922517235863,902.20001220703125
596.66755396793212,892.9000244140625
596.87587678672776,874.5
597.08419362601614,900.4000244140625
597.29250448306846,860.29998779296875
597.50080935515541,850.20001220703125
597.709108239549,861.5
597.91740113352057,829.5999755859375
598.125688034342,848.29998779296875
598.333968939286,846
598.54224384562474,822
598.75051275063117,853.0999755859375
598.95877565157821,846.4000244140625
599.16703254573918,878.4000244140625
599.375283430388,844.70001220703125
599.58352830279819,821.79998779296875
599.79176716024392,854.5999755859375
600,823
600.20822681934078,816.29998779296875
600.41644761554119,795.9000244140625
600.62466238587672,792.20001220703125
600.83287112762252,811.20001220703125
601.04107383805467,793.20001220703125
601.24927051444922,782
601.457461154082,806.4000244140625
601.66564575423024,797
601.87382431217054,776
602.08199682518011,779.5
602.290163290536,765.79998779296875
602.49832370551667,786.9000244140625
602.7064780673993,783.70001220703125
602.91462637346251,774.5999755859375
603.12276862098486,743.0999755859375
603.33090480724479,756
603.53903492952168,752.29998779296875
603.74715898509464,733.70001220703125
603.95527697124351,746.0999755859375
604.16338888524785,746.29998779296875
604.371494724388,745.5
604.57959448594443,727
604.787688167198,722.9000244140625
604.99577576542913,741.0999755859375
605.20385727791972,727.20001220703125
605.41193270195083,718.9000244140625
605.62000203480443,734.70001220703125
605.82806527376283,722.5
606.03612241610824,720.0999755859375
606.24417345912286,708.79998779296875
606.45221840009015,695.5
606.66025723629321,691.29998779296875
606.86828996501526,703.4000244140625
607.07631658354023,704.5
607.28433708915213,692.9000244140625
607.49235147913532,704
607.700359750774,679.9000244140625
607.90836190135371,679.5
608.116357928159,666
608.32434782847542,688
608.5323315995887,679.9000244140625
608.740309238785,675.4000244140625
608.94828074335021,664.5999755859375
609.156246110571,635
609.36420533773412,674.0999755859375
609.57215842212679,656.0999755859375
609.78010536103636,659.5999755859375
609.98804615175038,642.5
610.19598079155674,642.20001220703125
610.40390927774376,631.79998779296875
610.6118316076,664.4000244140625
610.8197477784139,614
611.02765778747482,607.5999755859375
611.235561632072,640.5999755859375
611.44345930949476,629.4000244140625
611.65135081703318,632.79998779296875
611.8592361519776,629.4000244140625
612.06711531161841,615
612.27498829324622,628.0999755859375
612.48285509415189,623.9000244140625
612.69071571162726,596.20001220703125
612.89857014296331,607
613.10641838545212,579.4000244140625
613.31426043638578,614.5999755859375
613.522096293057,570.0999755859375
613.72992595275809,567.4000244140625
613.93774941278218,597.4000244140625
614.1455666704228,599.70001220703125
614.353377722973,601.9000244140625
614.5611825677272,578.70001220703125
614.76898120197893,574.29998779296875
614.976773623023,586.4000244140625
615.184559828154,571.79998779296875
615.3923398146668,563.29998779296875
615.60011357985672,585
615.80788112101936,566.20001220703125
616.01564243545033,552.29998779296875
616.22339752044627,567.70001220703125
616.431146373303,536.5999755859375
616.63888899131757,554.9000244140625
616.84662537178656,531.9000244140625
617.05435551200765,548.0999755859375
617.26207940927816,553.5999755859375
617.469797060896,536.0999755859375
617.67750846415913,550.9000244140625
617.88521361636617,546.0999755859375
618.09291251481545,518.5
618.30060515680634,540.4000244140625
618.50829153963787,530.5999755859375
618.71597166060985,520.0999755859375
618.92364551702167,518.20001220703125
619.13131310617382,525.5999755859375
619.33897442536636,513.70001220703125
619.54662947190025,509.70001220703125
619.75427824307667,510.79998779296875
619.96192073619636,509.5
620.16955694856142,512.9000244140625
620.37718687747326,495.39999389648438
620.5848105202341,499
620.79242787414648,513.0999755859375
621.00003893651319,507.79998779296875
621.20764370463712,514.79998779296875
621.41524217582139,499.10000610351563
621.62283434736992,498.10000610351563
621.83042021658639,483.89999389648438
622.03799978077518,479.10000610351563
622.24557303724009,482.29998779296875
622.45313998328675,474.5
622.6607006162194,466.79998779296875
622.868254933344,468.10000610351563
623.07580293196577,451.70001220703125
623.28334460939072,464.20001220703125
623.49087996292508,454
623.69840898987525,454.5
623.90593168754788,461.70001220703125
624.11344805325052,460.60000610351563
624.32095808428994,462.29998779296875
624.52846177797414,457.79998779296875
624.73595913161114,457.60000610351563
624.943450142509,444.10000610351563
625.15093480797634,466.5
625.3584131253217,444
625.56588509185462,452.10000610351563
625.773350704884,452.89999389648438
625.98080996172,447.39999389648438
626.1882628596727,435.10000610351563
626.39570939605176,440.60000610351563
626.60314956816831,421
626.81058337333309,430.29998779296875
627.018010808857,432.29998779296875
627.22543187205179,432.39999389648438
627.43284656022911,434.70001220703125
627.64025487070126,422.79998779296875
627.84765680078021,415.20001220703125
628.05505234777866,407.10000610351563
628.26244150900993,426.20001220703125
628.46982428178671,410.10000610351563
628.677200663423,411.20001220703125
628.88457065123214,409.89999389648438
629.09193424252874,406.20001220703125
629.29929143462687,389.29998779296875
629.50664222484136,396.39999389648438
629.71398661048715,393.79998779296875
629.92132458887966,379.29998779296875
630.12865615733426,376.5
630.33598131316728,401.79998779296875
630.54330005369422,380.29998779296875
630.75061237623231,391.79998779296875
630.95791827809785,388.39999389648438
631.16521775660817,401.20001220703125
631.3725108090805,375.39999389648438
631.57979743283261,393.5
631.78707762518241,383.39999389648438
631.99435138344813,381.39999389648438
632.2016187049486,371.20001220703125
632.40887958700216,370.89999389648438
632.61613402692853,363.60000610351563
632.823382022047,359.60000610351563
633.03062356967735,362.39999389648438
633.23785866713945,366.5
633.44508731175381,357.89999389648438
633.6523095008414,349.20001220703125
633.8595252317225,341.79998779296875
634.06673450171888,358.60000610351563
634.27393730815209,352.79998779296875
634.48113364834376,349.29998779296875
634.68832351961646,342.20001220703125
634.89550691929185,359.60000610351563
635.10268384469384,343.29998779296875
635.30985429314444,354.29998779296875
635.51701826196756,342.70001220703125
635.7241757484868,348.79998779296875
635.93132675002607,353.20001220703125
636.13847126390976,336.60000610351563
636.34560928746214,332.29998779296875
636.55274081800849,344.79998779296875
636.75986585287376,332.39999389648438
636.96698438938347,328.39999389648438
637.17409642486325,322.20001220703125
637.38120195663942,332.79998779296875
637.58830098203839,326.79998779296875
637.7953934983866,331.70001220703125
638.00247950301116,325.79998779296875
638.20955899323951,313.60000610351563
638.416631966399,316.70001220703125
638.62369841981774,320.60000610351563
638.83075835082366,337.89999389648438
639.03781175674578,320.10000610351563
639.24485863491259,307.5
639.45189898265312,309.89999389648438
639.65893279729664,320.60000610351563
639.86596007617345,311.79998779296875
640.07298081661315,299
640.27999501594627,303.89999389648438
640.48700267150332,314.29998779296875
640.6940037806155,299.79998779296875
640.90099834061357,307
641.10798634882951,299.60000610351563
641.314967802595,302.60000610351563
641.52194269924235,289.29998779296875
641.72891103610414,292.20001220703125
641.93587281051271,296.10000610351563
642.14282801980164,294.60000610351563
642.34977666130408,285.60000610351563
642.55671873235349,290.89999389648438
642.76365423028449,297.39999389648438
642.97058315243089,279
643.17750549612754,295.29998779296875
643.38442125870938,294.29998779296875
643.59133043751149,288.70001220703125
643.79823302986961,269.5
644.00512903311949,280.10000610351563
644.21201844459733,276.20001220703125
644.41890126163935,277.5
644.62577748158276,269.10000610351563
644.83264710176456,275.10000610351563
645.03951011952211,260.60000610351563
645.24636653219284,266.39999389648438
645.453216337115,273.60000610351563
645.660059531627,269.29998779296875
645.86689611306747,259.39999389648438
646.073726078775,264.79998779296875
646.28054942608924,247.39999389648438
646.48736615234964,248.39999389648438
646.69417625489609,262.60000610351563
646.90097973106856,255.19999694824219
647.107776578208,259.5
647.314566793655,260.5
647.52135037475057,259
647.72812731883607,255.10000610351563
647.93489762325351,246.60000610351563
648.14166128534475,254.89999389648438
648.34841830245227,256
648.55516867191864,246.60000610351563
648.76191239108675,247
648.96864945730033,253.69999694824219
649.17537986790251,253.69999694824219
649.38210362023767,247.39999389648438
649.58882071164965,248.69999694824219
649.79553113948316,232.5
650.00223490108294,240.60000610351563
650.20893199379429,244.30000305175781
650.41562241496285,244.89999389648438
650.62230616193426,249.30000305175781
650.8289832320545,240.89999389648438
651.03565362267022,259.39999389648438
651.24231733112811,225.19999694824219
651.448974354775,251.60000610351563
651.65562469095869,223.89999389648438
651.86226833702676,230.89999389648438
652.06890529032694,231
652.27553554820759,230
652.48215910801753,226.39999389648438
652.68877596710581,229.19999694824219
652.89538612282138,233.60000610351563
653.10198957251373,226.5
653.3085863135334,215.89999389648438
653.51517634322977,242
653.72175965895394,215.69999694824219
653.92833625805667,208.10000610351563
654.134906137889,219.30000305175781
654.3414692958022,225.19999694824219
654.54802572914843,224.5
654.75457543528,214.5
654.96111841154834,218.89999389648438
655.16765465530739,213.69999694824219
655.3741841639096,214.10000610351563
655.58070693470813,217.60000610351563
655.78722296505714,217.39999389648438
655.99373225231056,204.30000305175781
656.20023479382246,217
656.40673058694779,208.39999389648438
656.61321962904128,205.80000305175781
656.81970191745825,207
657.02617744955455,204.60000610351563
657.23264622268562,201.39999389648438
657.43910823420811,205.69999694824219
657.64556348147858,203.60000610351563
657.8520119618538,207.80000305175781
658.058453672691,197.60000610351563
658.26488861134737,208.19999694824219
658.47131677518121,202.5
658.67773816155068,189.10000610351563
658.88415276781393,211.69999694824219
659.09056059133,196.10000610351563
659.29696162945788,198.10000610351563
659.50335587955715,182.69999694824219
659.70974333898744,205.69999694824219
659.91612400510883,187.10000610351563
660.12249787528185,198.69999694824219
660.32886494686716,194.60000610351563
660.53522521722573,190.39999389648438
660.741578683719,187.80000305175781
660.94792534370856,186.89999389648438
661.15426519455661,178.80000305175781
661.36059823362541,173.39999389648438
661.56692445827741,189.69999694824219
661.773243865876,178.80000305175781
661.97955645378408,173.80000305175781
662.18586221936573,198
662.39216115998443,169.39999389648438
662.59845327300468,180.69999694824219
662.804738555791,190.5
663.01101700570837,187.30000305175781
663.217288620122,166.30000305175781
663.42355339639732,168.80000305175781
663.62981133190056,179.39999389648438
663.83606242399776,170.30000305175781
664.04230667005515,183.10000610351563
664.24854406744009,165.69999694824219
664.45477461351948,178.39999389648438
664.660998305661,165.19999694824219
664.86721514123212,171
665.07342511760157,166.30000305175781
665.27962823213738,174.80000305175781
665.48582448220861,174.39999389648438
665.69201386518432,164
665.89819637843391,183.89999389648438
666.104372019327,162.60000610351563
666.31054078523414,168.10000610351563
666.51670267352563,159.19999694824219
666.722857681572,168.19999694824219
666.9290058067445,164.30000305175781
667.13514704641466,162.19999694824219
667.34128139795428,160.10000610351563
667.54740885873525,157.60000610351563
667.7535294261296,162.10000610351563
667.959643097511,165.30000305175781
668.16574987025183,166
668.37184974172533,165.19999694824219
668.57794270930606,158.19999694824219
668.78402877036706,169.30000305175781
668.99010792228341,152
669.19618016242953,158.60000610351563
669.40224548818026,146.60000610351563
669.60830389691148,151.60000610351563
669.81435538599851,151.89999389648438
670.02039995281746,153.10000610351563
670.22643759474465,147.60000610351563
670.43246830915655,156
670.63849209343039,155.19999694824219
670.84450894494364,153.80000305175781
671.05051886107378,151.10000610351563
671.25652183919885,142.30000305175781
671.462517876697,148.19999694824219
671.66850697094719,153.19999694824219
671.87448911932813,133.39999389648438
672.08046431921935,149.60000610351563
672.28643256800024,128.69999694824219
672.49239386305123,148.10000610351563
672.698348201752,138.10000610351563
672.90429558148389,136.69999694824219
673.11023599962732,142.60000610351563
673.3161694535637,131.10000610351563
673.522095940675,140.69999694824219
673.72801545834272,135.10000610351563
673.93392800394952,145.10000610351563
674.13983357487791,136.5
674.34573216851072,144.80000305175781
674.55162378223133,140.80000305175781
674.75750841342347,132.30000305175781
674.96338605947142,134.19999694824219
675.16925671775869,143.80000305175781
675.37512038567024,143.80000305175781
675.58097706059141,128.10000610351563
675.786826739907,130.80000305175781
675.992669421003,130.89999389648438
676.19850510126514,130.19999694824219
676.40433377807972,129.89999389648438
676.61015544883355,125.80000305175781
676.81597011091355,126.30000305175781
677.021777761707,125.80000305175781
677.22757839860151,121.40000152587891
677.433372018985,132.5
677.63915862024589,133.69999694824219
677.84493819977274,125.30000305175781
678.05071075495459,130.10000610351563
678.256476283181,123.09999847412109
678.462234781841,119.90000152587891
678.667986248325,117
678.87373068002341,124.30000305175781
679.07946807432643,121.5
679.28519842862579,119.59999847412109
679.490921740312,120.30000305175781
679.69663800677722,107
679.90234722541368,116.59999847412109
680.1080493936131,123.90000152587891
680.31374450876876,103
680.519432568273,123.90000152587891
680.72511356951986,109.5
680.93078750990264,111.30000305175781
681.13645438681544,120.40000152587891
681.34211419765279,103.40000152587891
681.54776693980943,113.69999694824219
681.7534126106799,117.09999847412109
681.95905120766008,109
682.16468272814564,106.90000152587891
682.37030716953257,113.59999847412109
682.575924529217,107.5
682.78153480459628,117.09999847412109
682.98713799306688,112.5
683.19273409202674,106
683.39832309887311,109.59999847412109
683.60390501100471,103.30000305175781
683.80947982581938,113.69999694824219
684.01504754071607,107.90000152587891
684.22060815309408,112.69999694824219
684.42616166035293,97.5
684.631708059892,105.30000305175781
684.83724734911175,105.19999694824219
685.04277952541293,103.69999694824219
685.24830458619567,112.30000305175781
685.45382252886168,103.59999847412109
685.65933335081252,98.699996948242188
685.86483704944953,105.19999694824219
686.07033362217521,98.5
686.27582306639215,104.80000305175781
686.48130537950328,104.59999847412109
686.68678055891166,95.4000015258789
686.89224860202091,91.800003051757813
687.09770950623476,92.800003051757813
687.30316326895763,93.5999984741211
687.50860988759416,94.800003051757813
687.71404935954945,95.5999984741211
687.91948168222837,95.5
688.12490685303669,108.90000152587891
688.33032486938043,96.5999984741211
688.53573572866594,98.4000015258789
688.74113942829979,96.300003051757813
688.946535965689,99.9000015258789
689.151925338241,98.199996948242188
689.35730754336328,91.4000015258789
689.56268257846386,94.0999984741211
689.76805044095147,91.5999984741211
689.97341112823426,92.800003051757813
690.17876463772188,92.9000015258789
690.3841109668233,91.4000015258789
690.58945011294873,102
690.7947820735078,90.5999984741211
691.0001068459112,87.5999984741211
691.20542442756948,88.699996948242188
691.41073481589433,90.5
691.61603800829664,82.800003051757813
691.82133400218856,87.5999984741211
692.02662279498236,87.5
692.23190438409006,82.9000015258789
692.43717876692506,84.0999984741211
692.6424459409003,86.199996948242188
692.84770590342941,82.300003051757813
693.05295865192647,84.5
693.25820418380533,77.699996948242188
693.46344249648109,94
693.6686735873684,78.5999984741211
693.87389745388259,81.5999984741211
694.07911409343944,90.0999984741211
694.284323503455,73.5999984741211
694.4895256813453,89.5999984741211
694.69472062452724,76.0999984741211
694.89990833041793,77.5999984741211
695.10508879643442,76.5
695.31026201999487,78.0999984741211
695.51542799851745,76.699996948242188
695.72058672942035,72.4000015258789
695.92573821012218,68.5999984741211
696.13088243804225,84
696.33601941060022,82.5999984741211
696.54114912521584,73.300003051757813
696.74627157930922,71.5
696.95138677030093,72.800003051757813
697.15649469561185,79.699996948242188
697.36159535266336,83.199996948242188
697.56668873887691,67.5999984741211
697.77177485167431,73
697.9768536884784,75.4000015258789
698.1819252467111,71.9000015258789
698.38698952379616,65.199996948242188
698.59204651715618,75.4000015258789
698.79709622421535,71.9000015258789
699.00213864239765,74.699996948242188
699.20717376912751,60.5
699.41220160182934,67.5
699.61722213792882,61.5
699.82223537485106,73.300003051757813
700.027241310022,77.699996948242188
700.23223994086766,69.0999984741211
700.43723126481461,66.5999984741211
700.64221527928987,72.5
700.84719198172058,61.200000762939453
701.05216136953425,60.200000762939453
701.25712344015881,71.699996948242188
701.4620781910229,55.900001525878906
701.66702561955458,76.5
701.87196572318328,71.699996948242188
702.07689849933831,68.5999984741211
702.28182394544933,54.799999237060547
702.48674205894633,65.0999984741211
702.69165283725954,67.9000015258789
702.89655627782042,59.700000762939453
703.10145237805932,64.4000015258789
703.30634113540827,73.199996948242188
703.51122254729853,60.400001525878906
703.71609661116293,62.599998474121094
703.92096332443384,62.099998474121094
704.12582268454389,67.199996948242188
704.33067468892648,55
704.53551933501547,55.799999237060547
704.74035662024448,73.5
704.94518654204808,72.0999984741211
705.15000909786079,52
705.35482428511773,73.199996948242188
705.55963210125435,59.799999237060547
705.76443254370622,51.700000762939453
705.96922560990981,73.300003051757813
706.17401129730138,54.799999237060547
706.37878960331773,61.5
706.583560525396,53.400001525878906
706.78832406097388,66
706.99308020748924,56.299999237060547
707.19782896238019,64.199996948242188
707.4025703230858,60.299999237060547
707.60730428704437,52.299999237060547
707.81203085169579,51.400001525878906
708.01675001447961,64.9000015258789
708.22146177283571,55.599998474121094
708.426166124205,58.700000762939453
708.6308630660277,60.900001525878906
708.835552595745,64.699996948242188
709.0402347107987,44.599998474121094
709.24490940863041,62.299999237060547
709.44957668668246,48.400001525878906
709.65423654239748,54.799999237060547
709.85888897321843,52.099998474121094
710.06353397658825,61.400001525878906
710.26817154995092,49.299999237060547
710.47280169075043,61.599998474121094
710.67742439643109,56.599998474121094
710.88203966443757,52.299999237060547
711.08664749221532,58.599998474121094
711.29124787720934,52
711.49584081686578,56.900001525878906
711.70042630863077,50.599998474121094
711.90500434995056,50.599998474121094
712.10957493827266,58.599998474121094
712.31413807104366,60.799999237060547
712.51869374571174,50.200000762939453
712.72324195972442,59.299999237060547
712.92778271053055,38.200000762939453
713.13231599557832,59.400001525878906
713.33684181231729,42.900001525878906
713.54136015819677,49.200000762939453
713.74587103066642,55.799999237060547
713.9503744271766,53.599998474121094
714.15487034517764,59.299999237060547
714.35935878212069,60.200000762939453
714.5638397354569,49.700000762939453
714.768313202638,51.5
714.97277918111558,59.700000762939453
715.1772376683424,55.099998474121094
715.38168866177114,46.099998474121094
715.58613215885487,53.799999237060547
715.79056815704689,53.700000762939453
715.99499665380119,47
716.1994176465721,44.400001525878906
716.40383113281382,53.099998474121094
716.60823710998113,46.900001525878906
716.81263557553007,57.900001525878906
717.01702652691529,45.5
717.22140996159374,50.799999237060547
717.4257858770211,42
717.63015427065443,54.200000762939453
717.83451513995089,39.900001525878906
718.03886848236777,41.900001525878906
718.243214295363,48.900001525878906
718.44755257639508,40.599998474121094
718.651883322922,42.400001525878906
718.85620653240278,47.900001525878906
719.06052220229742,49.299999237060547
719.2648303300648,44.700000762939453
719.46913091316537,44.700000762939453
719.67342394905972,39.5
719.87770943520809,42.900001525878906
720.081987369072,45.200000762939453
720.28625774811292,51.5
720.49052056979258,39
720.69477583157368,41.200000762939453
720.89902353091816,44.900001525878906
721.10326366528966,41.299999237060547
721.30749623215127,39.900001525878906
721.51172122896639,39.799999237060547
721.7159386531996,34.5
721.92014850231544,37
722.12435077377813,50
722.32854546505359,39.900001525878906
722.532732573607,45.400001525878906
722.73691209690446,40.599998474121094
722.941084032412,49.900001525878906
723.14524837759654,32.799999237060547
723.34940512992534,37.900001525878906
723.55355428686539,41.299999237060547
723.75769584588511,42.400001525878906
723.9618298044519,43.5
724.16595616003485,41.200000762939453
724.37007491010274,41.900001525878906
724.57418605212456,41.299999237060547
724.77828958357054,35.099998474121094
724.98238550191013,43.799999237060547
725.18647380461414,35.5
725.39055448915349,34
725.59462755299865,29.100000381469727
725.79869299362167,38.400001525878906
726.00275080849451,38.200000762939453
726.206800995089,34.5
726.41084355087821,32.299999237060547
726.6148784733349,40.900001525878906
726.81890575993225,37.599998474121094
727.02292540814449,29.600000381469727
727.2269374154456,36.900001525878906
727.43094177930993,32.700000762939453
727.63493849721237,41.799999237060547
727.83892756662806,36.099998474121094
728.04290898503325,30.700000762939453
728.24688274990319,36.400001525878906
728.45084885871461,36.299999237060547
728.65480730894421,24.200000762939453
728.85875809806942,35.599998474121094
729.06270122356682,37.799999237060547
729.26663668291542,33
729.4705644735925,39.599998474121094
729.6744845930773,33.099998474121094
729.87839703884879,24.100000381469727
730.08230180838609,29.5
730.286198899169,44.200000762939453
730.49008830867774,31.700000762939453
730.69397003439269,35.299999237060547
730.897844073795,27.5
731.10171042436559,42.200000762939453
731.30556908358608,33.099998474121094
731.50942004893886,26.100000381469727
731.713263317906,36.599998474121094
731.91709888797038,32.200000762939453
732.120926756615,29.799999237060547
732.32474692132348,40.599998474121094
732.52855937957975,24.899999618530273
732.73236412886808,30.399999618530273
732.936161166673,30
733.13995049047981,32.099998474121094
733.34373209777334,29.100000381469727
733.54750598603994,39
733.75127215276564,32.299999237060547
733.95503059543682,32.5
734.15878131154045,31.200000762939453
734.36252429856393,27.5
734.56625955399488,29.200000762939453
734.7699870753213,34.599998474121094
734.97370686003171,32
735.17741890561467,31.399999618530273
735.38112320955975,31.700000762939453
735.58481976935639,23.399999618530273
735.7885085824945,24.799999237060547
735.99218964646423,19.299999237060547
736.19586295875661,31.100000381469727
736.39952851686269,35.200000762939453
736.60318631827374,24.299999237060547
736.8068363604815,20.299999237060547
737.01047864097893,31.799999237060547
737.21411315725754,23.200000762939453
737.41773990681122,24.600000381469727
737.62135888713317,28.200000762939453
737.824970095717,33
738.02857353005663,27.899999618530273
