459.485050406383,5
459.69668394865238,10.333333015441895
459.90831334242165,-2.3333332538604736
460.11993858482555,7.1666665077209473
460.33155967299865,11.666666984558105
460.54317660407577,10.5
460.75478937519233,12.666666984558105
460.96639798348309,5.8333334922790527
461.17800242608405,0.83333331346511841
461.38960270013,10
461.60119880275727,6.1666665077209473
461.81279073110096,-1.1666666269302368
462.02437848229732,2.3333332538604736
462.23596205348275,4
462.44754144179319,9.6666669845581055
462.659116644365,-2.1666667461395264
462.87068765833476,12.833333015441895
463.08225448083942,11.166666984558105
463.29381710901544,9.3333330154418945
463.50537554000005,12
463.71692977093039,7
463.92847979894367,18.333333969116211
464.14002562117736,2.5
464.35156723476905,10
464.56310463685628,9.5
464.77463782457744,15
464.9861667950704,4
465.19769154547294,10
465.40921207292382,-0.5
465.62072837456174,18.5
465.83224044752478,13.166666984558105
466.0437482889522,3
466.2552518959825,5.5
466.46675126575519,20.833333969116211
466.67824639540947,15.5
466.889737282085,12.333333015441895
467.10122392292072,15.5
467.31270631505674,7.8333334922790527
467.52418445563291,10.833333015441895
467.7356583417893,10.833333015441895
467.94712797066614,1
468.15859333940358,11
468.37005444514193,24.666666030883789
468.5815112850226,8.3333330154418945
468.79296385618557,18.166666030883789
469.00441215577223,6.6666665077209473
469.21585618092365,7.5
469.427295928781,10.333333015441895
469.63873139648564,17.333333969116211
469.85016258117929,14.333333015441895
470.06158948000348,17.833333969116211
470.27301209010056,11
470.48443040861218,16.666666030883789
470.6958444326807,12.833333015441895
470.9072541594482,10.833333015441895
471.11865958605762,8.8333330154418945
471.33006070965121,14
471.54145752737224,16.166666030883789
471.75285003636344,23.166666030883789
471.96423823376784,12.5
472.17562211672896,17.5
472.38700168239041,12.5
472.5983769278954,29
472.80974785038774,17.666666030883789
473.02111444701166,22.666666030883789
473.23247671491117,19
473.44383465123042,21.5
473.65518825311392,17.666666030883789
473.86653751770609,8.1666669845581055
474.07788244215192,25.166666030883789
474.28922302359604,33.166667938232422
474.50055925918372,15.333333015441895
474.71189114605983,22.5
474.92321868137014,17.5
475.13454186225994,17.166666030883789
475.345860685875,19.166666030883789
475.55717514936111,28.833333969116211
475.76848524986434,29.166666030883789
475.97979098453095,24.833333969116211
476.19109235050712,23.333333969116211
476.40238934493948,23.666666030883789
476.61368196497449,36.666667938232422
476.82497020775912,25.333333969116211
477.03625407044041,29.333333969116211
477.24753355016543,29
477.45880864408156,30.166666030883789
477.67007934933588,28.333333969116211
477.8813456630769,42.833332061767578
478.09260758245136,36.166667938232422
478.30386510460806,41
478.51511822669448,48.833332061767578
478.72636694585935,53.166667938232422
478.93761125925084,32
479.14885116401797,51.5
479.3600866573093,33
479.57131773627356,56.5
479.78254439806005,53.333332061767578
479.993766639818,51.333332061767578
480.20498445869697,55.333332061767578
480.41619785184639,56.333332061767578
480.62740681641628,50.666667938232422
480.83861134955612,57.666667938232422
481.04981144841668,66.166664123535156
481.26100711014755,60.833332061767578
481.47219833189945,71.666664123535156
481.68338511082322,76.833335876464844
481.89456744406925,67.833335876464844
482.1057453287886,81.333335876464844
482.31691876213239,99.166664123535156
482.52808774125191,84.833335876464844
482.73925226329879,88.5
482.95041232542394,99.666664123535156
483.16156792477994,103.16666412353516
483.37271905851838,83.666664123535156
483.5838657237914,104.83333587646484
483.79500791775109,115.16666412353516
484.00614563755016,100.33333587646484
484.217278880341,130
484.42840764327667,130.83332824707031
484.63953192350994,122
484.85065171819389,147.16667175292969
485.06176702448187,145.16667175292969
485.27287783952733,159.33332824707031
485.48398416048394,162.5
485.69508598450534,181.16667175292969
485.90618330874582,181
486.11727613035913,179.66667175292969
486.32836444649979,188.33332824707031
486.53944825432228,204
486.7505275509813,218
486.9616023336315,228.66667175292969
487.172672599428,224.33332824707031
487.38373834552596,236.66667175292969
487.59479956908069,258
487.80585626724775,275.5
488.01690843718274,285.33334350585938
488.22795607604149,283.33334350585938
488.43899918097992,298.5
488.65003774915488,305
488.8610717777218,339.33334350585938
489.07210126383791,342
489.28312620465948,367.66665649414063
489.49414659734367,359.33334350585938
489.70516243904751,407.5
489.91617372692849,424.66665649414063
490.12718045814347,431.33334350585938
490.33818262985034,472.16665649414063
490.54918023920686,461.33334350585938
490.7601732833711,488.16665649414063
490.97116175950089,527.16668701171875
491.18214566475473,549.66668701171875
491.39312499629074,570.5
491.60409975126794,624.83331298828125
491.81506992684513,618.66668701171875
492.02603552018132,623.5
492.23699652843533,679
492.44795294876673,722.16668701171875
492.65890477833494,730.66668701171875
492.86985201429974,764.33331298828125
493.0807946538211,787.83331298828125
493.29173269405891,801.83331298828125
493.50266613217343,881.33331298828125
493.71359496532506,892.33331298828125
493.9245191906744,929.83331298828125
494.135438805382,987.5
494.34635380660933,1034.6666259765625
494.55726419151711,1044.8333740234375
494.76816995726648,1108.8333740234375
494.97907110101937,1143.8333740234375
495.18996761993691,1197.8333740234375
495.40085951118141,1242
495.61174677191457,1292.1666259765625
495.82262939929865,1302
496.03350739049608,1407.3333740234375
496.24438074266942,1430
496.455249452981,1475.3333740234375
496.66611351859439,1564.8333740234375
496.87697293667219,1645
497.08782770437779,1671
497.29867781887464,1756
497.50952327732654,1807.3333740234375
497.720364076897,1880.8333740234375
497.93120021475016,1980
498.14203168805011,2006.3333740234375
498.35285849396138,2097.5
498.56368062964822,2187.666748046875
498.77449809227556,2306.5
498.98531087900841,2367
499.19611898701163,2417
499.40692241345027,2570.5
499.61772115549053,2640
499.82851521029716,2731.666748046875
500.03930457503662,2836.5
500.25008924687421,2909.666748046875
500.46086922297695,3032.333251953125
500.67164450051069,3186.333251953125
500.88241507664208,3263.166748046875
501.09318094853768,3427
501.30394211336471,3544.833251953125
501.51469856829004,3623.833251953125
501.72545031048105,3824.833251953125
501.93619733710506,3927.166748046875
502.14693964533006,4018.666748046875
502.35767723232351,4238
502.5684100952538,4290.83349609375
502.77913823128887,4509.66650390625
502.989861637597,4641.83349609375
503.2005803113471,4852.5
503.41129424970768,5020.5
503.62200344984791,5106
503.83270790893647,5311.33349609375
504.0434076241433,5605.66650390625
504.25410259263765,5719
504.464792811589,5952.33349609375
504.67547827816765,6037.66650390625
504.88615898954316,6346.16650390625
505.0968349428864,6426.66650390625
505.30750613536736,6722.33349609375
505.51817256415688,6932.83349609375
505.72883422642565,7148.16650390625
505.93949111934472,7412
506.15014324008541,7586.83349609375
506.36079058581885,7791.16650390625
506.5714331537169,8041.66650390625
506.78207094095114,8242.3330078125
506.99270394469386,8523.3330078125
507.20333216211668,8789.1669921875
507.41395559039228,9041
507.62457422669331,9103.6669921875
507.835188068192,9444.3330078125
508.04579711206168,9605.5
508.25640135547525,9989.5
508.46700079560605,10091.5
508.67759542962762,10226.6669921875
508.88818525471356,10555.6669921875
509.09877026803775,10694.5
509.30935046677416,11029
509.51992584809739,11135.3330078125
509.73049640918146,11237.5
509.94106214720097,11494.6669921875
510.151623059331,11578.8330078125
510.36217914274636,11799.1669921875
510.57273039462245,11834.5
510.78327681213472,12149.5
510.99381839245859,12267
511.20435513276982,12244.6669921875
511.4148870302443,12476.8330078125
511.62541408205846,12608.8330078125
511.83593628538881,12643.6669921875
512.04645363741122,12882.3330078125
512.25696613530306,12880.5
512.467473776241,12786
512.6779765574023,12975.5
512.88847447596436,13045
513.09896752910447,12975.1669921875
513.30945571400036,13029
513.51993902783045,13033.1669921875
513.7304174677721,13022.6669921875
513.94089103100418,13050
514.151359714705,13024.3330078125
514.36182351605316,12837.8330078125
514.572282432228,12906.3330078125
514.78273646040816,12921
514.99318559777282,12781.1669921875
515.20362984150211,12814.6669921875
515.4140691887751,12704.6669921875
515.62450363677181,12644.1669921875
515.83493318267244,12590
516.04535782365735,12597
516.255777556907,12353.8330078125
516.46619237960181,12356.6669921875
516.6766022889226,12187
516.88700728205106,12323
517.09740735616776,12135
517.30780250845453,11993.8330078125
517.51819273609283,11833.5
517.72857803626471,11903
517.93895840615221,11675
518.14933384293749,11618
518.35970434380317,11483
518.57006990593186,11359
518.78043052650617,11397.1669921875
518.99078620270939,11122.3330078125
519.2011369317247,10935
519.41148271073587,10935.8330078125
519.62182353692617,10802.3330078125
519.83215940747948,10809.6669921875
520.04249031958,10549.1669921875
520.25281627041193,10619.1669921875
520.46313725716,10451
520.67345327700855,10341.1669921875
520.88376432714267,10305
521.0940704047473,10117.8330078125
521.30437150700777,10083.1669921875
521.51466763110943,9900.8330078125
521.7249587742383,9844.8330078125
521.93524493357961,9855.1669921875
522.14552610632018,9534.6669921875
522.35580228964591,9582.3330078125
522.56607348074328,9416.3330078125
522.77633967679913,9371.8330078125
522.98660087500048,9269.3330078125
523.19685707253393,9153.6669921875
523.40710826658722,9024
523.61735445434772,8881.6669921875
523.82759563300317,8873.8330078125
524.03783179974153,8811.1669921875
524.248062951751,8636.1669921875
524.45828908621968,8612.8330078125
524.6685102003363,8520.3330078125
524.87872629128947,8469.3330078125
525.08893735626839,8282.8330078125
525.29914339246159,8278.1669921875
525.50934439705918,8207
525.71954036725026,8104.16650390625
525.92973130022506,7943
526.13991719317278,7866.66650390625
526.35009804328433,7891
526.56027384774984,7742.66650390625
526.77044460375964,7628.83349609375
526.98061030850511,7642.83349609375
527.19077095917692,7490.66650390625
527.4009265529661,7506.83349609375
527.61107708706436,7346.83349609375
527.82122255866341,7338.5
528.03136296495472,7262
528.2414983031307,7220.33349609375
528.45162857038349,7150
528.66175376390561,7067.83349609375
528.87187388088955,7086
529.08198891852828,6924.66650390625
529.29209887401521,6920.16650390625
529.50220374454329,6876.5
529.71230352730629,6754.66650390625
529.9223982194975,6756.16650390625
530.13248781831112,6636.16650390625
530.34257232094137,6526.5
530.55265172458269,6495.16650390625
530.7627260264295,6459.83349609375
530.97279522367671,6443
531.182859313519,6372.33349609375
531.39291829315175,6370.5
531.60297215977016,6273.66650390625
531.81302091057034,6221.66650390625
532.02306454274787,6163.16650390625
532.23310305349867,6154.33349609375
532.4431364400192,6064.16650390625
532.65316469950574,6012.16650390625
532.86318782915509,5974.83349609375
533.07320582616433,5905.33349609375
533.28321868773025,5886.33349609375
533.49322641105016,5868.66650390625
533.70322899332211,5728.33349609375
533.91322643174317,5740.33349609375
534.12321872351174,5724.16650390625
534.33320586582568,5698.66650390625
534.54318785588362,5595.83349609375
534.75316469088432,5615
534.96313636802631,5545
535.17310288450858,5468.66650390625
535.38306423753056,5475.16650390625
535.59302042429169,5400.83349609375
535.80297144199153,5392
536.01291728783031,5327
536.22285795900768,5311.83349609375
536.43279345272435,5263.33349609375
536.64272376618044,5225.16650390625
536.85264889657708,5171.83349609375
537.06256884111519,5154.16650390625
537.27248359699593,5140.33349609375
537.48239316142053,5133.16650390625
537.69229753159084,5071.83349609375
537.90219670470856,4976.5
538.112090677976,4986
538.32197944859479,4952
538.53186301376832,4921.83349609375
538.74174137069849,4826
538.95161451658885,4782.83349609375
539.16148244864223,4834.83349609375
539.371345164062,4758.83349609375
539.58120266005187,4751.16650390625
539.79105493381553,4705.66650390625
540.0009019825568,4780.5
540.21074380348034,4682
540.42058039379049,4597.66650390625
540.63041175069179,4601.83349609375
540.84023787138926,4595
541.0500587530878,4597.83349609375
541.25987439299308,4562.33349609375
541.46968478831047,4499.5
541.67948993624577,4446
541.88928983400479,4456.5
542.09908447879411,4375.16650390625
542.30887386782,4423.16650390625
542.5186579982892,4310.66650390625
542.7284368674085,4378.33349609375
542.938210472385,4346
543.1479788104258,4308.33349609375
543.35774187873892,4258.5
543.567499674532,4233.16650390625
543.77725219501235,4183.66650390625
543.98699943738939,4219.5
544.19674139887059,4110.33349609375
544.40647807666539,4153.33349609375
544.61620946798166,4120.66650390625
544.82593557002951,4032
545.0356563800176,4076
545.24537189515593,3988.333251953125
545.45508211265383,4037.833251953125
545.66478702972154,4071.166748046875
545.87448664356964,3966
546.0841809514078,3982.333251953125
546.29386995044717,3957.333251953125
546.50355363789879,3878.666748046875
546.71323201097334,3893.5
546.92290506688266,3864.833251953125
547.1325728028379,3842.833251953125
547.342235216051,3818.5
547.55189230373423,3700.166748046875
547.76154406309934,3783.333251953125
547.97119049135927,3780
548.18083158572654,3740.833251953125
548.39046734341412,3652.333251953125
548.600097761635,3715.666748046875
548.80972283760252,3653.666748046875
549.01934256853087,3644.333251953125
549.22895695163311,3647.666748046875
549.43856598412367,3642.166748046875
549.64816966321678,3591.5
549.85776798612721,3527.5
550.06736095006931,3503.333251953125
550.27694855225832,3532.5
550.48653078990935,3489.666748046875
550.69610766023777,3492.833251953125
550.90567916045939,3469.333251953125
551.11524528778989,3516
551.32480603944543,3492
551.53436141264262,3424.833251953125
551.74391140459784,3397
551.95345601252757,3445.833251953125
552.16299523364955,3345.166748046875
552.3725290651804,3337.166748046875
552.58205750433774,3350.166748046875
552.79158054833965,3312.666748046875
553.00109819440377,3294.333251953125
553.21061043974828,3247.5
553.42011728159173,3232.5
553.62961871715265,3300.833251953125
553.83911474365016,3198
554.04860535830312,3264.666748046875
554.25809055833076,3211.333251953125
554.467570340953,3178.166748046875
554.67704470338924,3177.166748046875
554.88651364285988,3173.166748046875
555.095977156585,3146.666748046875
555.30543524178483,3110.666748046875
555.51488789568077,3067.666748046875
555.72433511549343,3071.666748046875
555.93377689844385,3078.166748046875
556.14321324175364,3024
556.35264414264441,2992.333251953125
556.562069598338,3015.166748046875
556.77148960605666,3017.833251953125
556.98090416302284,3035.333251953125
557.19031326645893,2959.5
557.39971691358755,2990
557.60911510163237,2920.333251953125
557.81850782781623,2921.333251953125
558.0278950893628,2932
558.237276883496,2899.333251953125
558.44665320743945,2883.333251953125
558.65602405841787,2939.166748046875
558.86538943365542,2854.833251953125
559.07474933037679,2852.666748046875
559.2841037458071,2865.166748046875
559.49345267717149,2789.666748046875
559.70279612169531,2875.5
559.91213407660427,2830
560.1214665391243,2809.5
560.33079350648131,2780.166748046875
560.540114975902,2791.833251953125
560.74943094461287,2786.5
560.95874140984074,2754.833251953125
561.16804636881238,2719.166748046875
561.37734581875543,2746.5
561.58663975689751,2672
561.79592818046638,2648.666748046875
562.00521108668988,2647.5
562.21448847279646,2667.333251953125
562.42376033601442,2619
562.63302667357277,2600.166748046875
562.84228748270027,2634.833251953125
563.05154276062649,2626.5
563.26079250458054,2612.833251953125
563.47003671179209,2624.333251953125
563.67927537949117,2602.5
563.88850850490837,2585.5
564.0977360852736,2578.666748046875
564.30695811781766,2593.833251953125
564.51617459977138,2544.833251953125
564.72538552836625,2515.166748046875
564.9345909008332,2555.166748046875
565.14379071440419,2479.833251953125
565.352984966311,2481.833251953125
565.56217365378563,2413.333251953125
565.77135677406056,2462.5
565.98053432436848,2517.166748046875
566.1897063019419,2454.5
566.398872704014,2478.5
566.60803352781829,2498.666748046875
566.81718877058825,2430.5
567.02633842955765,2476.333251953125
567.2354825019604,2417
567.44462098503129,2406.166748046875
567.65375387600409,2415.166748046875
567.862881172114,2362
568.07200287059641,2362
568.281118968686,2367
568.49022946361833,2387.333251953125
568.69933435262942,2327.333251953125
568.90843363295517,2358
569.11752730183161,2367.833251953125
569.32661535649561,2312.333251953125
569.53569779418365,2311
569.7447746121328,2339.333251953125
569.95384580758014,2347
570.16291137776307,2315.166748046875
570.37197131991979,2282.333251953125
570.58102563128784,2298.166748046875
570.79007430910542,2270.666748046875
570.99911735061107,2253
571.20815475304369,2249
571.41718651364181,2237.333251953125
571.6262126296449,2219.166748046875
571.83523309829229,2215.166748046875
572.04424791682379,2241.333251953125
572.253257082479,2253.666748046875
572.46226059249864,2269
572.67125844412271,2222.666748046875
572.880250634592,2276.666748046875
573.08923716114759,2180.333251953125
573.29821802103015,2211
573.50719321148176,2239
573.71616272974359,2210.833251953125
573.9251265730577,2170.333251953125
574.1340847386665,2175.666748046875
574.34303722381219,2161.166748046875
574.551984025737,2167.333251953125
574.76092514168465,2192.333251953125
574.96986056889784,2164.333251953125
575.17879030461984,2104.166748046875
575.38771434609487,2144.5
575.59663269056637,2109
575.80554533527857,2111.833251953125
576.01445227747593,2122.333251953125
576.22335351440313,2087.5
576.43224904330509,2076.166748046875
576.64113886142718,2108.666748046875
576.85002296601431,2090
577.0589013543123,2088.833251953125
577.26777402356754,2062.333251953125
577.47664097102563,2078
577.6855021939333,2057.166748046875
577.89435768953717,2045.8333740234375
578.10320745508409,2033
578.31205148782112,2049.333251953125
578.520889784996,2023.1666259765625
578.72972234385634,2023
578.93854916165,1989.6666259765625
579.147370235625,2021
579.35618556303,2041.8333740234375
579.56499514111385,1992.6666259765625
579.773798967125,1986.5
579.98259703831309,1982.5
580.19138935192746,2021
580.40017590521779,1985
580.608956695434,1953.1666259765625
580.81773171982661,1915.3333740234375
581.02650097564572,1941.6666259765625
581.235264460142,1879.6666259765625
581.44402217056711,1912.8333740234375
581.65277410417139,1915
581.861520258207,1895.6666259765625
582.07026062992531,1911.3333740234375
582.27899521657855,1927.5
582.487724015419,1896.8333740234375
582.696447023699,1895.6666259765625
582.90516423867143,1881.6666259765625
583.11387565758935,1877.5
583.32258127770615,1860.5
583.531281096275,1878.8333740234375
583.73997511055029,1806.3333740234375
583.94866331778542,1842.6666259765625
584.15734571523512,1865.5
584.36602230015421,1810.3333740234375
584.57469306979692,1813
584.78335802141862,1776.3333740234375
584.99201715227468,1760.1666259765625
585.20067045962082,1841.3333740234375
585.40931794071275,1807.6666259765625
585.61795959280664,1801.6666259765625
585.82659541315888,1792
586.0352253990261,1789
586.24384954766515,1765
586.45246785633344,1779.5
586.66108032228806,1804.8333740234375
586.86968694278721,1742
587.078287715088,1737.5
587.28688263644949,1711.5
587.49547170412961,1714.1666259765625
587.70405491538725,1715.8333740234375
587.9126322674814,1722.1666259765625
588.12120375767131,1715.8333740234375
588.32976938321667,1658.1666259765625
588.53832914137683,1673.1666259765625
588.74688302941217,1727.3333740234375
588.955431044583,1666.6666259765625
589.16397318414954,1702
589.372509445373,1671.6666259765625
589.58103982551393,1644.1666259765625
589.78956432183429,1646.5
589.99808293159538,1681.3333740234375
590.20659565205915,1640.1666259765625
590.41510248048769,1660.3333740234375
590.62360341414319,1657.1666259765625
590.83209845028875,1615.1666259765625
591.040587586187,1628.6666259765625
591.24907081910112,1646
591.45754814629436,1582.3333740234375
591.66601956503109,1612.8333740234375
591.87448507257477,1572.8333740234375
592.08294466618963,1577.8333740234375
592.29139834314014,1600
592.49984610069146,1573.6666259765625
592.70828793610849,1545.3333740234375
592.91672384665617,1560.8333740234375
593.12515382960032,1606.3333740234375
593.33357788220667,1535
593.54199600174172,1552
593.75040818547131,1534.3333740234375
593.95881443066241,1543.6666259765625
594.16721473458165,1541.8333740234375
594.37560909449644,1512.3333740234375
594.5839975076741,1523
594.79237997138227,1502.1666259765625
595.000756482889,1494.1666259765625
595.20912703946237,1494.5
595.41749163837085,1497.3333740234375
595.62585027688351,1508
595.83420295226938,1496
596.04254966179735,1468
596.25089040273713,1471.1666259765625
596.45922517235863,1467
596.66755396793212,1466.1666259765625
596.87587678672776,1465.8333740234375
597.08419362601614,1481.1666259765625
597.29250448306846,1424.3333740234375
597.50080935515541,1432
597.709108239549,1387
597.91740113352057,1414.6666259765625
598.125688034342,1390
598.333968939286,1412
598.54224384562474,1398.3333740234375
598.75051275063117,1401.3333740234375
598.95877565157821,1370
599.16703254573918,1364.6666259765625
599.375283430388,1372.1666259765625
599.58352830279819,1406
599.79176716024392,1411
600,1341.3333740234375
600.20822681934078,1386.1666259765625
600.41644761554119,1357.5
600.62466238587672,1359.3333740234375
600.83287112762252,1359
601.04107383805467,1348.8333740234375
601.24927051444922,1352.5
601.457461154082,1299.6666259765625
601.66564575423024,1336
601.87382431217054,1354.5
602.08199682518011,1324.8333740234375
602.290163290536,1307.6666259765625
602.49832370551667,1284.3333740234375
602.7064780673993,1308.1666259765625
602.91462637346251,1334.8333740234375
603.12276862098486,1281.8333740234375
603.33090480724479,1288.3333740234375
603.53903492952168,1306.1666259765625
603.74715898509464,1297.8333740234375
603.95527697124351,1288.1666259765625
604.16338888524785,1279.3333740234375
604.371494724388,1276
604.57959448594443,1305.5
604.787688167198,1242
604.99577576542913,1288.6666259765625
605.20385727791972,1239.8333740234375
605.41193270195083,1244.8333740234375
605.62000203480443,1272.8333740234375
605.82806527376283,1224.5
606.03612241610824,1246.3333740234375
606.24417345912286,1225.1666259765625
606.45221840009015,1218.6666259765625
606.66025723629321,1220.8333740234375
606.86828996501526,1229.5
607.07631658354023,1190.1666259765625
607.28433708915213,1246.1666259765625
607.49235147913532,1206
607.700359750774,1218.3333740234375
607.90836190135371,1210.1666259765625
608.116357928159,1217.1666259765625
608.32434782847542,1210.1666259765625
608.5323315995887,1184.3333740234375
608.740309238785,1183.5
608.94828074335021,1191.1666259765625
609.156246110571,1141
609.36420533773412,1182.3333740234375
609.57215842212679,1170.8333740234375
609.78010536103636,1172.5
609.98804615175038,1141.6666259765625
610.19598079155674,1144.1666259765625
610.40390927774376,1165.5
610.6118316076,1097.5
610.8197477784139,1153.3333740234375
611.02765778747482,1121.6666259765625
611.235561632072,1157.3333740234375
611.44345930949476,1131.5
611.65135081703318,1112
611.8592361519776,1147.5
612.06711531161841,1105.8333740234375
612.27498829324622,1101.8333740234375
612.48285509415189,1100.5
612.69071571162726,1081.8333740234375
612.89857014296331,1095.3333740234375
613.10641838545212,1099.6666259765625
613.31426043638578,1083.6666259765625
613.522096293057,1084.6666259765625
613.72992595275809,1077.1666259765625
613.93774941278218,1072.1666259765625
614.1455666704228,1083.1666259765625
614.353377722973,1062.1666259765625
614.5611825677272,1065.6666259765625
614.76898120197893,1064.8333740234375
614.976773623023,1060.5
615.184559828154,1055.3333740234375
615.3923398146668,1052.3333740234375
615.60011357985672,1026.8333740234375
615.80788112101936,1009.6666870117188
616.01564243545033,1034
616.22339752044627,1034.3333740234375
616.431146373303,1011.3333129882813
616.63888899131757,1013.3333129882813
616.84662537178656,1004.3333129882813
617.05435551200765,1000.5
617.26207940927816,1002.8333129882813
617.469797060896,1005.5
617.67750846415913,1002.3333129882813
617.88521361636617,995
618.09291251481545,980.33331298828125
618.30060515680634,989.33331298828125
618.50829153963787,1009.5
618.71597166060985,984.5
618.92364551702167,1001.5
619.13131310617382,1004.3333129882813
619.33897442536636,961.5
619.54662947190025,959.33331298828125
619.75427824307667,972.83331298828125
619.96192073619636,956.5
620.16955694856142,943
620.37718687747326,946
620.5848105202341,925.5
620.79242787414648,937.66668701171875
621.00003893651319,924.5
621.20764370463712,921.83331298828125
621.41524217582139,934.83331298828125
621.62283434736992,920.83331298828125
621.83042021658639,941.5
622.03799978077518,903.5
622.24557303724009,917.66668701171875
622.45313998328675,916
622.6607006162194,878.83331298828125
622.868254933344,898.83331298828125
623.07580293196577,938.16668701171875
623.28334460939072,900.16668701171875
623.49087996292508,894.83331298828125
623.69840898987525,886.16668701171875
623.90593168754788,882.83331298828125
624.11344805325052,858.83331298828125
624.32095808428994,898.16668701171875
624.52846177797414,879.83331298828125
624.73595913161114,863.83331298828125
624.943450142509,848.5
625.15093480797634,891.5
625.3584131253217,875.5
625.56588509185462,865
625.773350704884,855.83331298828125
625.98080996172,875.16668701171875
626.1882628596727,868.66668701171875
626.39570939605176,843.16668701171875
626.60314956816831,831.83331298828125
626.81058337333309,837.83331298828125
627.018010808857,857.16668701171875
627.22543187205179,839.83331298828125
627.43284656022911,817
627.64025487070126,820.16668701171875
627.84765680078021,825
628.05505234777866,834.83331298828125
628.26244150900993,817.33331298828125
628.46982428178671,827.66668701171875
628.677200663423,808.33331298828125
628.88457065123214,789.5
629.09193424252874,832.66668701171875
629.29929143462687,786.33331298828125
629.50664222484136,829.83331298828125
629.71398661048715,780.5
629.92132458887966,788.66668701171875
630.12865615733426,784.16668701171875
630.33598131316728,796.83331298828125
630.54330005369422,807.33331298828125
630.75061237623231,792.33331298828125
630.95791827809785,770.33331298828125
631.16521775660817,771.33331298828125
631.3725108090805,762.33331298828125
631.57979743283261,768.16668701171875
631.78707762518241,751
631.99435138344813,758.5
632.2016187049486,732.5
632.40887958700216,747.33331298828125
632.61613402692853,740.83331298828125
632.823382022047,734.5
633.03062356967735,739.83331298828125
633.23785866713945,747.5
633.44508731175381,757.66668701171875
633.6523095008414,742.5
633.8595252317225,719
634.06673450171888,725.83331298828125
634.27393730815209,714.66668701171875
634.48113364834376,712.16668701171875
634.68832351961646,721
634.89550691929185,695.66668701171875
635.10268384469384,717.66668701171875
635.30985429314444,710.66668701171875
635.51701826196756,701.16668701171875
635.7241757484868,687.5
635.93132675002607,732.5
636.13847126390976,686.5
636.34560928746214,705.83331298828125
636.55274081800849,706.5
636.75986585287376,659.83331298828125
636.96698438938347,670.66668701171875
637.17409642486325,674.66668701171875
637.38120195663942,694.33331298828125
637.58830098203839,690.5
637.7953934983866,692.16668701171875
638.00247950301116,657.5
638.20955899323951,678.16668701171875
638.416631966399,669.5
638.62369841981774,673.5
638.83075835082366,653.83331298828125
639.03781175674578,687
639.24485863491259,670.83331298828125
639.45189898265312,645
639.65893279729664,655.83331298828125
639.86596007617345,650.66668701171875
640.07298081661315,634.66668701171875
640.27999501594627,630.83331298828125
640.48700267150332,651.83331298828125
640.6940037806155,613.33331298828125
640.90099834061357,632.33331298828125
641.10798634882951,614.33331298828125
641.314967802595,639.66668701171875
641.52194269924235,617.83331298828125
641.72891103610414,639.5
641.93587281051271,622.66668701171875
642.14282801980164,610.83331298828125
642.34977666130408,633.16668701171875
642.55671873235349,630
642.76365423028449,640.83331298828125
642.97058315243089,598.66668701171875
643.17750549612754,610.16668701171875
643.38442125870938,604.33331298828125
643.59133043751149,598.83331298828125
643.79823302986961,582.66668701171875
644.00512903311949,586.83331298828125
644.21201844459733,589.33331298828125
644.41890126163935,602.66668701171875
644.62577748158276,577.83331298828125
644.83264710176456,602.33331298828125
645.03951011952211,596.66668701171875
645.24636653219284,575
645.453216337115,581.33331298828125
645.660059531627,552.33331298828125
645.86689611306747,576.83331298828125
646.073726078775,565.16668701171875
646.28054942608924,574.66668701171875
646.48736615234964,564.33331298828125
646.69417625489609,566
646.90097973106856,574.5
647.107776578208,556.83331298828125
647.314566793655,568
647.52135037475057,541.33331298828125
647.72812731883607,553.16668701171875
647.93489762325351,568.33331298828125
648.14166128534475,539.83331298828125
648.34841830245227,525.66668701171875
648.55516867191864,533.16668701171875
648.76191239108675,557.16668701171875
648.96864945730033,524.5
649.17537986790251,549.5
649.38210362023767,562.66668701171875
649.58882071164965,531.83331298828125
649.79553113948316,543.83331298828125
650.00223490108294,525.5
650.20893199379429,540.33331298828125
650.41562241496285,532.83331298828125
650.62230616193426,512.66668701171875
650.8289832320545,525
651.03565362267022,523.5
651.24231733112811,523.33331298828125
651.448974354775,534.5
651.65562469095869,496.33334350585938
651.86226833702676,508.66665649414063
652.06890529032694,509.66665649414063
652.27553554820759,496.66665649414063
652.48215910801753,516.66668701171875
652.68877596710581,498.66665649414063
652.89538612282138,502.66665649414063
653.10198957251373,485.66665649414063
653.3085863135334,495.66665649414063
653.51517634322977,471.5
653.72175965895394,504.33334350585938
653.92833625805667,503.66665649414063
654.134906137889,491.83334350585938
654.3414692958022,499.33334350585938
654.54802572914843,466.66665649414063
654.75457543528,490.33334350585938
654.96111841154834,488.16665649414063
655.16765465530739,482.83334350585938
655.3741841639096,502
655.58070693470813,457.33334350585938
655.78722296505714,480.16665649414063
655.99373225231056,472.5
656.20023479382246,474
656.40673058694779,463
656.61321962904128,464.33334350585938
656.81970191745825,464.16665649414063
657.02617744955455,455.66665649414063
657.23264622268562,468.33334350585938
657.43910823420811,455.33334350585938
657.64556348147858,466.83334350585938
657.8520119618538,469
658.058453672691,460.83334350585938
658.26488861134737,443
658.47131677518121,458.83334350585938
658.67773816155068,456.5
658.88415276781393,460.33334350585938
659.09056059133,456.33334350585938
659.29696162945788,462.16665649414063
659.50335587955715,464.5
659.70974333898744,466.83334350585938
659.91612400510883,446.66665649414063
660.12249787528185,464.33334350585938
660.32886494686716,448
660.53522521722573,430.5
660.741578683719,434.16665649414063
660.94792534370856,426.66665649414063
661.15426519455661,407.83334350585938
661.36059823362541,422.5
661.56692445827741,439.5
661.773243865876,429.66665649414063
661.97955645378408,424.33334350585938
662.18586221936573,431.16665649414063
662.39216115998443,419.66665649414063
662.59845327300468,402.33334350585938
662.804738555791,426.83334350585938
663.01101700570837,409.83334350585938
663.217288620122,422.5
663.42355339639732,404
663.62981133190056,396.66665649414063
663.83606242399776,411.5
664.04230667005515,406.83334350585938
664.24854406744009,404.16665649414063
664.45477461351948,407.66665649414063
664.660998305661,387.66665649414063
664.86721514123212,396.33334350585938
665.07342511760157,395.33334350585938
665.27962823213738,402.33334350585938
665.48582448220861,389.16665649414063
665.69201386518432,390.16665649414063
665.89819637843391,394.16665649414063
666.104372019327,393
666.31054078523414,388.83334350585938
666.51670267352563,389.83334350585938
666.722857681572,398.33334350585938
666.9290058067445,385.33334350585938
667.13514704641466,380.16665649414063
667.34128139795428,364.33334350585938
667.54740885873525,362.33334350585938
667.7535294261296,366.33334350585938
667.959643097511,363.66665649414063
668.16574987025183,373.5
668.37184974172533,355.83334350585938
668.57794270930606,381.5
668.78402877036706,352.83334350585938
668.99010792228341,360.83334350585938
669.19618016242953,368
669.40224548818026,367.83334350585938
669.60830389691148,365
669.81435538599851,362.83334350585938
670.02039995281746,344.83334350585938
670.22643759474465,361.5
670.43246830915655,350
670.63849209343039,352.66665649414063
670.84450894494364,358
671.05051886107378,358
671.25652183919885,358.66665649414063
671.462517876697,344
671.66850697094719,347.33334350585938
671.87448911932813,341.66665649414063
672.08046431921935,347
672.28643256800024,335.83334350585938
672.49239386305123,345
672.698348201752,327
672.90429558148389,346.16665649414063
673.11023599962732,332.5
673.3161694535637,343
673.522095940675,346
673.72801545834272,350.66665649414063
673.93392800394952,322.66665649414063
674.13983357487791,342.16665649414063
674.34573216851072,314
674.55162378223133,323.16665649414063
674.75750841342347,318.66665649414063
674.96338605947142,315.5
675.16925671775869,317.66665649414063
675.37512038567024,328.33334350585938
675.58097706059141,330
675.786826739907,308.33334350585938
675.992669421003,311
676.19850510126514,308
676.40433377807972,321.5
676.61015544883355,312.5
676.81597011091355,306.33334350585938
677.021777761707,313.33334350585938
677.22757839860151,317.5
677.433372018985,288.83334350585938
677.63915862024589,304.83334350585938
677.84493819977274,310
678.05071075495459,302.16665649414063
678.256476283181,300.16665649414063
678.462234781841,299.5
678.667986248325,284.83334350585938
678.87373068002341,290.66665649414063
679.07946807432643,286
679.28519842862579,285.83334350585938
679.490921740312,281.33334350585938
679.69663800677722,271.83334350585938
679.90234722541368,288.16665649414063
680.1080493936131,303.83334350585938
680.31374450876876,300.5
680.519432568273,284.16665649414063
680.72511356951986,270.5
680.93078750990264,285.5
681.13645438681544,287.16665649414063
681.34211419765279,287.16665649414063
681.54776693980943,297
681.7534126106799,274.5
681.95905120766008,287.5
682.16468272814564,272.66665649414063
682.37030716953257,262.33334350585938
682.575924529217,263.33334350585938
682.78153480459628,252.16667175292969
682.98713799306688,266.66665649414063
683.19273409202674,266.16665649414063
683.39832309887311,258.16665649414063
683.60390501100471,253
683.80947982581938,286.66665649414063
684.01504754071607,274.16665649414063
684.22060815309408,262
684.42616166035293,260.66665649414063
684.631708059892,268.16665649414063
684.83724734911175,263.16665649414063
685.04277952541293,260.16665649414063
685.24830458619567,262.83334350585938
685.45382252886168,243
685.65933335081252,264.16665649414063
685.86483704944953,258.16665649414063
686.07033362217521,250
686.27582306639215,249.66667175292969
686.48130537950328,257
686.68678055891166,252.33332824707031
686.89224860202091,267.5
687.09770950623476,260.66665649414063
687.30316326895763,227.33332824707031
687.50860988759416,234.66667175292969
687.71404935954945,251.16667175292969
687.91948168222837,241.83332824707031
688.12490685303669,249.5
688.33032486938043,235
688.53573572866594,241.83332824707031
688.74113942829979,246.83332824707031
688.946535965689,235
689.151925338241,222.83332824707031
689.35730754336328,233.83332824707031
689.56268257846386,245.33332824707031
689.76805044095147,240.5
689.97341112823426,229.33332824707031
690.17876463772188,225.83332824707031
690.3841109668233,230.5
690.58945011294873,220.66667175292969
690.7947820735078,233.33332824707031
691.0001068459112,238.66667175292969
691.20542442756948,229.16667175292969
691.41073481589433,242.33332824707031
691.61603800829664,225.66667175292969
691.82133400218856,244.33332824707031
692.02662279498236,215.83332824707031
692.23190438409006,219.5
692.43717876692506,219.33332824707031
692.6424459409003,218.5
692.84770590342941,215
693.05295865192647,229.66667175292969
693.25820418380533,200.83332824707031
693.46344249648109,222.83332824707031
693.6686735873684,213.66667175292969
693.87389745388259,195.83332824707031
694.07911409343944,224
694.284323503455,216.5
694.4895256813453,212.66667175292969
694.69472062452724,220.16667175292969
694.89990833041793,211.33332824707031
695.10508879643442,212.16667175292969
695.31026201999487,206.33332824707031
695.51542799851745,208.5
695.72058672942035,220.66667175292969
695.92573821012218,216.5
696.13088243804225,209.33332824707031
696.33601941060022,202.66667175292969
696.54114912521584,210.5
696.74627157930922,202.83332824707031
696.95138677030093,199.33332824707031
697.15649469561185,202.16667175292969
697.36159535266336,175.66667175292969
697.56668873887691,193.83332824707031
697.77177485167431,200.16667175292969
697.9768536884784,184.83332824707031
698.1819252467111,190.16667175292969
698.38698952379616,192.16667175292969
698.59204651715618,179.33332824707031
698.79709622421535,200.66667175292969
699.00213864239765,186.83332824707031
699.20717376912751,179.33332824707031
699.41220160182934,185
699.61722213792882,177.33332824707031
699.82223537485106,175.33332824707031
700.027241310022,179.66667175292969
700.23223994086766,181
700.43723126481461,194.33332824707031
700.64221527928987,184.16667175292969
700.84719198172058,183.83332824707031
701.05216136953425,170.16667175292969
701.25712344015881,181.66667175292969
701.4620781910229,170.5
701.66702561955458,181.16667175292969
701.87196572318328,191
702.07689849933831,193.33332824707031
702.28182394544933,178.83332824707031
702.48674205894633,163
702.69165283725954,184.66667175292969
702.89655627782042,167
703.10145237805932,175
703.30634113540827,153
703.51122254729853,191.33332824707031
703.71609661116293,164.16667175292969
703.92096332443384,183
704.12582268454389,166
704.33067468892648,175.33332824707031
704.53551933501547,155.5
704.74035662024448,177.16667175292969
704.94518654204808,174.5
705.15000909786079,176.16667175292969
705.35482428511773,159.66667175292969
705.55963210125435,181
705.76443254370622,175.66667175292969
705.96922560990981,150.83332824707031
706.17401129730138,168.66667175292969
706.37878960331773,157
706.583560525396,159.33332824707031
706.78832406097388,174.33332824707031
706.99308020748924,164.83332824707031
707.19782896238019,153.66667175292969
707.4025703230858,162.16667175292969
707.60730428704437,153.83332824707031
707.81203085169579,157
708.01675001447961,168.5
708.22146177283571,167.83332824707031
708.426166124205,154.33332824707031
708.6308630660277,154.66667175292969
708.835552595745,143
709.0402347107987,152
709.24490940863041,142
709.44957668668246,167.16667175292969
709.65423654239748,144.5
709.85888897321843,149.5
710.06353397658825,154.16667175292969
710.26817154995092,151.5
710.47280169075043,155.33332824707031
710.67742439643109,151.16667175292969
710.88203966443757,146.33332824707031
711.08664749221532,143.66667175292969
711.29124787720934,152.16667175292969
711.49584081686578,155.5
711.70042630863077,148.66667175292969
711.90500434995056,156.83332824707031
712.10957493827266,146.16667175292969
712.31413807104366,143.16667175292969
712.51869374571174,136.66667175292969
712.72324195972442,130.5
712.92778271053055,140.16667175292969
713.13231599557832,149.16667175292969
713.33684181231729,154.66667175292969
713.54136015819677,156.66667175292969
713.74587103066642,140.16667175292969
713.9503744271766,143.16667175292969
714.15487034517764,141.83332824707031
714.35935878212069,151.16667175292969
714.5638397354569,133.83332824707031
714.768313202638,143.16667175292969
714.97277918111558,149.33332824707031
715.1772376683424,131.5
715.38168866177114,119.33333587646484
715.58613215885487,133.83332824707031
715.79056815704689,140.5
715.99499665380119,130.5
716.1994176465721,128.83332824707031
716.40383113281382,119.83333587646484
716.60823710998113,135.83332824707031
716.81263557553007,116.83333587646484
717.01702652691529,137.16667175292969
717.22140996159374,127.16666412353516
717.4257858770211,130.33332824707031
717.63015427065443,137
717.83451513995089,113.66666412353516
718.03886848236777,132.16667175292969
718.243214295363,128.16667175292969
718.44755257639508,142
718.651883322922,124.83333587646484
718.85620653240278,124.66666412353516
719.06052220229742,125
719.2648303300648,134.5
719.46913091316537,120.33333587646484
719.67342394905972,134.33332824707031
719.87770943520809,124.5
720.081987369072,123.33333587646484
720.28625774811292,119.16666412353516
720.49052056979258,128.5
720.69477583157368,118
720.89902353091816,116.16666412353516
721.10326366528966,121.5
721.30749623215127,123
721.51172122896639,125.33333587646484
721.7159386531996,119.83333587646484
721.92014850231544,125
722.12435077377813,118.5
722.32854546505359,123.33333587646484
722.532732573607,116.66666412353516
722.73691209690446,107.66666412353516
722.941084032412,105.83333587646484
723.14524837759654,111
723.34940512992534,107.66666412353516
723.55355428686539,109.66666412353516
723.75769584588511,115.66666412353516
723.9618298044519,102
724.16595616003485,107.5
724.37007491010274,113.83333587646484
724.57418605212456,108.83333587646484
724.77828958357054,103.5
724.98238550191013,102.16666412353516
725.18647380461414,114.5
725.39055448915349,100.83333587646484
725.59462755299865,126.5
725.79869299362167,107.33333587646484
726.00275080849451,113.16666412353516
726.206800995089,113.16666412353516
726.41084355087821,122.83333587646484
726.6148784733349,98.166664123535156
726.81890575993225,95.333335876464844
727.02292540814449,102.16666412353516
727.2269374154456,97.5
727.43094177930993,129.83332824707031
727.63493849721237,95
727.83892756662806,97.166664123535156
728.04290898503325,98.5
728.24688274990319,105
728.45084885871461,99.5
728.65480730894421,102.83333587646484
728.85875809806942,107.83333587646484
729.06270122356682,98.5
729.26663668291542,103.33333587646484
729.4705644735925,103.83333587646484
729.6744845930773,96
729.87839703884879,99
730.08230180838609,86.5
730.286198899169,106
730.49008830867774,99.333335876464844
730.69397003439269,90.333335876464844
730.897844073795,97.166664123535156
731.10171042436559,98.833335876464844
731.30556908358608,94.333335876464844
731.50942004893886,85.666664123535156
731.713263317906,89.166664123535156
731.91709888797038,93.833335876464844
732.120926756615,104
732.32474692132348,93
732.52855937957975,88
732.73236412886808,94.666664123535156
732.936161166673,103
733.13995049047981,98.833335876464844
733.34373209777334,89.666664123535156
733.54750598603994,82
733.75127215276564,98.166664123535156
733.95503059543682,97.333335876464844
734.15878131154045,99.166664123535156
734.36252429856393,80.666664123535156
734.56625955399488,91.166664123535156
734.7699870753213,95.666664123535156
734.97370686003171,76.5
735.17741890561467,87.5
735.38112320955975,79.666664123535156
735.58481976935639,89.333335876464844
735.7885085824945,84.333335876464844
735.99218964646423,81
736.19586295875661,82.166664123535156
736.39952851686269,88.833335876464844
736.60318631827374,89.666664123535156
736.8068363604815,86.666664123535156
737.01047864097893,92.5
737.21411315725754,84.333335876464844
737.41773990681122,98.166664123535156
737.62135888713317,81
737.824970095717,88.333335876464844
738.02857353005663,84.333335876464844
