479.64077487006932,-2.5499999523162842
479.85219034782057,5.3499999046325684
480.06360163239043,0.20000000298023224
480.27500872091588,-6.0500001907348633
480.48641161053456,1.5499999523162842
480.69781029838373,4.25
480.90920478160109,2
481.12059505732464,-8.3500003814697266
481.33198112269224,-1.1499999761581421
481.54336297484207,-9.3000001907348633
481.75474061091239,6.25
481.9661140280416,-6.0500001907348633
482.17748322336848,3.9500000476837158
482.3888481940316,-1.7999999523162842
482.60020893716967,-4.3000001907348633
482.81156544992211,2.3499999046325684
483.02291772942766,4.25
483.23426577282595,-1.9500000476837158
483.44560957725639,2.25
483.65694913985845,-0.75
483.86828445777223,3.3499999046325684
484.07961552813759,7.5999999046325684
484.2909423480944,-5.9499998092651367
484.50226491478287,3.0999999046325684
484.71358322534371,1.5
484.92489727691753,10.5
485.13620706664449,-9.5
485.34751259166603,6
485.55881384912294,-4.0999999046325684
485.77011083615622,6.5500001907348633
485.98140354990738,7.3000001907348633
486.19269198751778,-1.3999999761581421
486.4039761461292,-9.1999998092651367
486.61525602288316,-1.25
486.82653161492175,0.15000000596046448
487.03780291938727,-6.4499998092651367
487.24906993342142,-6.25
487.46033265416713,-0.699999988079071
487.6715910787666,4.0999999046325684
487.88284520436287,-2.6500000953674316
488.09409502809859,1.3999999761581421
488.30534054711666,-6.5
488.51658175856056,3.2999999523162842
488.72781865957342,1.8999999761581421
488.93905124729872,-6.5
489.15027951888015,-1.8999999761581421
489.36150347146162,0.75
489.57272310218684,0.60000002384185791
489.78393840820019,-2.25
489.99514938664578,4.5999999046325684
490.206356034668,4.1500000953674316
490.41755834941159,-1.7999999523162842
490.62875632802132,-1.1499999761581421
490.83994996764193,-6.5999999046325684
491.05113926541844,0.75
491.26232421849642,1.7999999523162842
491.47350482402078,4.3000001907348633
491.68468107913759,2.7999999523162842
491.89585298099212,-3.2000000476837158
492.10702052673048,-3.4500000476837158
492.31818371349823,-2.9500000476837158
492.52934253844234,1.7000000476837158
492.74049699870852,2.8499999046325684
492.95164709144342,3.4500000476837158
493.16279281379366,-2.0499999523162842
493.37393416290621,3.2999999523162842
493.585071135928,4.0500001907348633
493.79620373000608,9.8500003814697266
494.00733194228775,0
494.21845576992069,3.0999999046325684
494.42957521005252,-3.9500000476837158
494.64069025983054,2.4000000953674316
494.85180091640325,2.9000000953674316
495.06290717691826,1.2000000476837158
495.27400903852418,-1.8500000238418579
495.48510649836953,3.2999999523162842
495.69619955360287,-0.20000000298023224
495.90728820137247,-3.5
496.118372438828,2.6500000953674316
496.32945226311807,3.0499999523162842
496.54052767139194,-5.4000000953674316
496.75159866079917,0.10000000149011612
496.96266522848924,1.5499999523162842
497.17372737161185,4.3000001907348633
497.3847850873172,4.6999998092651367
497.59583837275522,0.550000011920929
497.80688722507591,-2.5499999523162842
498.01793164142981,6.4000000953674316
498.22897161896753,2.5499999523162842
498.44000715483969,1.1499999761581421
498.65103824619746,1.7999999523162842
498.86206489019168,0.34999999403953552
499.07308708397363,0.800000011920929
499.28410482469434,5.4000000953674316
499.49511810950588,3.6500000953674316
499.70612693555984,2.4000000953674316
499.917131300008,4.1999998092651367
500.1281312000026,-2.75
500.33912663269564,3.25
500.55011759523967,-0.89999997615814209
500.76110408478706,5.4499998092651367
500.97208609849065,4.5
501.18306363350354,-2.5
501.3940366869785,3.2999999523162842
501.60500525606892,-3.2000000476837158
501.815969337928,4.5500001907348633
502.02692892970936,0.30000001192092896
502.23788402856707,-2.1500000953674316
502.44883463165451,5.5
502.65978073612609,0.05000000074505806
502.870722339136,2.7000000476837158
503.08165943783865,8.1999998092651367
503.29259202938852,1.7999999523162842
503.50352011094043,-0.30000001192092896
503.71444367964926,-1.1000000238418579
503.92536273267012,3.7000000476837158
504.13627726715833,-0.15000000596046448
504.34718728026928,1.6000000238418579
504.55809276915863,6.9499998092651367
504.76899373098183,10.300000190734863
504.97989016289529,5
505.19078206205495,2.9000000953674316
505.40166942561694,9.3999996185302734
505.61255225073785,11.399999618530273
505.82343053457419,8.5
506.03430427428304,7.5500001907348633
506.24517346702112,6.6500000953674316
506.45603810994555,11.399999618530273
506.66689820021372,7.3499999046325684
506.87775373498334,9.8999996185302734
507.0886047114119,9.9499998092651367
507.29945112665712,3.9500000476837158
507.5102929778771,6.6999998092651367
507.72113026222996,14.300000190734863
507.93196297687416,11
508.14279111896809,13.949999809265137
508.35361468567083,9.3500003814697266
508.56443367414073,18.75
508.77524808153703,20.350000381469727
508.98605790501932,16.25
509.19686314174652,20.5
509.40766378887878,29.799999237060547
509.6184598435749,22.700000762939453
509.82925130299566,27.799999237060547
510.04003816430094,25.299999237060547
510.25082042465107,42.299999237060547
510.46159808120626,32.349998474121094
510.67237113112731,38.150001525878906
510.883139571575,43.549999237060547
511.09390339971031,45.450000762939453
511.30466261269459,44.549999237060547
511.51541720768893,60.549999237060547
511.726167181855,58
511.9369125323542,56.650001525878906
512.14765325634892,63.450000762939453
512.35838935100048,75.9000015258789
512.56912081347218,65.25
512.77984764092525,93.699996948242188
512.990569830523,84.3499984741211
513.20128737942821,99.75
513.41200028480341,111.15000152587891
513.62270854381188,111.84999847412109
513.83341215361725,120.5
514.04411111138256,145.10000610351563
514.25480541427146,141.25
514.46549505944813,147.05000305175781
514.67618004407677,179.05000305175781
514.88686036532079,176.44999694824219
515.097536020345,192.60000610351563
515.308207006314,207.5
515.51887332039269,235.5
515.72953495974571,244.5
515.94019192153826,268.20001220703125
516.15084420293556,299.45001220703125
516.36149180110317,321.20001220703125
516.57213471320665,337.39999389648438
516.78277293641179,381.04998779296875
516.99340646788494,420.10000610351563
517.20403530479189,469.54998779296875
517.4146594442991,521.5999755859375
517.6252788835734,558.29998779296875
517.83589361978113,617.0999755859375
518.04650365008945,708.4000244140625
518.25710897166516,802.1500244140625
518.4677095816761,889.8499755859375
518.6783054772892,975.70001220703125
518.88889665567262,1086.5
519.09948311399376,1214.5999755859375
519.31006484942088,1331.050048828125
519.52064185912218,1445.3499755859375
519.73121414026582,1575.5999755859375
519.94178169002078,1720.050048828125
520.15234450555545,1882.3499755859375
520.36290258403892,2074
520.57345592264051,2251.699951171875
520.78400451852917,2552.75
520.9945483688748,2775.10009765625
521.20508747084671,3101.449951171875
521.41562182161488,3468.449951171875
521.62615141834942,3892.449951171875
521.83667625822056,4465.14990234375
522.04719633839886,5007.64990234375
522.25771165605488,5641.0498046875
522.46822220835929,6371.60009765625
522.67872799248335,6964.9501953125
522.88922900559817,7489.64990234375
523.09972524487455,7976.25
523.31021670748487,8328.599609375
523.52070339060072,8455.4501953125
523.73118529139344,8417.849609375
523.94166240703566,8056.5
524.15213473469964,7758.60009765625
524.36260227155776,7204.75
524.57306501478286,6571
524.78352296154776,5864.0498046875
524.99397610902554,5317.2001953125
525.20442445438914,4613.10009765625
525.41486799481231,4151.89990234375
525.62530672746891,3642.449951171875
525.83574064953234,3279.699951171875
526.04616975817657,2945.699951171875
526.25659405057627,2684.949951171875
526.46701352390539,2504.75
526.67742817533917,2355.10009765625
526.88783800205124,2203.550048828125
527.09824300121784,2071.10009765625
527.308643170013,1980.3499755859375
527.5190385056128,1861.5
527.72942900519286,1738.1500244140625
527.93981466592834,1640.5
528.15019548499549,1536.6500244140625
528.36057145957034,1460.550048828125
528.57094258682946,1342.1500244140625
528.78130886394888,1249.5
528.99167028810575,1180.5
529.20202685647678,1089.949951171875
529.412378566239,1002.75
529.62272541456991,924.45001220703125
529.83306739864656,851.4000244140625
530.043404515647,758.25
530.253736762749,724.95001220703125
530.46406413713044,654.0999755859375
530.67438663596977,567.5
530.88470425644516,528.45001220703125
531.0950169957357,466.64999389648438
531.30532485101969,412.35000610351563
531.51562781947666,378.10000610351563
531.72592589828537,339.29998779296875
531.93621908462558,306.89999389648438
532.14650737567672,282.85000610351563
532.35679076861868,261.75
532.56706926063123,229.25
532.77734284889482,203.89999389648438
532.98761153059,196.75
533.19787530289716,180.35000610351563
533.40813416299693,158.05000305175781
533.61838810807046,148.60000610351563
533.82863713529889,118.65000152587891
534.03888124186358,122.69999694824219
534.24912042494634,117.15000152587891
534.45935468172877,97.199996948242188
534.66958400939279,95.5
534.87980840512046,88.9000015258789
535.09002786609437,82.300003051757813
535.300242389497,73.75
535.51045197251131,76.75
535.72065661232,72
535.93085630610619,70.949996948242188
536.14105105105352,77.449996948242188
536.35124084434551,58.700000762939453
536.56142568316579,52.599998474121094
536.77160556469823,50.25
536.98178048612726,46.549999237060547
537.19195044463709,48.950000762939453
537.40211543741225,45.099998474121094
537.61227546163764,46.900001525878906
537.822430514498,44.950000762939453
538.03258059317875,38.150001525878906
538.24272569486527,35.950000762939453
538.45286581674281,34.549999237060547
538.66300095599729,32.049999237060547
538.873131109815,32.700000762939453
539.08325627538147,22.75
539.29337644988368,23.899999618530273
539.50349163050782,28.549999237060547
539.713601814441,29.25
539.92370699887,28.299999237060547
540.13380718098176,29.299999237060547
540.34390235796411,26.549999237060547
540.55399252700443,21.200000762939453
540.76407768529066,26.950000762939453
540.97415783001054,18.5
541.1842329583526,25.850000381469727
541.394303067505,17.450000762939453
541.60436815465641,21.600000381469727
541.81442821699534,21.850000381469727
542.02448325171144,18.899999618530273
542.23453325599382,12.699999809265137
542.44457822703134,23.549999237060547
542.654618162014,18.5
542.86465305813181,26
543.07468291257453,15.199999809265137
543.2847077225324,17.149999618530273
543.49472748519634,20.5
543.70474219775633,13.899999618530273
543.91475185740376,8.3000001907348633
544.1247564613293,21.200000762939453
544.33475600672466,13.649999618530273
544.544750490781,14.550000190734863
544.7547399106902,18.700000762939453
544.96472426364414,18.899999618530273
545.17470354683485,10.300000190734863
545.38467775745448,18.950000762939453
545.59464689269589,18.450000762939453
545.80461094975169,11
546.014569925815,17.149999618530273
546.2245238180783,4.6500000953674316
546.43447262373581,9.3500003814697266
546.64441633998047,11.800000190734863
546.85435496400646,14.600000381469727
547.06428849300755,10.25
547.274216924178,14.600000381469727
547.48414025471209,8.4499998092651367
547.69405848180452,11.850000381469727
547.90397160265036,13.100000381469727
548.11387961444393,2.5499999523162842
548.32378251438126,12.100000381469727
548.5336802996577,12.649999618530273
548.74357296746814,12.199999809265137
548.95346051500951,6.5
549.16334293947716,11.050000190734863
549.37322023806746,9.3500003814697266
549.58309240797735,7.9499998092651367
549.79295944640319,4.3000001907348633
550.002821350542,9.3500003814697266
550.21267811759071,13.050000190734863
550.42252974474718,5.0999999046325684
550.63237622920849,10.300000190734863
550.84221756817271,4.4000000953674316
551.05205375883759,5.9000000953674316
551.26188479840152,7.5999999046325684
551.47171068406294,5.6999998092651367
551.68153141302025,2.3499999046325684
551.89134698247256,4.5500001907348633
552.10115738961861,9.6499996185302734
552.31096263165807,10.800000190734863
552.52076270579,3.8499999046325684
552.73055760921432,4.1999998092651367
552.94034733913111,6.4000000953674316
553.15013189274032,5.0500001907348633
553.35991126724241,9.8500003814697266
553.5696854598375,11.949999809265137
553.77945446772685,-5.4499998092651367
553.98921828811126,7.4499998092651367
554.19897691819187,5.9499998092651367
554.40873035517041,4.1999998092651367
554.61847859624788,6.4000000953674316
554.8282216386267,9.75
555.03795947950891,0.85000002384185791
555.24769211609646,6.9499998092651367
555.457419545592,8.1999998092651367
555.66714176519838,5.3499999046325684
555.87685877211845,5.4000000953674316
556.08657056355526,6.9499998092651367
556.29627713671209,11.25
556.50597848879306,-0.75
556.71567461700124,3.9500000476837158
556.92536551854118,7.0999999046325684
557.13505119061688,4.9000000953674316
557.34473163043276,7.1999998092651367
557.55440683519384,6.6500000953674316
557.76407680210457,6.6500000953674316
557.97374152837017,4.25
558.18340101119622,11.649999618530273
558.39305524778763,1.2000000476837158
558.6027042353511,-1.1499999761581421
558.812347971092,8.6499996185302734
559.02198645221665,7.9000000953674316
559.2316196759316,4.9499998092651367
559.44124763944342,0
559.65087033995871,1.75
559.86048777468477,7.6500000953674316
560.07009994082921,-0.699999988079071
560.2797068355992,13.399999618530273
560.48930845620237,8.75
560.69890479984736,1.0499999523162842
560.90849586374156,1.8500000238418579
561.11808164509375,4.0999999046325684
561.32766214111246,3.2999999523162842
561.53723734900689,6.4000000953674316
561.74680726598558,-1.2000000476837158
561.95637188925809,7.1999998092651367
562.1659312160341,3
562.37548524352326,8.4499998092651367
562.58503396893536,2.6500000953674316
562.79457738948088,5.4000000953674316
563.00411550237,4.3000001907348633
563.2136483048132,-6
563.42317579402186,3.7000000476837158
563.6326979672067,6.9499998092651367
563.842214821579,4.1999998092651367
564.05172635435065,1.3999999761581421
564.261232562733,6.25
564.47073344393823,5.4000000953674316
564.68022899517837,2.5499999523162842
564.88971921366635,4.1500000953674316
565.09920409661424,4.9499998092651367
565.30868364123523,7.8499999046325684
565.51815784474218,6.6500000953674316
565.72762670434872,7.8499999046325684
565.93709021726841,5.5500001907348633
566.14654838071488,4.5999999046325684
566.3560011919019,4.9499998092651367
566.56544864804425,6.25
566.774890746356,8.8000001907348633
566.98432748405219,-1.6499999761581421
567.19375885834722,10.850000381469727
567.40318486645685,10.199999809265137
567.612605505596,11.199999809265137
567.8220207729803,4.9000000953674316
568.03143066582572,1.4500000476837158
568.24083518134819,6.5999999046325684
568.45023431676429,3.4000000953674316
568.65962806929019,9.5
568.8690164361426,-0.75
569.07839941453892,12.449999809265137
569.2877770016961,11.550000190734863
569.49714919483142,-1.3500000238418579
569.70651599116275,5.8499999046325684
569.91587738790781,11.300000190734863
570.1252333822847,8.6999998092651367
570.33458397151185,1.5
570.54392915280812,3.4000000953674316
570.75326892339172,4.5500001907348633
570.96260328048231,2.5
571.17193222129845,2.1500000953674316
571.38125574306014,3.0999999046325684
571.59057384298717,5.8499999046325684
571.799886518299,5.4000000953674316
572.00919376621641,9.8999996185302734
572.21849558395957,10.649999618530273
572.42779196874892,-1.75
572.63708291780551,5.1999998092651367
572.84636842835062,6.6999998092651367
573.05564849760538,6.6999998092651367
573.2649231227914,-3.25
573.47419230113053,2.6500000953674316
573.68345602984471,5.8000001907348633
573.89271430615656,14.300000190734863
574.101967127288,9.1499996185302734
574.31121449046259,8.1000003814697266
574.52045639290236,-2.8499999046325684
574.72969283183113,3.2999999523162842
574.93892380447244,5.5999999046325684
575.1481493080496,6.75
575.35736933978637,3.8499999046325684
575.56658389690745,4.0999999046325684
575.775792976637,8.3999996185302734
575.98499657619936,7.4000000953674316
576.19419469281968,-3.5499999523162842
576.40338732372311,12.449999809265137
576.61257446613479,7.5999999046325684
576.82175611728007,6.25
577.03093227438535,10.899999618530273
577.240102934676,5.75
577.44926809537856,-2.5999999046325684
577.65842775371982,3.4500000476837158
577.86758190692592,7.75
578.07673055222426,8.6000003814697266
578.285873686842,-1.7999999523162842
578.49501130800661,3.75
578.70414341294531,6.1999998092651367
578.91326999888679,7.3499999046325684
579.12239106305856,1.1000000238418579
579.33150660268927,4.0999999046325684
579.54061661500771,4.1500000953674316
579.74972109724251,13.350000381469727
579.95882004662269,-2.25
580.16791346037792,3
580.37700133573753,7
580.58608366993133,3
580.79516046018966,6.0500001907348633
581.00423170374268,6.5999999046325684
581.21329739782084,0.25
581.42235753965485,5.8000001907348633
581.631412126476,4.9499998092651367
581.84046115551519,4.1500000953674316
582.0495046240045,12.399999618530273
582.25854252917509,1.3500000238418579
582.46757486825913,3.0999999046325684
582.676601638489,5.4499998092651367
582.885622837097,8.8500003814697266
583.09463846131575,-1.7000000476837158
583.3036485083785,-3.1500000953674316
583.512652975518,7.3499999046325684
583.72165185996812,0.5
583.93064515896208,3.0999999046325684
584.1396328697341,-1.3500000238418579
584.3486149895183,-0.699999988079071
584.557591515549,1.8500000238418579
584.766562445061,-1.3500000238418579
584.97552777528881,-0.40000000596046448
585.18448750346806,5.4000000953674316
585.39344162683358,-2.8499999046325684
585.60239014262163,2
585.81133304806724,6.75
586.02027034040714,4.4000000953674316
586.22920201687748,1.0499999523162842
586.43812807471465,0.550000011920929
586.64704851115584,0.20000000298023224
586.85596332343778,3.9500000476837158
587.06487250879809,6.1999998092651367
587.273776064474,8.6499996185302734
587.48267398770372,7.4000000953674316
587.69156627572465,6
587.90045292577588,3.5999999046325684
588.10933393509538,-1.8500000238418579
588.31820930092226,1.75
588.52707902049519,6.3499999046325684
588.73594309105385,5.1500000953674316
588.94480150983736,9
589.15365427408574,11.699999809265137
589.362501381039,0.89999997615814209
589.57134282793754,16.100000381469727
589.78017861202147,-1.7999999523162842
589.98900873053185,2.5
590.19783318070949,5.25
590.406651959796,4.9499998092651367
590.61546506503237,2.5999999046325684
590.8242724936606,3.3499999046325684
591.03307424292268,5.6500000953674316
591.241870310061,2.5999999046325684
591.45066069231757,-8.5500001907348633
591.65944538693577,-1.0499999523162842
591.86822439115815,10.800000190734863
592.076997702228,-0.64999997615814209
592.28576531738872,9
592.49452723388447,7.4499998092651367
592.7032834489587,1.4500000476837158
592.912033959856,7.5999999046325684
593.12077876382079,7.75
593.32951785809757,3.4500000476837158
593.53825123993158,-5.9000000953674316
593.74697890656785,-1.1000000238418579
593.95570085525208,9.1000003814697266
594.16441708322986,7.8000001907348633
594.37312758774715,5
594.58183236605009,1.3999999761581421
594.79053141538543,5.3000001907348633
594.99922473299978,6.9000000953674316
595.2079123161401,-0.89999997615814209
595.4165941620538,-2.1500000953674316
595.62527026798784,7.9000000953674316
595.83394063119067,7.75
596.04260524890969,-0.75
596.25126411839369,8.5
596.45991723689065,8.5500001907348633
596.66856460164968,-5.0999999046325684
596.87720620991968,4.3499999046325684
597.08584205894965,0.20000000298023224
597.29447214598963,4.8000001907348633
597.503096468289,2.5999999046325684
597.71171502309778,1.7000000476837158
597.92032780766635,3.8499999046325684
598.12893481924516,3.3499999046325684
598.337536055085,11.449999809265137
598.54613151243723,1.6000000238418579
598.75472118855282,-0.10000000149011612
598.96330508068309,6.5
599.17188318608021,8.4499998092651367
599.380455501996,-0.25
599.58902202568311,-0.05000000074505806
599.79758275439372,15.050000190734863
600.00613768538074,0.550000011920929
600.21468681589749,0.44999998807907104
600.4232301431972,3.75
600.63176766453307,14.100000381469727
600.84029937715945,1.5499999523162842
601.04882527833024,9.6999998092651367
601.25734536529978,2.5499999523162842
601.46585963532266,5.3499999046325684
601.6743680856539,2.2000000476837158
601.88287071354841,-0.60000002384185791
602.09136751626181,4.9499998092651367
602.29985849104946,14.100000381469727
602.50834363516753,-2.4000000953674316
602.716822945872,10.100000381469727
602.92529642041939,3.9000000953674316
603.13376405606641,9.0500001907348633
603.34222585006978,-0.44999998807907104
603.5506817996868,1.2999999523162842
603.75913190217511,7.4000000953674316
603.96757615479225,-3.5
604.17601455479621,8.0500001907348633
604.38444709944531,4.6500000953674316
604.59287378599777,-1.2000000476837158
604.80129461171259,11.649999618530273
605.0097095738488,3.8499999046325684
605.21811866966539,8.4499998092651367
605.42652189642229,0.44999998807907104
605.63491925137862,-0.05000000074505806
605.84331073179533,8.1999998092651367
606.051696334932,8.25
606.26007605804966,1.5
606.468449898409,4.5999999046325684
606.6768178532709,11.800000190734863
606.88517991989693,2.1500000953674316
607.09353609554853,4.0999999046325684
607.301886377488,8.1499996185302734
607.51023076297724,7.75
607.7185692492784,3.4000000953674316
607.92690183365437,4.3000001907348633
608.13522851336813,11.899999618530273
608.3435492856828,3.2999999523162842
608.55186414786181,6.8000001907348633
608.760173097169,4.9000000953674316
608.96847613086823,6.6999998092651367
609.17677324622377,4.25
609.38506444050006,9.1000003814697266
609.59334971096177,2.7999999523162842
609.80162905487452,5.3499999046325684
610.00990246950312,0.800000011920929
610.21816995211293,7.0999999046325684
610.42643149997048,13
610.63468711034113,9.6000003814697266
610.84293678049153,5.1500000953674316
611.05118050768874,13.399999618530273
611.259418289199,3.4500000476837158
611.46765012228957,8.6499996185302734
611.67587600422814,15.649999618530273
611.88409593228232,2.7999999523162842
612.09230990372,8.0500001907348633
612.30051791580922,0.5
612.50871996581873,13.949999809265137
612.71691605101751,-1.5499999523162842
612.925106168674,4.3499999046325684
613.13329031605781,1.8999999761581421
613.34146849043839,19.600000381469727
613.54964068908555,8.75
613.75780690926956,7.3499999046325684
613.9659671482608,10.050000190734863
614.17412140332954,3.2999999523162842
614.38226967174694,11
614.5904119507843,10.550000190734863
614.79854823771257,8.4499998092651367
615.006678529804,4.5500001907348633
615.21480282433,6.1500000953674316
615.42292111856307,8.1999998092651367
615.63103340977614,4.4000000953674316
615.83913969524122,7.4000000953674316
616.04723997223164,11.800000190734863
616.255334238021,6.0500001907348633
616.46342248988242,3.9000000953674316
616.67150472509,4.0500001907348633
616.87958094091812,5.8000001907348633
617.08765113464074,12.149999618530273
617.29571530353269,8.0500001907348633
617.50377344486867,5.5999999046325684
617.71182555592441,13.800000190734863
617.91987163397516,12.449999809265137
618.12791167629609,-0.10000000149011612
618.33594568016429,14.600000381469727
618.54397364285512,7.5999999046325684
618.75199556164557,11
618.96001143381227,12.899999618530273
619.16802125663253,12.300000190734863
619.37602502738366,2.7999999523162842
619.58402274334344,15.100000381469727
619.7920144017894,12.449999809265137
620,5.1999998092651367
620.20797953525368,17.350000381469727
620.41595300482925,5.3000001907348633
620.62392040600582,5.9499998092651367
620.8318817360622,14.449999809265137
621.03983699227854,14.25
621.24778617193419,14.350000381469727
621.45572927230967,9.9499998092651367
621.663666290685,9.3500003814697266
621.871597224341,16.299999237060547
622.07952207055871,14.25
622.287440826619,9.4499998092651367
622.49535348980385,11.850000381469727
622.70326005739457,12.600000381469727
622.91116052667348,14.899999618530273
623.11905489492278,11.850000381469727
623.326943159425,11.100000381469727
623.53482531746317,14.899999618530273
623.74270136632015,12.399999618530273
623.9505713032795,17.75
624.158435125625,15.949999809265137
624.36629283064042,17.950000762939453
624.57414441561025,17.149999618530273
624.78198987781877,8.6499996185302734
624.989829214551,8.1000003814697266
625.19766242309174,17.649999618530273
625.4054895007265,14.699999809265137
625.61331044474093,16
625.821125252421,22.399999618530273
626.02893392105273,14.5
626.23673644792234,12.5
626.44453283031714,15.75
626.65232306552389,11.850000381469727
626.86010715082978,16.600000381469727
627.06788508352247,17.100000381469727
627.27565686089008,15.350000381469727
627.48342248022,10.949999809265137
627.69118193880149,15
627.89893523392277,16.75
628.106682362873,12.300000190734863
628.31442332294114,13.949999809265137
628.52215811141718,16.299999237060547
628.72988672559063,18.649999618530273
628.93760916275153,13.5
629.14532542019049,14.649999618530273
629.35303549519779,20.549999237060547
629.560739385065,15.5
629.7684370870827,6.1999998092651367
629.97612859854269,14.449999809265137
630.18381391673654,26.649999618530273
630.3914930389567,17
630.59916596249525,20.25
630.80683268464463,24.200000762939453
631.01449320269808,16.399999618530273
631.2221475139487,10.699999809265137
631.42979561568984,25.299999237060547
631.6374375052153,15.100000381469727
631.84507317981922,16.700000762939453
632.05270263679574,19.899999618530273
632.26032587344,21.75
632.467942887046,28.200000762939453
632.67555367490957,22.100000381469727
632.88315823432583,18.850000381469727
633.09075656259074,20.649999618530273
633.298348657,25.200000762939453
633.50593451485042,17
633.71351413343825,26.399999618530273
633.92108751006037,16.850000381469727
634.12865464201423,21.700000762939453
634.33621552659679,26.399999618530273
634.54377016110618,22.299999237060547
634.75131854284029,21.350000381469727
634.95886066909725,23.5
635.16639653717607,22.5
635.37392614437488,23.549999237060547
635.58144948799372,22
635.78896656533163,16.5
635.996477373688,28.950000762939453
636.20398191036338,21.799999237060547
636.41148017265789,28.899999618530273
636.61897215787212,15.25
636.82645786330693,33.849998474121094
637.03393728626349,25.149999618530273
637.241410424043,24.049999237060547
637.44887727394769,34.299999237060547
637.65633783327928,29.399999618530273
637.86379209934023,32.099998474121094
638.071240069433,30.549999237060547
638.27868174086052,25.100000381469727
638.4861171109261,31.25
638.69354617693318,26.600000381469727
638.90096893618522,36.049999237060547
639.10838538598659,31.649999618530273
639.31579552364155,31.299999237060547
639.52319934645459,33.599998474121094
639.73059685173087,28.5
639.93798803677544,26.399999618530273
640.14537289889392,29.549999237060547
640.35275143539184,33.650001525878906
640.56012364357525,34.400001525878906
640.767489520751,30.450000762939453
640.97484906422551,29.850000381469727
641.18220227130541,32.150001525878906
641.38954913929808,36.299999237060547
641.59688966551153,41.950000762939453
641.80422384725307,31.899999618530273
642.011551681831,32.549999237060547
642.21887316655329,36.150001525878906
642.42618829872947,34.849998474121094
642.63349707566772,28.049999237060547
642.840799494678,45.700000762939453
643.04809555306917,36.5
643.2553852481517,34.299999237060547
643.4626685772356,37.5
643.66994553763107,34.200000762939453
643.87721612664893,38.349998474121094
644.08448034160051,39.400001525878906
644.29173817979688,43.549999237060547
644.49898963854969,35.200000762939453
644.70623471517092,40.650001525878906
644.91347340697268,37.549999237060547
645.12070571126753,39.5
645.32793162536814,43.349998474121094
645.535151146588,43.849998474121094
645.74236427224,42.299999237060547
645.94957099963813,36.849998474121094
646.1567713260963,38.849998474121094
646.36396524892871,48.450000762939453
646.57115276544994,41.75
646.77833387297517,36.950000762939453
646.98550856881889,43.299999237060547
647.19267685029729,48.700000762939453
647.39983871472543,47.5
647.60699415941986,44.150001525878906
647.81414318169675,37.75
648.02128577887277,39.75
648.22842194826467,54.450000762939453
648.43555168719,46.150001525878906
648.64267499296625,47.25
648.84979186291082,52.349998474121094
649.05690229434254,49.799999237060547
649.264006284579,41.650001525878906
649.47110383093957,54.799999237060547
649.67819493074308,45.900001525878906
649.88527958130851,43.950000762939453
650.09235777995593,45
650.2994295240054,49.099998474121094
650.50649481077642,42.599998474121094
650.71355363758983,45.549999237060547
650.92060600176683,46.950000762939453
651.12765190062782,47.75
651.33469133149492,49.900001525878906
651.54172429168932,62.900001525878906
651.74875077853335,39.650001525878906
651.955770789349,54.299999237060547
652.16278432145907,55.25
652.36979137218634,56.299999237060547
652.57679193885429,55.549999237060547
652.78378601878592,65.4000015258789
652.99077360930573,56.450000762939453
653.19775470773709,56.549999237060547
653.404729311405,59.150001525878906
653.61169741763376,52.150001525878906
653.81865902374841,60.25
654.02561412707473,65.550003051757813
654.23256272493791,62.25
654.43950481466379,65.5999984741211
654.64644039357893,62.5
654.8533694590094,71
655.06029200828243,66.25
655.2672080387249,62.400001525878906
655.47411754766438,59.150001525878906
655.68102053242853,64.949996948242188
655.8879169903455,66
656.09480691874353,69.4000015258789
656.30169031495109,61.75
656.50856717629711,77.25
656.71543750011142,68.75
656.92230128372273,74.5999984741211
657.12915852446156,69.199996948242188
657.33600921965774,71.75
657.54285336664191,74.050003051757813
657.74969096274447,75.5999984741211
657.95652200529685,72.050003051757813
658.16334649163036,66.4000015258789
658.37016441907667,70.949996948242188
658.57697578496766,74.949996948242188
658.78378058663577,70.3499984741211
658.99057882141346,82.050003051757813
659.19737048663364,79.050003051757813
659.40415557962967,72.6500015258789
659.6109340977348,72.6500015258789
659.81770603828318,85.1500015258789
660.02447139860863,85
660.23123017604587,93.6500015258789
660.43798236792941,92.050003051757813
660.64472797159442,76.1500015258789
660.85146698437586,79.699996948242188
661.05819940361027,82.3499984741211
661.26492522663273,85.9000015258789
661.47164445078,91.949996948242188
661.6783570733885,92.050003051757813
661.88506309179513,84.699996948242188
662.09176250333724,90.949996948242188
662.298455305352,87.199996948242188
662.50514149517755,92.699996948242188
662.711821070152,88.3499984741211
662.91849402761363,79.6500015258789
663.12516036490115,87.699996948242188
663.33182007935363,89.699996948242188
663.5384731683107,86.550003051757813
663.74511962911163,88.6500015258789
663.95175945909682,90.5
664.15839265560624,89.699996948242188
664.3650192159804,87.050003051757813
664.57163913756062,95
664.77825241768778,92.800003051757813
664.98485905370376,91.6500015258789
665.19145904295,93.5999984741211
665.39805238276858,80.5
665.60463907050246,92.5999984741211
665.8112191034943,97.550003051757813
666.01779247908689,90.6500015258789
666.22435919462362,86.6500015258789
666.4309192474484,90.449996948242188
666.63747263490541,91.4000015258789
666.84401935433846,99.6500015258789
667.050559403093,91.4000015258789
667.25709277851308,97.550003051757813
667.46361947794469,88.4000015258789
667.67013949873285,95.949996948242188
667.87665283822389,105.55000305175781
668.08315949376379,98.800003051757813
668.28965946269921,100.30000305175781
668.49615274237669,98.0999984741211
668.7026393301436,103.90000152587891
668.9091192233476,103.69999694824219
669.11559241933617,101.59999847412109
669.32205891545755,105.59999847412109
669.52851870906,96.8499984741211
669.73497179749234,105.19999694824219
669.9414181781035,103.80000305175781
670.14785784824289,102.55000305175781
670.35429080526046,115.30000305175781
670.5607170465056,104.05000305175781
670.76713656932907,105.94999694824219
670.97354937108128,109.90000152587891
671.17995544911344,105.75
671.38635480077608,104.90000152587891
671.59274742342166,104.65000152587891
671.7991333144015,109.30000305175781
672.005512471068,102.69999694824219
672.21188489077326,119.44999694824219
672.41825057087055,117.44999694824219
672.624609508713,120.19999694824219
672.83096170165391,116.80000305175781
673.0373071470467,116.94999694824219
673.24364584224645,116.05000305175781
673.44997778460652,111
673.65630297148209,121.59999847412109
673.86262140022825,116.65000152587891
674.06893306820018,118.69999694824219
674.27523797275364,112.30000305175781
674.48153611124485,120.30000305175781
674.6878274810299,125.19999694824219
674.89411207946534,114
675.10038990390819,123.30000305175781
675.3066609517158,126.55000305175781
675.51292522024573,130.5
675.71918270685558,123.05000305175781
675.92543340890415,131.30000305175781
676.13167732374973,127.09999847412109
676.337914448751,133.75
676.54414478126739,133.39999389648438
676.75036831865827,132
676.95658505828351,131.30000305175781
677.16279499750328,134.85000610351563
677.368998133678,131.05000305175781
677.57519446416859,133.25
677.781383986336,137.35000610351563
677.98756669754175,129.75
678.19374259514757,135.05000305175781
678.39991167651533,134.94999694824219
678.60607393900784,140.05000305175781
678.81222937998734,133.05000305175781
679.01837799681755,134.44999694824219
679.22451978686092,149.44999694824219
679.430654747482,133.10000610351563
679.63678287604432,140.10000610351563
679.84290416991212,143.60000610351563
680.04901862645056,146.80000305175781
680.255126243024,144.55000305175781
680.46122701699812,144.75
680.66732094573854,138.10000610351563
680.87340802661083,147
681.07948825698168,135.25
681.28556163421763,147.64999389648438
681.49162815568548,148.85000610351563
681.69768781875234,144.94999694824219
681.903740620786,149.35000610351563
682.10978655915437,146.19999694824219
682.31582563122549,144.75
682.521857834368,154.60000610351563
682.72788316595063,142.80000305175781
682.93390162334265,142.30000305175781
683.13991320391381,149.60000610351563
683.34591790503373,145.69999694824219
683.55191572407216,149.14999389648438
683.75790665840032,151.5
683.96389070538862,155.94999694824219
684.1698678624083,151.30000305175781
684.37583812683079,156.25
684.581801496028,147.85000610351563
684.7877579673717,156.25
684.993707538235,155.35000610351563
685.19965020598988,156.5
685.40558596801,154.75
685.61151482166849,155.35000610351563
685.81743676433916,160.19999694824219
686.02335179339639,150.35000610351563
686.22925990621422,163.89999389648438
686.43516110016776,153.60000610351563
686.64105537263151,156.44999694824219
686.84694272098147,162.14999389648438
687.05282314259284,155.25
687.25869663484207,163.69999694824219
687.46456319510548,160.80000305175781
687.67042282075943,161.85000610351563
687.87627550918148,155.5
688.08212125774878,169.10000610351563
688.28796006383868,160.35000610351563
688.49379192482968,159.14999389648438
688.69961683809993,162.39999389648438
688.90543480102815,161.19999694824219
689.1112458109933,165.05000305175781
689.31704986537488,163.60000610351563
689.52284696155255,160.89999389648438
689.72863709690614,166.10000610351563
689.93442026881633,163.5
690.1401964746633,163.94999694824219
690.34596571182828,157.35000610351563
690.55172797769262,165.14999389648438
690.757483269638,160.25
690.96323158504651,162.69999694824219
691.16897292130022,155.60000610351563
691.374707275782,171.89999389648438
691.58043464587467,167.69999694824219
691.78615502896173,174
691.99186842242671,156.05000305175781
692.19757482365367,162.85000610351563
692.403274230027,163.75
692.60896663893107,160.85000610351563
692.81465204775111,174.30000305175781
693.02033045387236,164.75
693.22600185468059,167.10000610351563
693.43166624756145,167.35000610351563
693.63732362990174,164.10000610351563
693.8429739990878,156.85000610351563
694.04861735250643,169.85000610351563
694.25425368754554,169.39999389648438
694.45988300159229,168.55000305175781
694.66550529203482,171.64999389648438
694.87112055626153,171.05000305175781
695.07672879166091,176.30000305175781
695.282329995622,172.60000610351563
695.48792416553431,171.75
695.69351129878737,170.5
695.8990913927712,175.64999389648438
696.104664444876,187.35000610351563
696.31023045249242,168.14999389648438
696.51578941301182,182.35000610351563
696.7213413238253,176.75
696.92688618232455,174.94999694824219
697.13242398590171,184
697.337954731949,179.60000610351563
697.54347841785875,173.94999694824219
697.74899504102473,185.94999694824219
697.95450459883989,180.5
698.16000708869808,177.69999694824219
698.365502507993,176.64999389648438
698.5709908541196,175.80000305175781
698.776472124472,168.80000305175781
698.98194631644537,187.60000610351563
699.18741342743567,180.60000610351563
699.39287345483774,178.39999389648438
699.59832639604838,188.35000610351563
699.80377224846382,180.75
700.00921100948062,182.94999694824219
700.21464267649583,185.10000610351563
700.42006724690691,184.14999389648438
700.62548471811192,182.80000305175781
700.83089508750845,201.35000610351563
701.03629835249535,180.80000305175781
701.24169451047146,183.89999389648438
701.44708355883552,190.64999389648438
701.652465494987,191.44999694824219
701.85784031632613,185.25
702.06320802025289,193.89999389648438
702.2685686041674,177
702.473922065471,187.05000305175781
702.67926840156451,186.25
702.88460760984947,191.69999694824219
703.08993968772756,189.75
703.29526463260163,183.19999694824219
703.50058244187346,189.30000305175781
703.70589311294623,188.14999389648438
703.91119664322309,191.44999694824219
704.11649303010768,186.5
704.32178227100394,196.55000305175781
704.527064363316,198.80000305175781
704.73233930444826,194.05000305175781
704.93760709180606,194.25
705.14286772279434,185.30000305175781
705.34812119481853,193.85000610351563
705.55336750528522,199.44999694824219
705.75860665160008,205.80000305175781
705.96383863117023,204.5
706.16906344140239,191.64999389648438
706.37428107970379,203.75
706.57949154348216,206.05000305175781
706.78469483014578,209.30000305175781
706.9898909371027,201.89999389648438
707.19507986176154,199
707.40026160153161,211
707.60543615382244,190.14999389648438
707.81060351604333,210.69999694824219
708.01576368560461,204.5
708.22091665991672,219.85000610351563
708.42606243639011,215.14999389648438
708.63120101243635,204.44999694824219
708.83633238546668,205.25
709.04145655289278,216.35000610351563
709.24657351212727,203.85000610351563
709.45168326058229,206.30000305175781
709.65678579567043,211
709.86188111480533,193.60000610351563
710.06696921540049,207.5
710.27205009486954,196.5
710.4771237506269,203.64999389648438
710.6821901800871,211.60000610351563
710.88724938066514,193.60000610351563
711.09230134977588,202.44999694824219
711.29734608483579,201.35000610351563
711.50238358326,209.75
711.70741384246526,199.94999694824219
711.91243685986819,201.89999389648438
712.11745263288549,192.30000305175781
712.322461158935,207.39999389648438
712.52746243543424,198.69999694824219
712.73245645980114,198.35000610351563
712.93744322945429,192.55000305175781
713.14242274181231,198.44999694824219
713.34739499429429,199.14999389648438
713.55235998432011,196.44999694824219
713.75731770930872,199.80000305175781
713.96226816668093,201.10000610351563
714.16721135385717,194.80000305175781
714.37214726825835,190.30000305175781
714.57707590730547,194.80000305175781
714.78199726842,196.80000305175781
714.9869113490239,205.10000610351563
715.19181814653962,194.39999389648438
715.39671765838978,203.60000610351563
715.60160988199755,206.5
715.8064948147852,183.75
716.0113724541776,191.55000305175781
716.216242797598,191.19999694824219
716.42110584247132,206.55000305175781
716.62596158622182,195.75
716.83081002627478,201.69999694824219
717.03565116005552,200.94999694824219
717.24048498498973,193.94999694824219
717.445311498504,199.39999389648438
717.6501306980241,203
717.85494258097754,201.35000610351563
718.059747144791,205.60000610351563
718.26454438689223,211.30000305175781
718.469334304709,188.19999694824219
718.67411689567,190.19999694824219
718.87889215720315,206.60000610351563
719.08366008673784,209.89999389648438
719.288420681703,199
719.4931739395289,199.60000610351563
719.69791985764493,203.30000305175781
719.90265843348186,197.64999389648438
720.10738966447013,215.64999389648438
720.31211354804122,204.30000305175781
720.51683008162581,194.10000610351563
720.72153926265651,201.19999694824219
720.926241088565,209.05000305175781
721.13093555678381,205.05000305175781
721.33562266474587,201.05000305175781
721.54030240988436,195.94999694824219
721.74497478963281,203
721.94963980142529,206.35000610351563
722.15429744269591,204.69999694824219
722.35894771087942,202.94999694824219
722.5635906034106,206
722.76822611772468,198.75
722.97285425125779,212.94999694824219
723.177475001446,195.35000610351563
723.38208836572517,199.55000305175781
723.58669434153262,204.60000610351563
723.79129292630523,198.64999389648438
723.99588411748027,195.35000610351563
724.200467912496,196.55000305175781
724.40504430879059,197.64999389648438
724.60961330380212,196.94999694824219
724.81417489497017,206.94999694824219
725.01872907973336,209.19999694824219
725.22327585553182,201.10000610351563
725.42781521980532,202.94999694824219
725.6323471699942,201.44999694824219
725.836871703539,204.05000305175781
726.04138881788128,208.5
726.24589851046221,210.75
726.45040077872341,204.60000610351563
726.65489562010714,214.5
726.8593830320558,200.89999389648438
727.06386301201269,206.85000610351563
727.26833555742041,207.05000305175781
727.472800665723,204.25
727.67725833436407,205.89999389648438
727.8817085607883,199.44999694824219
728.08615134244,198.94999694824219
728.29058667676441,209.44999694824219
728.49501456120686,203.44999694824219
728.69943499321323,213.5
728.90384797022921,207.10000610351563
729.10825348970161,199.44999694824219
729.31265154907737,205.35000610351563
729.51704214580343,200.69999694824219
729.72142527732728,200
729.92580094109712,194.80000305175781
730.13016913456113,201.60000610351563
730.33452985516783,203.85000610351563
730.53888310036643,210.64999389648438
730.743228867606,195
730.94756715433641,196.94999694824219
731.15189795800791,197.64999389648438
731.35622127607087,210.60000610351563
731.560537105976,197.69999694824219
731.76484544517461,196.35000610351563
731.969146291118,194.44999694824219
732.17343964125826,199.19999694824219
732.37772549304771,195.94999694824219
732.582003843939,189.85000610351563
732.78627469138507,193.14999389648438
732.99053803283925,190.75
733.19479386575517,193.14999389648438
733.39904218758727,186.44999694824219
733.60328299578953,196.55000305175781
733.80751628781741,192.5
734.01174206112535,193.44999694824219
734.21596031316949,190.64999389648438
734.42017104140541,180.30000305175781
734.62437424328937,179.35000610351563
734.82856991627864,181.19999694824219
735.03275805782937,182.85000610351563
735.23693866539941,185.55000305175781
735.44111173644649,180.30000305175781
735.64527726842857,170.85000610351563
735.84943525880453,176.5
736.05358570503245,173.14999389648438
736.25772860457243,176
736.46186395488337,174.39999389648438
736.6659917534256,169.10000610351563
736.87011199765914,179
737.074224685045,180.44999694824219
737.278329813044,173.80000305175781
737.48242737911778,182.39999389648438
737.68651738072788,177.85000610351563
737.8905998153366,172.39999389648438
738.09467468040646,167.60000610351563
738.29874197340018,169.94999694824219
738.50280169178131,170.05000305175781
738.70685383301327,171.64999389648438
738.91089839456015,161.5
739.11493537388617,169.5
739.31896476845623,164
739.52298657573544,171.69999694824219
739.727000793189,165.25
739.931007418283,157.85000610351563
740.13500644848375,159.64999389648438
740.33899788125768,172.25
740.54298171407174,162.25
740.746957944393,165.35000610351563
740.95092656968973,156.55000305175781
741.15488758742947,165.89999389648438
741.358840995081,168.25
741.56278679011291,162.89999389648438
741.76672496999458,156.89999389648438
741.97065553219556,164.44999694824219
742.1745784741853,165.64999389648438
742.37849379343447,162.75
742.582401487414,158.25
742.7863015535944,160.85000610351563
742.99019398944722,153.44999694824219
743.19407879244443,161.44999694824219
743.39795596005808,163.05000305175781
743.6018254897607,156.35000610351563
743.805687379025,155
744.00954162532435,156.94999694824219
744.21338822613268,163.44999694824219
744.41722717892344,152.5
744.62105848117153,148.39999389648438
744.8248821303514,151.94999694824219
745.02869812393851,153.19999694824219
745.23250645940811,150.75
745.4363071342359,147.80000305175781
745.64010014589849,158.60000610351563
745.84388549187236,143.30000305175781
746.04766316963446,150.10000610351563
746.25143317666232,147.75
746.45519551043355,147.44999694824219
746.658950168426,139.44999694824219
746.86269714811908,147.30000305175781
747.06643644699056,148.19999694824219
747.27016806252027,151.89999389648438
747.4738919921881,143.39999389648438
747.67760823347339,149.64999389648438
747.881316783857,145.85000610351563
748.08501764081939,143.75
748.288710801842,141.69999694824219
748.49239626440578,143.94999694824219
748.69607402599331,153.19999694824219
748.89974408408636,148.55000305175781
749.1034064361678,146.55000305175781
749.30706107972037,145.10000610351563
749.51070801222772,141.64999389648438
749.71434723117375,136
749.917978734042,150.30000305175781
750.12160251831756,139.94999694824219
750.325218581485,136.30000305175781
750.5288269210298,157.25
750.73242753443719,139.39999389648438
750.93602041919394,148.85000610351563
751.139605572786,147.44999694824219
751.34318299270012,143.44999694824219
751.54675267642347,133.89999389648438
751.75031462144352,137.69999694824219
751.95386882524849,139.55000305175781
752.15741528532635,148.69999694824219
752.3609539991661,135.75
752.56448496425639,136.80000305175781
752.768008178087,132.69999694824219
752.97152363814757,141.05000305175781
753.1750313419285,130.44999694824219
753.37853128692018,138.35000610351563
753.58202347061354,137.25
753.78550789049984,132.60000610351563
753.98898454407083,130.94999694824219
754.19245342881879,139.64999389648438
754.39591454223614,127.80000305175781
754.59936788181562,133.55000305175781
754.80281344505056,125.65000152587891
755.00625122943427,130.94999694824219
755.20968123246121,128.14999389648438
755.41310345162537,134.19999694824219
755.61651788442191,122.65000152587891
755.81992452834561,121.69999694824219
756.02332338089207,119.75
756.22671443955744,131.35000610351563
756.43009770183755,124.34999847412109
756.63347316522936,131.60000610351563
756.83684082722993,120.84999847412109
757.04020068533646,129.30000305175781
757.24355273704691,121.40000152587891
757.44689697985984,123.59999847412109
757.650233411273,131.75
757.85356202878609,123.55000305175781
