459.485050406383,17.200000762939453
459.69668394865238,10.899999618530273
459.90831334242165,0.89999997615814209
460.11993858482555,6.6999998092651367
460.33155967299865,8.8999996185302734
460.54317660407577,13.600000381469727
460.75478937519233,5.0999999046325684
460.96639798348309,1.7999999523162842
461.17800242608405,12.199999809265137
461.38960270013,7.0999999046325684
461.60119880275727,4.5999999046325684
461.81279073110096,18.700000762939453
462.02437848229732,13.199999809265137
462.23596205348275,6.9000000953674316
462.44754144179319,5.1999998092651367
462.659116644365,11.899999618530273
462.87068765833476,5.1999998092651367
463.08225448083942,18.799999237060547
463.29381710901544,7
463.50537554000005,12
463.71692977093039,-3.5
463.92847979894367,22.5
464.14002562117736,6.3000001907348633
464.35156723476905,16.5
464.56310463685628,2.5
464.77463782457744,11.199999809265137
464.9861667950704,8.6999998092651367
465.19769154547294,16.299999237060547
465.40921207292382,11.600000381469727
465.62072837456174,11.899999618530273
465.83224044752478,12.699999809265137
466.0437482889522,11.699999809265137
466.2552518959825,13.699999809265137
466.46675126575519,8.6000003814697266
466.67824639540947,7.5999999046325684
466.889737282085,2.7999999523162842
467.10122392292072,11.5
467.31270631505674,11.5
467.52418445563291,13.800000190734863
467.7356583417893,27.100000381469727
467.94712797066614,11.199999809265137
468.15859333940358,17
468.37005444514193,12.600000381469727
468.5815112850226,17.600000381469727
468.79296385618557,13.600000381469727
469.00441215577223,15.5
469.21585618092365,6.0999999046325684
469.427295928781,11.399999618530273
469.63873139648564,4.3000001907348633
469.85016258117929,16
470.06158948000348,17.899999618530273
470.27301209010056,-5.1999998092651367
470.48443040861218,19.899999618530273
470.6958444326807,7.5
470.9072541594482,27.600000381469727
471.11865958605762,13.300000190734863
471.33006070965121,5.9000000953674316
471.54145752737224,14.199999809265137
471.75285003636344,8.3000001907348633
471.96423823376784,11.199999809265137
472.17562211672896,15.899999618530273
472.38700168239041,14.199999809265137
472.5983769278954,13.100000381469727
472.80974785038774,13.399999618530273
473.02111444701166,10.800000190734863
473.23247671491117,21.799999237060547
473.44383465123042,21.399999618530273
473.65518825311392,12.600000381469727
473.86653751770609,12
474.07788244215192,2.9000000953674316
474.28922302359604,13.600000381469727
474.50055925918372,12.300000190734863
474.71189114605983,14.899999618530273
474.92321868137014,6
475.13454186225994,11.600000381469727
475.345860685875,6.1999998092651367
475.55717514936111,4.8000001907348633
475.76848524986434,5.3000001907348633
475.97979098453095,1.7000000476837158
476.19109235050712,13.699999809265137
476.40238934493948,16.100000381469727
476.61368196497449,15.5
476.82497020775912,-0.89999997615814209
477.03625407044041,15.100000381469727
477.24753355016543,23
477.45880864408156,4.9000000953674316
477.67007934933588,6.1999998092651367
477.8813456630769,4.6999998092651367
478.09260758245136,16.700000762939453
478.30386510460806,5.9000000953674316
478.51511822669448,7.4000000953674316
478.72636694585935,14.5
478.93761125925084,15.199999809265137
479.14885116401797,9.8999996185302734
479.3600866573093,18.100000381469727
479.57131773627356,12.800000190734863
479.78254439806005,8.1999998092651367
479.993766639818,-0.30000001192092896
480.20498445869697,10.399999618530273
480.41619785184639,10.600000381469727
480.62740681641628,13.399999618530273
480.83861134955612,13.5
481.04981144841668,8.6000003814697266
481.26100711014755,8.8999996185302734
481.47219833189945,11.699999809265137
481.68338511082322,10.5
481.89456744406925,13.600000381469727
482.1057453287886,9.8000001907348633
482.31691876213239,8.3999996185302734
482.52808774125191,11
482.73925226329879,14
482.95041232542394,2.2999999523162842
483.16156792477994,29.200000762939453
483.37271905851838,4.6999998092651367
483.5838657237914,13.100000381469727
483.79500791775109,10.899999618530273
484.00614563755016,23.100000381469727
484.217278880341,3.9000000953674316
484.42840764327667,17.200000762939453
484.63953192350994,16.100000381469727
484.85065171819389,22.799999237060547
485.06176702448187,18.899999618530273
485.27287783952733,11.399999618530273
485.48398416048394,10.800000190734863
485.69508598450534,3.5999999046325684
485.90618330874582,11.5
486.11727613035913,11
486.32836444649979,13.600000381469727
486.53944825432228,12.5
486.7505275509813,11.5
486.9616023336315,16.600000381469727
487.172672599428,19.5
487.38373834552596,23.5
487.59479956908069,19.399999618530273
487.80585626724775,6.9000000953674316
488.01690843718274,24.700000762939453
488.22795607604149,16.799999237060547
488.43899918097992,9.1999998092651367
488.65003774915488,6.6999998092651367
488.8610717777218,11.100000381469727
489.07210126383791,16.399999618530273
489.28312620465948,11.699999809265137
489.49414659734367,19.299999237060547
489.70516243904751,23.5
489.91617372692849,18.299999237060547
490.12718045814347,19.5
490.33818262985034,9.8000001907348633
490.54918023920686,31.5
490.7601732833711,16.899999618530273
490.97116175950089,17.600000381469727
491.18214566475473,17.200000762939453
491.39312499629074,21.600000381469727
491.60409975126794,26.799999237060547
491.81506992684513,28.200000762939453
492.02603552018132,30.299999237060547
492.23699652843533,20.200000762939453
492.44795294876673,19.899999618530273
492.65890477833494,24.799999237060547
492.86985201429974,35.200000762939453
493.0807946538211,19.600000381469727
493.29173269405891,29.399999618530273
493.50266613217343,31.399999618530273
493.71359496532506,36.5
493.9245191906744,32.5
494.135438805382,32
494.34635380660933,30.5
494.55726419151711,39
494.76816995726648,52.099998474121094
494.97907110101937,37.099998474121094
495.18996761993691,44.400001525878906
495.40085951118141,55.700000762939453
495.61174677191457,51.400001525878906
495.82262939929865,53.700000762939453
496.03350739049608,53.200000762939453
496.24438074266942,47
496.455249452981,68.5999984741211
496.66611351859439,61.400001525878906
496.87697293667219,65.0999984741211
497.08782770437779,67.0999984741211
497.29867781887464,85.5999984741211
497.50952327732654,75.199996948242188
497.720364076897,78.699996948242188
497.93120021475016,88.4000015258789
498.14203168805011,81.5999984741211
498.35285849396138,105
498.56368062964822,113
498.77449809227556,116.19999694824219
498.98531087900841,123.80000305175781
499.19611898701163,140.5
499.40692241345027,151.10000610351563
499.61772115549053,153
499.82851521029716,166.60000610351563
500.03930457503662,162.89999389648438
500.25008924687421,186
500.46086922297695,214.5
500.67164450051069,214.19999694824219
500.88241507664208,224.10000610351563
501.09318094853768,238.5
501.30394211336471,261
501.51469856829004,281.70001220703125
501.72545031048105,298.10000610351563
501.93619733710506,312.60000610351563
502.14693964533006,341.60000610351563
502.35767723232351,360.39999389648438
502.5684100952538,398.60000610351563
502.77913823128887,425.79998779296875
502.989861637597,430.29998779296875
503.2005803113471,499.29998779296875
503.41129424970768,511.79998779296875
503.62200344984791,563.5999755859375
503.83270790893647,578.5
504.0434076241433,631.0999755859375
504.25410259263765,685.29998779296875
504.464792811589,697.9000244140625
504.67547827816765,776.9000244140625
504.88615898954316,805.79998779296875
505.0968349428864,865.0999755859375
505.30750613536736,918.29998779296875
505.51817256415688,970.79998779296875
505.72883422642565,1049.4000244140625
505.93949111934472,1108.5
506.15014324008541,1183.800048828125
506.36079058581885,1244.5999755859375
506.5714331537169,1352.5999755859375
506.78207094095114,1395.800048828125
506.99270394469386,1487.0999755859375
507.20333216211668,1603.5
507.41395559039228,1682.5
507.62457422669331,1804.300048828125
507.835188068192,1857.0999755859375
508.04579711206168,2015
508.25640135547525,2118.5
508.46700079560605,2245.60009765625
508.67759542962762,2362.300048828125
508.88818525471356,2489.89990234375
509.09877026803775,2632.300048828125
509.30935046677416,2767.199951171875
509.51992584809739,2915.10009765625
509.73049640918146,3090.199951171875
509.94106214720097,3288.10009765625
510.151623059331,3490.699951171875
510.36217914274636,3670.699951171875
510.57273039462245,3804.699951171875
510.78327681213472,4067.89990234375
510.99381839245859,4251.2998046875
511.20435513276982,4477.60009765625
511.4148870302443,4734.7998046875
511.62541408205846,5055.10009765625
511.83593628538881,5292.10009765625
512.04645363741122,5635.39990234375
512.25696613530306,5987.10009765625
512.467473776241,6266.5
512.6779765574023,6674.10009765625
512.88847447596436,7000.7001953125
513.09896752910447,7473.89990234375
513.30945571400036,7847.5
513.51993902783045,8360.7001953125
513.7304174677721,8713.599609375
513.94089103100418,9406.099609375
514.151359714705,9891.2998046875
514.36182351605316,10414.2001953125
514.572282432228,11072.599609375
514.78273646040816,11635.2998046875
514.99318559777282,12381.7998046875
515.20362984150211,13163.2998046875
515.4140691887751,13944.400390625
515.62450363677181,14860.599609375
515.83493318267244,15650.2001953125
516.04535782365735,16716.5
516.255777556907,17603.69921875
516.46619237960181,18707.599609375
516.6766022889226,19826.099609375
516.88700728205106,21104.599609375
517.09740735616776,22294.69921875
517.30780250845453,23675.400390625
517.51819273609283,25152.19921875
517.72857803626471,26555.5
517.93895840615221,28232.69921875
518.14933384293749,29789.099609375
518.35970434380317,31319
518.57006990593186,32955.69921875
518.78043052650617,34869.80078125
518.99078620270939,36320.1015625
519.2011369317247,37894.8984375
519.41148271073587,39644.69921875
519.62182353692617,40856.3984375
519.83215940747948,42439.6015625
520.04249031958,43167.8984375
520.25281627041193,44478.3984375
520.46313725716,44859.19921875
520.67345327700855,45744.69921875
520.88376432714267,45736.6015625
521.0940704047473,45976.19921875
521.30437150700777,45614
521.51466763110943,45043.69921875
521.7249587742383,44776.5
521.93524493357961,43614
522.14552610632018,42487.30078125
522.35580228964591,41791.5
522.56607348074328,40167.69921875
522.77633967679913,38884.5
522.98660087500048,37490.8984375
523.19685707253393,35972.69921875
523.40710826658722,34612.3984375
523.61735445434772,33121.1015625
523.82759563300317,31672.30078125
524.03783179974153,30421.69921875
524.248062951751,28732.69921875
524.45828908621968,27524.19921875
524.6685102003363,26350.19921875
524.87872629128947,24849.80078125
525.08893735626839,23847
525.29914339246159,22699.5
525.50934439705918,21435.19921875
525.71954036725026,20590.69921875
525.92973130022506,19619.400390625
526.13991719317278,18596.19921875
526.35009804328433,17837.900390625
526.56027384774984,17018.80078125
526.77044460375964,16179.400390625
526.98061030850511,15463.2998046875
527.19077095917692,14953.7998046875
527.4009265529661,14282.599609375
527.61107708706436,13739.2998046875
527.82122255866341,13076.099609375
528.03136296495472,12660.7998046875
528.2414983031307,12132.7001953125
528.45162857038349,11694.099609375
528.66175376390561,11453
528.87187388088955,11150
529.08198891852828,10705.599609375
529.29209887401521,10452.2001953125
529.50220374454329,10155.099609375
529.71230352730629,9855.5
529.9223982194975,9485.900390625
530.13248781831112,9387.900390625
530.34257232094137,9076.5
530.55265172458269,8803.2998046875
530.7627260264295,8610.099609375
530.97279522367671,8337.7998046875
531.182859313519,8112.10009765625
531.39291829315175,7914.2998046875
531.60297215977016,7659.39990234375
531.81302091057034,7494
532.02306454274787,7359.7998046875
532.23310305349867,7017.89990234375
532.4431364400192,6843.60009765625
532.65316469950574,6626.2998046875
532.86318782915509,6492.60009765625
533.07320582616433,6257.10009765625
533.28321868773025,6124.7998046875
533.49322641105016,5874.2998046875
533.70322899332211,5740
533.91322643174317,5560.60009765625
534.12321872351174,5384.7998046875
534.33320586582568,5222
534.54318785588362,5022.89990234375
534.75316469088432,4860.10009765625
534.96313636802631,4709.60009765625
535.17310288450858,4510
535.38306423753056,4414.2998046875
535.59302042429169,4295.2001953125
535.80297144199153,4133.60009765625
536.01291728783031,4023.699951171875
536.22285795900768,3879
536.43279345272435,3777.300048828125
536.64272376618044,3632.10009765625
536.85264889657708,3541.89990234375
537.06256884111519,3424.60009765625
537.27248359699593,3319.5
537.48239316142053,3186.60009765625
537.69229753159084,3071.199951171875
537.90219670470856,2971.10009765625
538.112090677976,2941
538.32197944859479,2862.10009765625
538.53186301376832,2748.60009765625
538.74174137069849,2683.39990234375
538.95161451658885,2583.10009765625
539.16148244864223,2554.60009765625
539.371345164062,2399.10009765625
539.58120266005187,2377.300048828125
539.79105493381553,2301.800048828125
540.0009019825568,2248.39990234375
540.21074380348034,2179.10009765625
540.42058039379049,2133.5
540.63041175069179,2091.60009765625
540.84023787138926,2023
541.0500587530878,1992.699951171875
541.25987439299308,1916.0999755859375
541.46968478831047,1853.4000244140625
541.67948993624577,1811.5
541.88928983400479,1791.4000244140625
542.09908447879411,1725.5
542.30887386782,1734.4000244140625
542.5186579982892,1640.199951171875
542.7284368674085,1632.4000244140625
542.938210472385,1585.300048828125
543.1479788104258,1561.9000244140625
543.35774187873892,1519.4000244140625
543.567499674532,1499.0999755859375
543.77725219501235,1457.0999755859375
543.98699943738939,1412.699951171875
544.19674139887059,1378.0999755859375
544.40647807666539,1398.800048828125
544.61620946798166,1360.5999755859375
544.82593557002951,1332.9000244140625
545.0356563800176,1302.699951171875
545.24537189515593,1250.4000244140625
545.45508211265383,1260.199951171875
545.66478702972154,1229.0999755859375
545.87448664356964,1183.5999755859375
546.0841809514078,1173.699951171875
546.29386995044717,1180.5
546.50355363789879,1130.199951171875
546.71323201097334,1127.300048828125
546.92290506688266,1107.5999755859375
547.1325728028379,1077
547.342235216051,1048.9000244140625
547.55189230373423,1044.800048828125
547.76154406309934,1038.5999755859375
547.97119049135927,1042
548.18083158572654,1024.5999755859375
548.39046734341412,978.9000244140625
548.600097761635,955.9000244140625
548.80972283760252,970.29998779296875
549.01934256853087,962.9000244140625
549.22895695163311,945.20001220703125
549.43856598412367,903.79998779296875
549.64816966321678,886.5
549.85776798612721,899
550.06736095006931,880.9000244140625
550.27694855225832,868.20001220703125
550.48653078990935,839.20001220703125
550.69610766023777,849
550.90567916045939,827.9000244140625
551.11524528778989,835.0999755859375
551.32480603944543,816.0999755859375
551.53436141264262,780.5
551.74391140459784,771.5999755859375
551.95345601252757,782.79998779296875
552.16299523364955,789.29998779296875
552.3725290651804,735
552.58205750433774,766.4000244140625
552.79158054833965,746.29998779296875
553.00109819440377,743.29998779296875
553.21061043974828,748.0999755859375
553.42011728159173,746.29998779296875
553.62961871715265,724.29998779296875
553.83911474365016,733.4000244140625
554.04860535830312,696.5
554.25809055833076,717.0999755859375
554.467570340953,702.9000244140625
554.67704470338924,686.9000244140625
554.88651364285988,690.5999755859375
555.095977156585,659.20001220703125
555.30543524178483,679.0999755859375
555.51488789568077,650.20001220703125
555.72433511549343,642.0999755859375
555.93377689844385,641.29998779296875
556.14321324175364,643.9000244140625
556.35264414264441,647
556.562069598338,623.0999755859375
556.77148960605666,620.20001220703125
556.98090416302284,641.5999755859375
557.19031326645893,616.70001220703125
557.39971691358755,618.70001220703125
557.60911510163237,598.29998779296875
557.81850782781623,595.70001220703125
558.0278950893628,606.9000244140625
558.237276883496,602
558.44665320743945,596.5999755859375
558.65602405841787,604.70001220703125
558.86538943365542,604.5
559.07474933037679,600.5999755859375
559.2841037458071,589.0999755859375
559.49345267717149,579.70001220703125
559.70279612169531,569.0999755859375
559.91213407660427,556.9000244140625
560.1214665391243,573.0999755859375
560.33079350648131,546.5
560.540114975902,568.0999755859375
560.74943094461287,554.4000244140625
560.95874140984074,565.4000244140625
561.16804636881238,549.79998779296875
561.37734581875543,546.5999755859375
561.58663975689751,549.5999755859375
561.79592818046638,527.5999755859375
562.00521108668988,557.70001220703125
562.21448847279646,546.79998779296875
562.42376033601442,541.5
562.63302667357277,533.0999755859375
562.84228748270027,542.9000244140625
563.05154276062649,525.0999755859375
563.26079250458054,517.20001220703125
563.47003671179209,516.5
563.67927537949117,516.0999755859375
563.88850850490837,525
564.0977360852736,522.29998779296875
564.30695811781766,504.10000610351563
564.51617459977138,495.39999389648438
564.72538552836625,494.20001220703125
564.9345909008332,526.20001220703125
565.14379071440419,497.20001220703125
565.352984966311,512.5
565.56217365378563,505.60000610351563
565.77135677406056,493.89999389648438
565.98053432436848,492.5
566.1897063019419,487.89999389648438
566.398872704014,481.89999389648438
566.60803352781829,488.29998779296875
566.81718877058825,494.89999389648438
567.02633842955765,472.79998779296875
567.2354825019604,480.10000610351563
567.44462098503129,469
567.65375387600409,478.10000610351563
567.862881172114,484.89999389648438
568.07200287059641,468.29998779296875
568.281118968686,472.79998779296875
568.49022946361833,455.89999389648438
568.69933435262942,442.60000610351563
568.90843363295517,457.10000610351563
569.11752730183161,466.70001220703125
569.32661535649561,458.5
569.53569779418365,466.5
569.7447746121328,471.70001220703125
569.95384580758014,457.79998779296875
570.16291137776307,462.29998779296875
570.37197131991979,445.60000610351563
570.58102563128784,458.89999389648438
570.79007430910542,440.5
570.99911735061107,447.79998779296875
571.20815475304369,434.20001220703125
571.41718651364181,440.39999389648438
571.6262126296449,450.5
571.83523309829229,448.5
572.04424791682379,435.39999389648438
572.253257082479,435.10000610351563
572.46226059249864,434.39999389648438
572.67125844412271,418.39999389648438
572.880250634592,460.89999389648438
573.08923716114759,432.79998779296875
573.29821802103015,436.10000610351563
573.50719321148176,428.39999389648438
573.71616272974359,420.10000610351563
573.9251265730577,425.89999389648438
574.1340847386665,427
574.34303722381219,421.29998779296875
574.551984025737,406.70001220703125
574.76092514168465,426.79998779296875
574.96986056889784,427.79998779296875
575.17879030461984,415.70001220703125
575.38771434609487,425.70001220703125
575.59663269056637,422
575.80554533527857,411.79998779296875
576.01445227747593,415.20001220703125
576.22335351440313,407.79998779296875
576.43224904330509,415.70001220703125
576.64113886142718,417.20001220703125
576.85002296601431,409.5
577.0589013543123,395.29998779296875
577.26777402356754,429.20001220703125
577.47664097102563,399.60000610351563
577.6855021939333,388.5
577.89435768953717,398.89999389648438
578.10320745508409,408.70001220703125
578.31205148782112,408.89999389648438
578.520889784996,414
578.72972234385634,410.39999389648438
578.93854916165,401.10000610351563
579.147370235625,398.5
579.35618556303,416.89999389648438
579.56499514111385,388.10000610351563
579.773798967125,391.10000610351563
579.98259703831309,398.5
580.19138935192746,388
580.40017590521779,391.60000610351563
580.608956695434,380
580.81773171982661,400.70001220703125
581.02650097564572,394.60000610351563
581.235264460142,385.10000610351563
581.44402217056711,388.89999389648438
581.65277410417139,377.39999389648438
581.861520258207,399.89999389648438
582.07026062992531,389.29998779296875
582.27899521657855,395.79998779296875
582.487724015419,390.39999389648438
582.696447023699,385.89999389648438
582.90516423867143,389
583.11387565758935,395
583.32258127770615,386.60000610351563
583.531281096275,395.39999389648438
583.73997511055029,380
583.94866331778542,382.39999389648438
584.15734571523512,366.39999389648438
584.36602230015421,358.5
584.57469306979692,375.29998779296875
584.78335802141862,373.5
584.99201715227468,367.10000610351563
585.20067045962082,379.79998779296875
585.40931794071275,368.89999389648438
585.61795959280664,363.29998779296875
585.82659541315888,374.5
586.0352253990261,362
586.24384954766515,374.60000610351563
586.45246785633344,362.29998779296875
586.66108032228806,365.70001220703125
586.86968694278721,359.89999389648438
587.078287715088,352.70001220703125
587.28688263644949,358.29998779296875
587.49547170412961,356.39999389648438
587.70405491538725,366.20001220703125
587.9126322674814,364.70001220703125
588.12120375767131,374.70001220703125
588.32976938321667,352.29998779296875
588.53832914137683,361.20001220703125
588.74688302941217,339
588.955431044583,343.39999389648438
589.16397318414954,338.70001220703125
589.372509445373,362
589.58103982551393,366.70001220703125
589.78956432183429,350.10000610351563
589.99808293159538,362.89999389648438
590.20659565205915,348.89999389648438
590.41510248048769,346.29998779296875
590.62360341414319,354.10000610351563
590.83209845028875,369.60000610351563
591.040587586187,339.60000610351563
591.24907081910112,336.79998779296875
591.45754814629436,334.89999389648438
591.66601956503109,346.39999389648438
591.87448507257477,341.89999389648438
592.08294466618963,336.60000610351563
592.29139834314014,348
592.49984610069146,332.39999389648438
592.70828793610849,332.5
592.91672384665617,356.89999389648438
593.12515382960032,350
593.33357788220667,333.5
593.54199600174172,338.5
593.75040818547131,340
593.95881443066241,338.39999389648438
594.16721473458165,334.79998779296875
594.37560909449644,326
594.5839975076741,316.10000610351563
594.79237997138227,325.20001220703125
595.000756482889,340.39999389648438
595.20912703946237,343.20001220703125
595.41749163837085,337.39999389648438
595.62585027688351,324.89999389648438
595.83420295226938,333.70001220703125
596.04254966179735,339.20001220703125
596.25089040273713,327.5
596.45922517235863,338
596.66755396793212,344.5
596.87587678672776,316.5
597.08419362601614,341
597.29250448306846,325.89999389648438
597.50080935515541,319
597.709108239549,326.29998779296875
597.91740113352057,321.89999389648438
598.125688034342,324.89999389648438
598.333968939286,324.39999389648438
598.54224384562474,316.39999389648438
598.75051275063117,327.29998779296875
598.95877565157821,327.70001220703125
599.16703254573918,314.29998779296875
599.375283430388,331.5
599.58352830279819,316.60000610351563
599.79176716024392,323.39999389648438
600,326.39999389648438
600.20822681934078,314.10000610351563
600.41644761554119,322.60000610351563
600.62466238587672,315.5
600.83287112762252,317.79998779296875
601.04107383805467,315.79998779296875
601.24927051444922,314
601.457461154082,321.10000610351563
601.66564575423024,331.39999389648438
601.87382431217054,324.70001220703125
602.08199682518011,299.20001220703125
602.290163290536,312.89999389648438
602.49832370551667,304.39999389648438
602.7064780673993,307
602.91462637346251,323.70001220703125
603.12276862098486,318.29998779296875
603.33090480724479,319.20001220703125
603.53903492952168,306.89999389648438
603.74715898509464,293
603.95527697124351,316.60000610351563
604.16338888524785,303
604.371494724388,320.10000610351563
604.57959448594443,307.39999389648438
604.787688167198,293.60000610351563
604.99577576542913,308.5
605.20385727791972,312.29998779296875
605.41193270195083,295.10000610351563
605.62000203480443,311.29998779296875
605.82806527376283,309.10000610351563
606.03612241610824,278.29998779296875
606.24417345912286,319
606.45221840009015,299.89999389648438
606.66025723629321,287.89999389648438
606.86828996501526,323.70001220703125
607.07631658354023,310.70001220703125
607.28433708915213,302.89999389648438
607.49235147913532,304.60000610351563
607.700359750774,299.39999389648438
607.90836190135371,292.20001220703125
608.116357928159,293.5
608.32434782847542,295.89999389648438
608.5323315995887,300.29998779296875
608.740309238785,306.39999389648438
608.94828074335021,302.5
609.156246110571,299.5
609.36420533773412,294.79998779296875
609.57215842212679,293.89999389648438
609.78010536103636,307.89999389648438
609.98804615175038,306.20001220703125
610.19598079155674,295.89999389648438
610.40390927774376,288.39999389648438
610.6118316076,301
610.8197477784139,294.60000610351563
611.02765778747482,291.89999389648438
611.235561632072,303.5
611.44345930949476,288.60000610351563
611.65135081703318,301.79998779296875
611.8592361519776,271.79998779296875
612.06711531161841,299.5
612.27498829324622,288.29998779296875
612.48285509415189,285.89999389648438
612.69071571162726,290.39999389648438
612.89857014296331,285.79998779296875
613.10641838545212,308.79998779296875
613.31426043638578,294.79998779296875
613.522096293057,293.60000610351563
613.72992595275809,298.39999389648438
613.93774941278218,281.10000610351563
614.1455666704228,277.29998779296875
614.353377722973,286.29998779296875
614.5611825677272,282.60000610351563
614.76898120197893,270.39999389648438
614.976773623023,285
615.184559828154,279.70001220703125
615.3923398146668,277.20001220703125
615.60011357985672,270.60000610351563
615.80788112101936,291.70001220703125
616.01564243545033,276
616.22339752044627,270
616.431146373303,276.10000610351563
616.63888899131757,265.70001220703125
616.84662537178656,273.60000610351563
617.05435551200765,290.10000610351563
617.26207940927816,282.89999389648438
617.469797060896,262.39999389648438
617.67750846415913,284.60000610351563
617.88521361636617,295.70001220703125
618.09291251481545,283.89999389648438
618.30060515680634,274.39999389648438
618.50829153963787,263.39999389648438
618.71597166060985,260.89999389648438
618.92364551702167,263.39999389648438
619.13131310617382,267.70001220703125
619.33897442536636,270.5
619.54662947190025,274.29998779296875
619.75427824307667,274.29998779296875
619.96192073619636,263.20001220703125
620.16955694856142,262.20001220703125
620.37718687747326,264.39999389648438
620.5848105202341,271.5
620.79242787414648,285.29998779296875
621.00003893651319,266.5
621.20764370463712,259.20001220703125
621.41524217582139,261.5
621.62283434736992,261.70001220703125
621.83042021658639,255.69999694824219
622.03799978077518,266.60000610351563
622.24557303724009,260.79998779296875
622.45313998328675,261.70001220703125
622.6607006162194,263.5
622.868254933344,257.79998779296875
623.07580293196577,248.10000610351563
623.28334460939072,266.79998779296875
623.49087996292508,262
623.69840898987525,255.60000610351563
623.90593168754788,262.70001220703125
624.11344805325052,265.39999389648438
624.32095808428994,252.39999389648438
624.52846177797414,250.5
624.73595913161114,247.30000305175781
624.943450142509,256.79998779296875
625.15093480797634,256.5
625.3584131253217,243.5
625.56588509185462,254.89999389648438
625.773350704884,250.89999389648438
625.98080996172,234.30000305175781
626.1882628596727,246.60000610351563
626.39570939605176,259.20001220703125
626.60314956816831,250.19999694824219
626.81058337333309,238.10000610351563
627.018010808857,258.10000610351563
627.22543187205179,249.30000305175781
627.43284656022911,247.30000305175781
627.64025487070126,248.10000610351563
627.84765680078021,246.30000305175781
628.05505234777866,232.89999389648438
628.26244150900993,239.5
628.46982428178671,242.30000305175781
628.677200663423,237.10000610351563
628.88457065123214,236.5
629.09193424252874,246.69999694824219
629.29929143462687,237.80000305175781
629.50664222484136,242.69999694824219
629.71398661048715,227.80000305175781
629.92132458887966,215.60000610351563
630.12865615733426,237.39999389648438
630.33598131316728,237.60000610351563
630.54330005369422,211.10000610351563
630.75061237623231,226.10000610351563
630.95791827809785,253.89999389648438
631.16521775660817,238.30000305175781
631.3725108090805,241.10000610351563
631.57979743283261,234.10000610351563
631.78707762518241,249.10000610351563
631.99435138344813,222.80000305175781
632.2016187049486,236.69999694824219
632.40887958700216,230.80000305175781
632.61613402692853,238.60000610351563
632.823382022047,224.30000305175781
633.03062356967735,231.80000305175781
633.23785866713945,226
633.44508731175381,229.69999694824219
633.6523095008414,228.19999694824219
633.8595252317225,234.89999389648438
634.06673450171888,230.5
634.27393730815209,214.19999694824219
634.48113364834376,220.69999694824219
634.68832351961646,227.89999389648438
634.89550691929185,220.39999389648438
635.10268384469384,229.39999389648438
635.30985429314444,230.30000305175781
635.51701826196756,225.30000305175781
635.7241757484868,220
635.93132675002607,221.89999389648438
636.13847126390976,218.30000305175781
636.34560928746214,229.30000305175781
636.55274081800849,214.60000610351563
636.75986585287376,215.89999389648438
636.96698438938347,226.19999694824219
637.17409642486325,225.5
637.38120195663942,220.30000305175781
637.58830098203839,223.89999389648438
637.7953934983866,212.69999694824219
638.00247950301116,215.39999389648438
638.20955899323951,212.10000610351563
638.416631966399,214.10000610351563
638.62369841981774,203.39999389648438
638.83075835082366,219.69999694824219
639.03781175674578,210.5
639.24485863491259,216.60000610351563
639.45189898265312,203.5
639.65893279729664,213.89999389648438
639.86596007617345,221.80000305175781
640.07298081661315,206.39999389648438
640.27999501594627,226.5
640.48700267150332,213.19999694824219
640.6940037806155,211.89999389648438
640.90099834061357,206.19999694824219
641.10798634882951,213.10000610351563
641.314967802595,222.5
641.52194269924235,215.69999694824219
641.72891103610414,205.30000305175781
641.93587281051271,201.10000610351563
642.14282801980164,209
642.34977666130408,213.5
642.55671873235349,201.60000610351563
642.76365423028449,184
642.97058315243089,209.30000305175781
643.17750549612754,186.80000305175781
643.38442125870938,199.69999694824219
643.59133043751149,207
643.79823302986961,211.89999389648438
644.00512903311949,182.60000610351563
644.21201844459733,188.19999694824219
644.41890126163935,209.19999694824219
644.62577748158276,204.39999389648438
644.83264710176456,187.10000610351563
645.03951011952211,206.69999694824219
645.24636653219284,188.39999389648438
645.453216337115,213.30000305175781
645.660059531627,201.5
645.86689611306747,200.10000610351563
646.073726078775,185.5
646.28054942608924,197.5
646.48736615234964,187.19999694824219
646.69417625489609,190.60000610351563
646.90097973106856,207.30000305175781
647.107776578208,189.19999694824219
647.314566793655,196.10000610351563
647.52135037475057,203.89999389648438
647.72812731883607,191.19999694824219
647.93489762325351,187.60000610351563
648.14166128534475,191
648.34841830245227,189.10000610351563
648.55516867191864,209.80000305175781
648.76191239108675,200.80000305175781
648.96864945730033,197.39999389648438
649.17537986790251,186.39999389648438
649.38210362023767,204.19999694824219
649.58882071164965,189.89999389648438
649.79553113948316,187.19999694824219
650.00223490108294,191.89999389648438
650.20893199379429,178.80000305175781
650.41562241496285,179.80000305175781
650.62230616193426,189.69999694824219
650.8289832320545,191.39999389648438
651.03565362267022,183.39999389648438
651.24231733112811,192.80000305175781
651.448974354775,186
651.65562469095869,180.60000610351563
651.86226833702676,197.19999694824219
652.06890529032694,183.60000610351563
652.27553554820759,184.69999694824219
652.48215910801753,174
652.68877596710581,180.89999389648438
652.89538612282138,193.30000305175781
653.10198957251373,190
653.3085863135334,177.30000305175781
653.51517634322977,201.10000610351563
653.72175965895394,183.39999389648438
653.92833625805667,191.80000305175781
654.134906137889,186.30000305175781
654.3414692958022,185.60000610351563
654.54802572914843,188.39999389648438
654.75457543528,168.10000610351563
654.96111841154834,184.89999389648438
655.16765465530739,195.60000610351563
655.3741841639096,175.89999389648438
655.58070693470813,176.69999694824219
655.78722296505714,185.60000610351563
655.99373225231056,189.30000305175781
656.20023479382246,174.10000610351563
656.40673058694779,175.69999694824219
656.61321962904128,178.30000305175781
656.81970191745825,175.19999694824219
657.02617744955455,187.39999389648438
657.23264622268562,177.30000305175781
657.43910823420811,181.69999694824219
657.64556348147858,185.19999694824219
657.8520119618538,168.60000610351563
658.058453672691,194.30000305175781
658.26488861134737,173.30000305175781
658.47131677518121,191.69999694824219
658.67773816155068,180.60000610351563
658.88415276781393,186.60000610351563
659.09056059133,171.10000610351563
659.29696162945788,177.39999389648438
659.50335587955715,174.39999389648438
659.70974333898744,171.19999694824219
659.91612400510883,170.10000610351563
660.12249787528185,175.69999694824219
660.32886494686716,186.19999694824219
660.53522521722573,177.69999694824219
660.741578683719,153.10000610351563
660.94792534370856,164.39999389648438
661.15426519455661,159.89999389648438
661.36059823362541,171.60000610351563
661.56692445827741,163.30000305175781
661.773243865876,179.89999389648438
661.97955645378408,174
662.18586221936573,170.30000305175781
662.39216115998443,173.89999389648438
662.59845327300468,169.30000305175781
662.804738555791,171.80000305175781
663.01101700570837,168.19999694824219
663.217288620122,168.39999389648438
663.42355339639732,168.60000610351563
663.62981133190056,171.80000305175781
663.83606242399776,176.19999694824219
664.04230667005515,167.19999694824219
664.24854406744009,166.39999389648438
664.45477461351948,169.19999694824219
664.660998305661,158.69999694824219
664.86721514123212,155.5
665.07342511760157,158.19999694824219
665.27962823213738,163.5
665.48582448220861,170.39999389648438
665.69201386518432,170.39999389648438
665.89819637843391,167.89999389648438
666.104372019327,167.39999389648438
666.31054078523414,163.80000305175781
666.51670267352563,162.80000305175781
666.722857681572,182.69999694824219
666.9290058067445,173.10000610351563
667.13514704641466,158
667.34128139795428,156.10000610351563
667.54740885873525,164.69999694824219
667.7535294261296,159.60000610351563
667.959643097511,162.5
668.16574987025183,172.19999694824219
668.37184974172533,170.89999389648438
668.57794270930606,159.60000610351563
668.78402877036706,175.89999389648438
668.99010792228341,158.5
669.19618016242953,152.39999389648438
669.40224548818026,159
669.60830389691148,157.5
669.81435538599851,159.89999389648438
670.02039995281746,174.89999389648438
670.22643759474465,147.60000610351563
670.43246830915655,161.5
670.63849209343039,169.30000305175781
670.84450894494364,163.30000305175781
671.05051886107378,161.5
671.25652183919885,158
671.462517876697,170.89999389648438
671.66850697094719,152.5
671.87448911932813,165.30000305175781
672.08046431921935,145.30000305175781
672.28643256800024,160.60000610351563
672.49239386305123,154.89999389648438
672.698348201752,149.30000305175781
672.90429558148389,161.39999389648438
673.11023599962732,147.5
673.3161694535637,152.10000610351563
673.522095940675,153.19999694824219
673.72801545834272,165.39999389648438
673.93392800394952,157.60000610351563
674.13983357487791,156.10000610351563
674.34573216851072,150.89999389648438
674.55162378223133,155.89999389648438
674.75750841342347,146.19999694824219
674.96338605947142,151.19999694824219
675.16925671775869,166.39999389648438
675.37512038567024,139.30000305175781
675.58097706059141,160.80000305175781
675.786826739907,149.30000305175781
675.992669421003,150.5
676.19850510126514,148.69999694824219
676.40433377807972,150.69999694824219
676.61015544883355,155.69999694824219
676.81597011091355,150.10000610351563
677.021777761707,144.5
677.22757839860151,151.80000305175781
677.433372018985,164.39999389648438
677.63915862024589,164.19999694824219
677.84493819977274,158
678.05071075495459,155.30000305175781
678.256476283181,157.10000610351563
678.462234781841,155.80000305175781
678.667986248325,167.69999694824219
678.87373068002341,149.80000305175781
679.07946807432643,151.10000610351563
679.28519842862579,156.10000610351563
679.490921740312,156.5
679.69663800677722,155.5
679.90234722541368,151.30000305175781
680.1080493936131,138.10000610351563
680.31374450876876,167.80000305175781
680.519432568273,146.80000305175781
680.72511356951986,145
680.93078750990264,151.19999694824219
681.13645438681544,145
681.34211419765279,144.80000305175781
681.54776693980943,154.89999389648438
681.7534126106799,146.10000610351563
681.95905120766008,142.19999694824219
682.16468272814564,150
682.37030716953257,147
682.575924529217,149.69999694824219
682.78153480459628,147.39999389648438
682.98713799306688,156.60000610351563
683.19273409202674,150
683.39832309887311,145.60000610351563
683.60390501100471,145.80000305175781
683.80947982581938,152.30000305175781
684.01504754071607,132.39999389648438
684.22060815309408,138.89999389648438
684.42616166035293,138.80000305175781
684.631708059892,145.39999389648438
684.83724734911175,128.10000610351563
685.04277952541293,143.10000610351563
685.24830458619567,135.5
685.45382252886168,151.69999694824219
685.65933335081252,137.39999389648438
685.86483704944953,141.39999389648438
686.07033362217521,150.5
686.27582306639215,133
686.48130537950328,146.5
686.68678055891166,156.60000610351563
686.89224860202091,151
687.09770950623476,148.69999694824219
687.30316326895763,140
687.50860988759416,141.69999694824219
687.71404935954945,136.19999694824219
687.91948168222837,138
688.12490685303669,152.5
688.33032486938043,137.10000610351563
688.53573572866594,132
688.74113942829979,139.10000610351563
688.946535965689,149.60000610351563
689.151925338241,134
689.35730754336328,151
689.56268257846386,126
689.76805044095147,145.10000610351563
689.97341112823426,135.80000305175781
690.17876463772188,148.69999694824219
690.3841109668233,148.30000305175781
690.58945011294873,133.69999694824219
690.7947820735078,147.39999389648438
691.0001068459112,144.60000610351563
691.20542442756948,154.80000305175781
691.41073481589433,141.30000305175781
691.61603800829664,139.80000305175781
691.82133400218856,135.39999389648438
692.02662279498236,139.80000305175781
692.23190438409006,140.10000610351563
692.43717876692506,147.5
692.6424459409003,133.69999694824219
692.84770590342941,146
693.05295865192647,127
693.25820418380533,145.5
693.46344249648109,148.5
693.6686735873684,139.30000305175781
693.87389745388259,148.5
694.07911409343944,143.19999694824219
694.284323503455,146.60000610351563
694.4895256813453,132.89999389648438
694.69472062452724,145.19999694824219
694.89990833041793,126.19999694824219
695.10508879643442,138.10000610351563
695.31026201999487,137.39999389648438
695.51542799851745,143.10000610351563
695.72058672942035,152.19999694824219
695.92573821012218,133.30000305175781
696.13088243804225,139
696.33601941060022,125.80000305175781
696.54114912521584,137.89999389648438
696.74627157930922,138.89999389648438
696.95138677030093,138.89999389648438
697.15649469561185,136.69999694824219
697.36159535266336,134.69999694824219
697.56668873887691,148.30000305175781
697.77177485167431,140.60000610351563
697.9768536884784,139
698.1819252467111,131.89999389648438
698.38698952379616,128.89999389648438
698.59204651715618,133.30000305175781
698.79709622421535,144.89999389648438
699.00213864239765,136.89999389648438
699.20717376912751,122
699.41220160182934,130.19999694824219
699.61722213792882,147.60000610351563
699.82223537485106,130.69999694824219
700.027241310022,132.80000305175781
700.23223994086766,119.59999847412109
700.43723126481461,144.69999694824219
700.64221527928987,130.30000305175781
700.84719198172058,147.30000305175781
701.05216136953425,135.30000305175781
701.25712344015881,137.60000610351563
701.4620781910229,135.10000610351563
701.66702561955458,131.60000610351563
701.87196572318328,141.89999389648438
702.07689849933831,132.10000610351563
702.28182394544933,132.19999694824219
702.48674205894633,122.90000152587891
702.69165283725954,134.30000305175781
702.89655627782042,122.59999847412109
703.10145237805932,137.80000305175781
703.30634113540827,133
703.51122254729853,129.10000610351563
703.71609661116293,138
703.92096332443384,129.19999694824219
704.12582268454389,130.10000610351563
704.33067468892648,130.80000305175781
704.53551933501547,138.19999694824219
704.74035662024448,131.30000305175781
704.94518654204808,132.80000305175781
705.15000909786079,135.30000305175781
705.35482428511773,136.30000305175781
705.55963210125435,139.19999694824219
705.76443254370622,131.39999389648438
705.96922560990981,120
706.17401129730138,127.69999694824219
706.37878960331773,121
706.583560525396,140.30000305175781
706.78832406097388,140
706.99308020748924,130.30000305175781
707.19782896238019,129.19999694824219
707.4025703230858,141.10000610351563
707.60730428704437,125.09999847412109
707.81203085169579,133
708.01675001447961,113.30000305175781
708.22146177283571,134.89999389648438
708.426166124205,142.89999389648438
708.6308630660277,121.90000152587891
708.835552595745,137.80000305175781
709.0402347107987,146.10000610351563
709.24490940863041,129.39999389648438
709.44957668668246,144.30000305175781
709.65423654239748,137.69999694824219
709.85888897321843,142.5
710.06353397658825,127
710.26817154995092,130.69999694824219
710.47280169075043,142.39999389648438
710.67742439643109,121.5
710.88203966443757,137.69999694824219
711.08664749221532,141
711.29124787720934,125.40000152587891
711.49584081686578,139.5
711.70042630863077,137.19999694824219
711.90500434995056,131.5
712.10957493827266,131.10000610351563
712.31413807104366,135
712.51869374571174,129
712.72324195972442,145.30000305175781
712.92778271053055,143.10000610351563
713.13231599557832,136.30000305175781
713.33684181231729,127
713.54136015819677,141
713.74587103066642,122.5
713.9503744271766,133.5
714.15487034517764,123
714.35935878212069,136.60000610351563
714.5638397354569,126.09999847412109
714.768313202638,134.10000610351563
714.97277918111558,140.10000610351563
715.1772376683424,141.69999694824219
715.38168866177114,128.89999389648438
715.58613215885487,138.30000305175781
715.79056815704689,125
715.99499665380119,137.10000610351563
716.1994176465721,133.60000610351563
716.40383113281382,142.60000610351563
716.60823710998113,119.80000305175781
716.81263557553007,138.19999694824219
717.01702652691529,145.69999694824219
717.22140996159374,132
717.4257858770211,131.10000610351563
717.63015427065443,138.60000610351563
717.83451513995089,134.39999389648438
718.03886848236777,137.39999389648438
718.243214295363,138.80000305175781
718.44755257639508,122.59999847412109
718.651883322922,138.80000305175781
718.85620653240278,126
719.06052220229742,144.19999694824219
719.2648303300648,143.10000610351563
719.46913091316537,125.09999847412109
719.67342394905972,122.69999694824219
719.87770943520809,138.60000610351563
720.081987369072,140.69999694824219
720.28625774811292,135.19999694824219
720.49052056979258,134.5
720.69477583157368,127.40000152587891
720.89902353091816,132.19999694824219
721.10326366528966,129.80000305175781
721.30749623215127,118
721.51172122896639,134.39999389648438
721.7159386531996,129.19999694824219
721.92014850231544,122.5
722.12435077377813,123.40000152587891
722.32854546505359,140.80000305175781
722.532732573607,128.30000305175781
722.73691209690446,107.30000305175781
722.941084032412,139.39999389648438
723.14524837759654,129.69999694824219
723.34940512992534,127.30000305175781
723.55355428686539,129.60000610351563
723.75769584588511,119.59999847412109
723.9618298044519,133
724.16595616003485,119.69999694824219
724.37007491010274,122.90000152587891
724.57418605212456,129.30000305175781
724.77828958357054,129.89999389648438
724.98238550191013,130.80000305175781
725.18647380461414,121.80000305175781
725.39055448915349,120
725.59462755299865,127.5
725.79869299362167,133.89999389648438
726.00275080849451,131.69999694824219
726.206800995089,121
726.41084355087821,136.19999694824219
726.6148784733349,134.5
726.81890575993225,121.5
727.02292540814449,122.09999847412109
727.2269374154456,121
727.43094177930993,134
727.63493849721237,126.09999847412109
727.83892756662806,123.90000152587891
728.04290898503325,114.5
728.24688274990319,126
728.45084885871461,114.30000305175781
728.65480730894421,132.39999389648438
728.85875809806942,124.5
729.06270122356682,126.69999694824219
729.26663668291542,136.89999389648438
729.4705644735925,125.80000305175781
729.6744845930773,131.89999389648438
729.87839703884879,122.09999847412109
730.08230180838609,125.80000305175781
730.286198899169,122.80000305175781
730.49008830867774,128
730.69397003439269,117.59999847412109
730.897844073795,131.60000610351563
731.10171042436559,125.5
731.30556908358608,110.40000152587891
731.50942004893886,129.19999694824219
731.713263317906,125.09999847412109
731.91709888797038,130.5
732.120926756615,121.19999694824219
732.32474692132348,125.59999847412109
732.52855937957975,117.69999694824219
732.73236412886808,122.69999694824219
732.936161166673,125
733.13995049047981,108
733.34373209777334,105.80000305175781
733.54750598603994,135.89999389648438
733.75127215276564,123.40000152587891
733.95503059543682,126.09999847412109
734.15878131154045,119.5
734.36252429856393,119.59999847412109
734.56625955399488,108.90000152587891
734.7699870753213,126.69999694824219
734.97370686003171,129.19999694824219
735.17741890561467,121.69999694824219
735.38112320955975,123.90000152587891
735.58481976935639,121.90000152587891
735.7885085824945,123.30000305175781
735.99218964646423,121.19999694824219
736.19586295875661,116.80000305175781
736.39952851686269,128.30000305175781
736.60318631827374,119.30000305175781
736.8068363604815,127.80000305175781
737.01047864097893,117.90000152587891
737.21411315725754,118.90000152587891
737.41773990681122,112.09999847412109
737.62135888713317,124.40000152587891
737.824970095717,116.19999694824219
738.02857353005663,114.90000152587891
