459.485050406383,-0.20000000298023224
459.69668394865238,0.66666668653488159
459.90831334242165,-6.4666666984558105
460.11993858482555,-0.60000002384185791
460.33155967299865,3.7333333492279053
460.54317660407577,-2.7333333492279053
460.75478937519233,4.9666666984558105
460.96639798348309,1.2666666507720947
461.17800242608405,1.1666666269302368
461.38960270013,-0.96666663885116577
461.60119880275727,4.8000001907348633
461.81279073110096,-0.800000011920929
462.02437848229732,0.76666665077209473
462.23596205348275,-0.89999997615814209
462.44754144179319,2.0666666030883789
462.659116644365,4.2333331108093262
462.87068765833476,-0.699999988079071
463.08225448083942,-2.1333334445953369
463.29381710901544,1.9666666984558105
463.50537554000005,5.0333333015441895
463.71692977093039,1.2666666507720947
463.92847979894367,4.5
464.14002562117736,8.6000003814697266
464.35156723476905,-2.4666666984558105
464.56310463685628,4.5333333015441895
464.77463782457744,2.7666666507720947
464.9861667950704,4.8333334922790527
465.19769154547294,4.1666665077209473
465.40921207292382,-0.86666667461395264
465.62072837456174,4.4666666984558105
465.83224044752478,0.066666670143604279
466.0437482889522,5.6666665077209473
466.2552518959825,0
466.46675126575519,-3.5333333015441895
466.67824639540947,6.3666667938232422
466.889737282085,4.1666665077209473
467.10122392292072,0.43333333730697632
467.31270631505674,4.0333333015441895
467.52418445563291,3
467.7356583417893,-4
467.94712797066614,6.1666665077209473
468.15859333940358,2.7666666507720947
468.37005444514193,5.6999998092651367
468.5815112850226,5.7333331108093262
468.79296385618557,0.23333333432674408
469.00441215577223,1.5333333015441895
469.21585618092365,1
469.427295928781,6.4000000953674316
469.63873139648564,-2.0666666030883789
469.85016258117929,3.7999999523162842
470.06158948000348,5.5666666030883789
470.27301209010056,3.2000000476837158
470.48443040861218,4.2666668891906738
470.6958444326807,11.333333015441895
470.9072541594482,-3.3333332538604736
471.11865958605762,3.5999999046325684
471.33006070965121,4.8666667938232422
471.54145752737224,4.1666665077209473
471.75285003636344,1.3666666746139526
471.96423823376784,6.1666665077209473
472.17562211672896,2.3666665554046631
472.38700168239041,3.5333333015441895
472.5983769278954,7.8000001907348633
472.80974785038774,6.4333333969116211
473.02111444701166,0.96666663885116577
473.23247671491117,3.1333334445953369
473.44383465123042,6.4666666984558105
473.65518825311392,8.1000003814697266
473.86653751770609,0.13333334028720856
474.07788244215192,2.4666666984558105
474.28922302359604,0.10000000149011612
474.50055925918372,0.26666668057441711
474.71189114605983,7.9000000953674316
474.92321868137014,5.1666665077209473
475.13454186225994,2.9666666984558105
475.345860685875,8.1000003814697266
475.55717514936111,5.5666666030883789
475.76848524986434,0.43333333730697632
475.97979098453095,9.9333333969116211
476.19109235050712,4.6333332061767578
476.40238934493948,7.9333333969116211
476.61368196497449,2.4666666984558105
476.82497020775912,6.2333331108093262
477.03625407044041,9.8999996185302734
477.24753355016543,3.4333333969116211
477.45880864408156,4.5
477.67007934933588,14.966666221618652
477.8813456630769,6.3666667938232422
478.09260758245136,7.3000001907348633
478.30386510460806,5.0666666030883789
478.51511822669448,6.2666668891906738
478.72636694585935,8.2666664123535156
478.93761125925084,2.9666666984558105
479.14885116401797,10.100000381469727
479.3600866573093,5.6333332061767578
479.57131773627356,5.8666667938232422
479.78254439806005,0.86666667461395264
479.993766639818,7.3000001907348633
480.20498445869697,6.9333333969116211
480.41619785184639,1.2999999523162842
480.62740681641628,10.199999809265137
480.83861134955612,6.3666667938232422
481.04981144841668,7.6333332061767578
481.26100711014755,-0.56666666269302368
481.47219833189945,2.5666666030883789
481.68338511082322,1.8666666746139526
481.89456744406925,6.5333333015441895
482.1057453287886,3.7000000476837158
482.31691876213239,2.4333333969116211
482.52808774125191,7.1666665077209473
482.73925226329879,-1.6000000238418579
482.95041232542394,6.9333333969116211
483.16156792477994,-0.46666666865348816
483.37271905851838,8.9333333969116211
483.5838657237914,2.0999999046325684
483.79500791775109,0.066666670143604279
484.00614563755016,3.1666667461395264
484.217278880341,9.5666666030883789
484.42840764327667,5.1333332061767578
484.63953192350994,2.8333332538604736
484.85065171819389,5.5999999046325684
485.06176702448187,4.9666666984558105
485.27287783952733,0.13333334028720856
485.48398416048394,2.5333333015441895
485.69508598450534,7.6999998092651367
485.90618330874582,-3.2000000476837158
486.11727613035913,2.7000000476837158
486.32836444649979,9.6999998092651367
486.53944825432228,5.3666667938232422
486.7505275509813,7.1999998092651367
486.9616023336315,9.1666669845581055
487.172672599428,8.1333332061767578
487.38373834552596,1.7000000476837158
487.59479956908069,-1.2000000476837158
487.80585626724775,8.4666662216186523
488.01690843718274,7.0999999046325684
488.22795607604149,6.5333333015441895
488.43899918097992,3.0999999046325684
488.65003774915488,4.7333331108093262
488.8610717777218,4.1999998092651367
489.07210126383791,-0.699999988079071
489.28312620465948,6.0666666030883789
489.49414659734367,2.5666666030883789
489.70516243904751,5.1666665077209473
489.91617372692849,5.4000000953674316
490.12718045814347,6.3666667938232422
490.33818262985034,7.0666666030883789
490.54918023920686,3.9666666984558105
490.7601732833711,11.300000190734863
490.97116175950089,1.9666666984558105
491.18214566475473,0.699999988079071
491.39312499629074,4.8333334922790527
491.60409975126794,1.8666666746139526
491.81506992684513,0.5
492.02603552018132,3.4000000953674316
492.23699652843533,7.3333334922790527
492.44795294876673,3.1333334445953369
492.65890477833494,4.5
492.86985201429974,5.6333332061767578
493.0807946538211,5.0333333015441895
493.29173269405891,3.2333333492279053
493.50266613217343,0.43333333730697632
493.71359496532506,4.8666667938232422
493.9245191906744,-0.3333333432674408
494.135438805382,4.6333332061767578
494.34635380660933,0.800000011920929
494.55726419151711,2.1666667461395264
494.76816995726648,0.93333333730697632
494.97907110101937,7
495.18996761993691,2.3333332538604736
495.40085951118141,1.6333333253860474
495.61174677191457,-0.40000000596046448
495.82262939929865,3.2000000476837158
496.03350739049608,2.6666667461395264
496.24438074266942,2.8666665554046631
496.455249452981,6.4666666984558105
496.66611351859439,5.0666666030883789
496.87697293667219,1.2666666507720947
497.08782770437779,10.333333015441895
497.29867781887464,2.5666666030883789
497.50952327732654,5.9333333969116211
497.720364076897,-3.7333333492279053
497.93120021475016,7.3000001907348633
498.14203168805011,8.0333337783813477
498.35285849396138,3.4666666984558105
498.56368062964822,4.5999999046325684
498.77449809227556,6.3000001907348633
498.98531087900841,7.0333333015441895
499.19611898701163,7.3666667938232422
499.40692241345027,4.2666668891906738
499.61772115549053,4.4333333969116211
499.82851521029716,3
500.03930457503662,2.7333333492279053
500.25008924687421,6.3000001907348633
500.46086922297695,5.1666665077209473
500.67164450051069,-0.1666666716337204
500.88241507664208,5
501.09318094853768,9.7333335876464844
501.30394211336471,2.7000000476837158
501.51469856829004,2.2333333492279053
501.72545031048105,5.2333331108093262
501.93619733710506,3.2000000476837158
502.14693964533006,6.2666668891906738
502.35767723232351,6.1333332061767578
502.5684100952538,10.333333015441895
502.77913823128887,8.8000001907348633
502.989861637597,9.9666662216186523
503.2005803113471,4.5666666030883789
503.41129424970768,5.8666667938232422
503.62200344984791,5.7333331108093262
503.83270790893647,12.766666412353516
504.0434076241433,0.46666666865348816
504.25410259263765,4.0999999046325684
504.464792811589,13.5
504.67547827816765,-0.033333335071802139
504.88615898954316,5.9000000953674316
505.0968349428864,12.100000381469727
505.30750613536736,4.6999998092651367
505.51817256415688,2.5
505.72883422642565,8.8333330154418945
505.93949111934472,13.766666412353516
506.15014324008541,8.1999998092651367
506.36079058581885,1.1000000238418579
506.5714331537169,7.6666665077209473
506.78207094095114,12.166666984558105
506.99270394469386,7.2666668891906738
507.20333216211668,12.033333778381348
507.41395559039228,16.466667175292969
507.62457422669331,11.366666793823242
507.835188068192,15.766666412353516
508.04579711206168,11.800000190734863
508.25640135547525,10
508.46700079560605,14.199999809265137
508.67759542962762,8.3999996185302734
508.88818525471356,23.600000381469727
509.09877026803775,17.666666030883789
509.30935046677416,20.100000381469727
509.51992584809739,19.066667556762695
509.73049640918146,24.633333206176758
509.94106214720097,24.666666030883789
510.151623059331,27.433332443237305
510.36217914274636,27.833333969116211
510.57273039462245,31.366666793823242
510.78327681213472,34.099998474121094
510.99381839245859,33.799999237060547
511.20435513276982,38.200000762939453
511.4148870302443,52.866664886474609
511.62541408205846,57.400001525878906
511.83593628538881,56.200000762939453
512.04645363741122,57.933334350585938
512.25696613530306,59.266666412353516
512.467473776241,70.333335876464844
512.6779765574023,82.633331298828125
512.88847447596436,83.9000015258789
513.09896752910447,89.233329772949219
513.30945571400036,102.56666564941406
513.51993902783045,114.73332977294922
513.7304174677721,119.19999694824219
513.94089103100418,127.76667022705078
514.151359714705,148.83332824707031
514.36182351605316,156.19999694824219
514.572282432228,174.23333740234375
514.78273646040816,191.69999694824219
514.99318559777282,209.63333129882813
515.20362984150211,217.73333740234375
515.4140691887751,244.86666870117188
515.62450363677181,266.16665649414063
515.83493318267244,287.86666870117188
516.04535782365735,314.63333129882813
516.255777556907,333.13333129882813
516.46619237960181,375.79998779296875
516.6766022889226,404.33334350585938
516.88700728205106,432.33334350585938
517.09740735616776,464.73333740234375
517.30780250845453,512.86663818359375
517.51819273609283,543.5999755859375
517.72857803626471,583.83331298828125
517.93895840615221,621.433349609375
518.14933384293749,675.20001220703125
518.35970434380317,722.433349609375
518.57006990593186,775.066650390625
518.78043052650617,849.20001220703125
518.99078620270939,899.4000244140625
519.2011369317247,974.29998779296875
519.41148271073587,1059.63330078125
519.62182353692617,1131.566650390625
519.83215940747948,1212
520.04249031958,1286.300048828125
520.25281627041193,1403.199951171875
520.46313725716,1479.7667236328125
520.67345327700855,1604
520.88376432714267,1705.7332763671875
521.0940704047473,1821.2332763671875
521.30437150700777,1922.0333251953125
521.51466763110943,2045.6666259765625
521.7249587742383,2164
521.93524493357961,2303.666748046875
522.14552610632018,2405.63330078125
522.35580228964591,2537.166748046875
522.56607348074328,2675.166748046875
522.77633967679913,2809.966552734375
522.98660087500048,3000.166748046875
523.19685707253393,3139.7666015625
523.40710826658722,3343.666748046875
523.61735445434772,3524.800048828125
523.82759563300317,3752.2666015625
524.03783179974153,3969.966552734375
524.248062951751,4214
524.45828908621968,4506.533203125
524.6685102003363,4767.966796875
524.87872629128947,5091.7998046875
525.08893735626839,5426.93310546875
525.29914339246159,5837.86669921875
525.50934439705918,6252.83349609375
525.71954036725026,6682.2001953125
525.92973130022506,7173.7998046875
526.13991719317278,7691.466796875
526.35009804328433,8337.400390625
526.56027384774984,8938.43359375
526.77044460375964,9631.2666015625
526.98061030850511,10454.533203125
527.19077095917692,11256.466796875
527.4009265529661,12369.900390625
527.61107708706436,13206.466796875
527.82122255866341,14501.033203125
528.03136296495472,15692.400390625
528.2414983031307,17159.533203125
528.45162857038349,18873.5
528.66175376390561,20524.166015625
528.87187388088955,22761.5
529.08198891852828,24594.19921875
529.29209887401521,27165.43359375
529.50220374454329,29710.333984375
529.71230352730629,32343.466796875
529.9223982194975,34846.765625
530.13248781831112,37964
530.34257232094137,39723.8984375
530.55265172458269,41767.3671875
530.7627260264295,43170.1328125
530.97279522367671,44085.6328125
531.182859313519,44125.30078125
531.39291829315175,43739.19921875
531.60297215977016,42545.765625
531.81302091057034,40806.734375
532.02306454274787,38974.234375
532.23310305349867,36682.5
532.4431364400192,34105.33203125
532.65316469950574,31544.333984375
532.86318782915509,29302.533203125
533.07320582616433,26731.400390625
533.28321868773025,24791.8671875
533.49322641105016,22735.69921875
533.70322899332211,20865.43359375
533.91322643174317,19073
534.12321872351174,17697.333984375
534.33320586582568,16387.166015625
534.54318785588362,14940.533203125
534.75316469088432,13924.6337890625
534.96313636802631,12935.966796875
535.17310288450858,11896.1669921875
535.38306423753056,11155.1337890625
535.59302042429169,10284.56640625
535.80297144199153,9475.56640625
536.01291728783031,8768.7666015625
536.22285795900768,8086.466796875
536.43279345272435,7654.7001953125
536.64272376618044,7063.66650390625
536.85264889657708,6584.033203125
537.06256884111519,6088.2001953125
537.27248359699593,5592.43310546875
537.48239316142053,5182.7998046875
537.69229753159084,4772.533203125
537.90219670470856,4389.13330078125
538.112090677976,4070.36669921875
538.32197944859479,3817.2666015625
538.53186301376832,3524.7333984375
538.74174137069849,3255.5
538.95161451658885,3018.7666015625
539.16148244864223,2783.13330078125
539.371345164062,2552.86669921875
539.58120266005187,2357.2666015625
539.79105493381553,2179.066650390625
540.0009019825568,2035.36669921875
540.21074380348034,1887.0999755859375
540.42058039379049,1730.36669921875
540.63041175069179,1617.800048828125
540.84023787138926,1522.13330078125
541.0500587530878,1415.63330078125
541.25987439299308,1313.800048828125
541.46968478831047,1233.5
541.67948993624577,1135.066650390625
541.88928983400479,1077.800048828125
542.09908447879411,982.66668701171875
542.30887386782,928.26666259765625
542.5186579982892,854.066650390625
542.7284368674085,798.566650390625
542.938210472385,744.70001220703125
543.1479788104258,712.26666259765625
543.35774187873892,650.29998779296875
543.567499674532,620.066650390625
543.77725219501235,571.33331298828125
543.98699943738939,543.20001220703125
544.19674139887059,520
544.40647807666539,487.33334350585938
544.61620946798166,459.16665649414063
544.82593557002951,425.79998779296875
545.0356563800176,403.36666870117188
545.24537189515593,393.4666748046875
545.45508211265383,362.60000610351563
545.66478702972154,353.43331909179688
545.87448664356964,323.10000610351563
546.0841809514078,317.36666870117188
546.29386995044717,292.10000610351563
546.50355363789879,272.93331909179688
546.71323201097334,269.66665649414063
546.92290506688266,249.16667175292969
547.1325728028379,238.93333435058594
547.342235216051,232.06666564941406
547.55189230373423,210.80000305175781
547.76154406309934,209.73333740234375
547.97119049135927,204.06666564941406
548.18083158572654,188.06666564941406
548.39046734341412,183.63333129882813
548.600097761635,176
548.80972283760252,160.06666564941406
549.01934256853087,163.06666564941406
549.22895695163311,153.10000610351563
549.43856598412367,158.69999694824219
549.64816966321678,146.43333435058594
549.85776798612721,140.19999694824219
550.06736095006931,132.96665954589844
550.27694855225832,128.06666564941406
550.48653078990935,132.06666564941406
550.69610766023777,126.43333435058594
550.90567916045939,120.03333282470703
551.11524528778989,117.03333282470703
551.32480603944543,110.56666564941406
551.53436141264262,114.43333435058594
551.74391140459784,104.06666564941406
551.95345601252757,100.06666564941406
552.16299523364955,98.533332824707031
552.3725290651804,95.366668701171875
552.58205750433774,99.266670227050781
552.79158054833965,91.433334350585938
553.00109819440377,84.933334350585938
553.21061043974828,88.033332824707031
553.42011728159173,85
553.62961871715265,81.733329772949219
553.83911474365016,83.266670227050781
554.04860535830312,77.800003051757813
554.25809055833076,71.833335876464844
554.467570340953,70.0999984741211
554.67704470338924,78.566665649414063
554.88651364285988,72.233329772949219
555.095977156585,73.5999984741211
555.30543524178483,70.0999984741211
555.51488789568077,63
555.72433511549343,68.333335876464844
555.93377689844385,64.5
556.14321324175364,63.200000762939453
556.35264414264441,65.666664123535156
556.562069598338,61.766666412353516
556.77148960605666,59.900001525878906
556.98090416302284,63.900001525878906
557.19031326645893,66.233329772949219
557.39971691358755,65.466667175292969
557.60911510163237,52.766666412353516
557.81850782781623,51.066665649414063
558.0278950893628,58.266666412353516
558.237276883496,54.966667175292969
558.44665320743945,57.5
558.65602405841787,49
558.86538943365542,49.099998474121094
559.07474933037679,52.599998474121094
559.2841037458071,54.966667175292969
559.49345267717149,58.133335113525391
559.70279612169531,49.666667938232422
559.91213407660427,50.799999237060547
560.1214665391243,53.366664886474609
560.33079350648131,46.433334350585938
560.540114975902,45.133335113525391
560.74943094461287,42.733333587646484
560.95874140984074,43.766666412353516
561.16804636881238,48.900001525878906
561.37734581875543,40.766666412353516
561.58663975689751,43.466667175292969
561.79592818046638,44.966667175292969
562.00521108668988,48.799999237060547
562.21448847279646,41.033332824707031
562.42376033601442,47.366664886474609
562.63302667357277,39.533332824707031
562.84228748270027,40.766666412353516
563.05154276062649,41.033332824707031
563.26079250458054,44.299999237060547
563.47003671179209,40.766666412353516
563.67927537949117,48.533332824707031
563.88850850490837,35.266666412353516
564.0977360852736,44.233333587646484
564.30695811781766,41.533332824707031
564.51617459977138,34.633335113525391
564.72538552836625,38.066665649414063
564.9345909008332,32.733333587646484
565.14379071440419,35.599998474121094
565.352984966311,34.366664886474609
565.56217365378563,32.033332824707031
565.77135677406056,33.833332061767578
565.98053432436848,40.333332061767578
566.1897063019419,36.933334350585938
566.398872704014,32.933334350585938
566.60803352781829,36.833332061767578
566.81718877058825,33.900001525878906
567.02633842955765,37.066665649414063
567.2354825019604,29.033332824707031
567.44462098503129,40.066665649414063
567.65375387600409,41.166667938232422
567.862881172114,39.299999237060547
568.07200287059641,40.5
568.281118968686,31.233333587646484
568.49022946361833,40.599998474121094
568.69933435262942,33.299999237060547
568.90843363295517,34.533332824707031
569.11752730183161,30
569.32661535649561,38.766666412353516
569.53569779418365,36.866664886474609
569.7447746121328,30
569.95384580758014,25.466667175292969
570.16291137776307,31
570.37197131991979,36.333332061767578
570.58102563128784,40.599998474121094
570.79007430910542,37.599998474121094
570.99911735061107,36.066665649414063
571.20815475304369,40.400001525878906
571.41718651364181,37.700000762939453
571.6262126296449,34.566665649414063
571.83523309829229,32.900001525878906
572.04424791682379,36.299999237060547
572.253257082479,34.299999237060547
572.46226059249864,35.933334350585938
572.67125844412271,34.833332061767578
572.880250634592,36.400001525878906
573.08923716114759,43.933334350585938
573.29821802103015,36.166667938232422
573.50719321148176,32.799999237060547
573.71616272974359,37.733333587646484
573.9251265730577,35.866664886474609
574.1340847386665,39.599998474121094
574.34303722381219,38.266666412353516
574.551984025737,35.066665649414063
574.76092514168465,35.200000762939453
574.96986056889784,35.700000762939453
575.17879030461984,35.566665649414063
575.38771434609487,44.133335113525391
575.59663269056637,36.200000762939453
575.80554533527857,40.400001525878906
576.01445227747593,34.633335113525391
576.22335351440313,29.933332443237305
576.43224904330509,42.200000762939453
576.64113886142718,35.799999237060547
576.85002296601431,36.833332061767578
577.0589013543123,40.566665649414063
577.26777402356754,34.099998474121094
577.47664097102563,42.866664886474609
577.6855021939333,37.133335113525391
577.89435768953717,35.233333587646484
578.10320745508409,35.066665649414063
578.31205148782112,40.966667175292969
578.520889784996,37
578.72972234385634,29.700000762939453
578.93854916165,32.799999237060547
579.147370235625,35.433334350585938
579.35618556303,30.200000762939453
579.56499514111385,34.533332824707031
579.773798967125,33.466667175292969
579.98259703831309,36.466667175292969
580.19138935192746,32.966667175292969
580.40017590521779,35
580.608956695434,33.766666412353516
580.81773171982661,29.966667175292969
581.02650097564572,38.833332061767578
581.235264460142,28.466667175292969
581.44402217056711,38.433334350585938
581.65277410417139,30.833333969116211
581.861520258207,34.799999237060547
582.07026062992531,32.799999237060547
582.27899521657855,30.600000381469727
582.487724015419,38
582.696447023699,38.233333587646484
582.90516423867143,35.433334350585938
583.11387565758935,29.766666412353516
583.32258127770615,33.566665649414063
583.531281096275,31.733333587646484
583.73997511055029,32.099998474121094
583.94866331778542,33
584.15734571523512,26.033332824707031
584.36602230015421,27.333333969116211
584.57469306979692,37.233333587646484
584.78335802141862,33.099998474121094
584.99201715227468,25.933332443237305
585.20067045962082,30.866666793823242
585.40931794071275,28.966667175292969
585.61795959280664,39.833332061767578
585.82659541315888,23.866666793823242
586.0352253990261,32.633335113525391
586.24384954766515,28.666666030883789
586.45246785633344,26.633333206176758
586.66108032228806,28.833333969116211
586.86968694278721,31.033332824707031
587.078287715088,32.599998474121094
587.28688263644949,30.299999237060547
587.49547170412961,26.233333587646484
587.70405491538725,32.633335113525391
587.9126322674814,23.733333587646484
588.12120375767131,26.066667556762695
588.32976938321667,28.266666412353516
588.53832914137683,30.733333587646484
588.74688302941217,28.333333969116211
588.955431044583,33
589.16397318414954,24.299999237060547
589.372509445373,28.066667556762695
589.58103982551393,24.466667175292969
589.78956432183429,23.600000381469727
589.99808293159538,26
590.20659565205915,32.166667938232422
590.41510248048769,23.600000381469727
590.62360341414319,24.399999618530273
590.83209845028875,33.233333587646484
591.040587586187,24.366666793823242
591.24907081910112,27.566667556762695
591.45754814629436,23.033332824707031
591.66601956503109,21.666666030883789
591.87448507257477,23.533332824707031
592.08294466618963,28.033332824707031
592.29139834314014,27.766666412353516
592.49984610069146,27.700000762939453
592.70828793610849,32.966667175292969
592.91672384665617,24.266666412353516
593.12515382960032,21.466667175292969
593.33357788220667,27.766666412353516
593.54199600174172,27.166666030883789
593.75040818547131,25.066667556762695
593.95881443066241,27.066667556762695
594.16721473458165,29.566667556762695
594.37560909449644,21.966667175292969
594.5839975076741,32.633335113525391
594.79237997138227,25.366666793823242
595.000756482889,25.766666412353516
595.20912703946237,24.399999618530273
595.41749163837085,22.299999237060547
595.62585027688351,24.399999618530273
595.83420295226938,27.799999237060547
596.04254966179735,28.299999237060547
596.25089040273713,21.133333206176758
596.45922517235863,23.333333969116211
596.66755396793212,30
596.87587678672776,30.533332824707031
597.08419362601614,20.600000381469727
597.29250448306846,24.666666030883789
597.50080935515541,23.799999237060547
597.709108239549,28.966667175292969
597.91740113352057,25.266666412353516
598.125688034342,26.566667556762695
598.333968939286,30.266666412353516
598.54224384562474,21.633333206176758
598.75051275063117,29.166666030883789
598.95877565157821,25.233333587646484
599.16703254573918,26.833333969116211
599.375283430388,25.466667175292969
599.58352830279819,24.466667175292969
599.79176716024392,26.200000762939453
600,23.333333969116211
600.20822681934078,27.733333587646484
600.41644761554119,26.233333587646484
600.62466238587672,29.633333206176758
600.83287112762252,15.766666412353516
601.04107383805467,35.666667938232422
601.24927051444922,22.200000762939453
601.457461154082,24.700000762939453
601.66564575423024,21.399999618530273
601.87382431217054,23.333333969116211
602.08199682518011,27.066667556762695
602.290163290536,29.899999618530273
602.49832370551667,17.833333969116211
602.7064780673993,28.633333206176758
602.91462637346251,31.799999237060547
603.12276862098486,20.633333206176758
603.33090480724479,22.299999237060547
603.53903492952168,19.766666412353516
603.74715898509464,28.399999618530273
603.95527697124351,25.166666030883789
604.16338888524785,28.233333587646484
604.371494724388,28.799999237060547
604.57959448594443,28
604.787688167198,19.166666030883789
604.99577576542913,27.399999618530273
605.20385727791972,25.566667556762695
605.41193270195083,22.299999237060547
605.62000203480443,25.5
605.82806527376283,20.266666412353516
606.03612241610824,23.5
606.24417345912286,27.466667175292969
606.45221840009015,22.933332443237305
606.66025723629321,24.700000762939453
606.86828996501526,30.833333969116211
607.07631658354023,25.566667556762695
607.28433708915213,24.399999618530273
607.49235147913532,25.899999618530273
607.700359750774,25.066667556762695
607.90836190135371,24
608.116357928159,27.133333206176758
608.32434782847542,22.299999237060547
608.5323315995887,26
608.740309238785,23.533332824707031
608.94828074335021,28.100000381469727
609.156246110571,22.366666793823242
609.36420533773412,16.600000381469727
609.57215842212679,30.100000381469727
609.78010536103636,22.100000381469727
609.98804615175038,21.200000762939453
610.19598079155674,25.033332824707031
610.40390927774376,25.200000762939453
610.6118316076,25.399999618530273
610.8197477784139,25.399999618530273
611.02765778747482,24.899999618530273
611.235561632072,21.600000381469727
611.44345930949476,23.933332443237305
611.65135081703318,26.966667175292969
611.8592361519776,22.899999618530273
612.06711531161841,18.600000381469727
612.27498829324622,29.799999237060547
612.48285509415189,20.700000762939453
612.69071571162726,28.566667556762695
612.89857014296331,25.466667175292969
613.10641838545212,30.5
613.31426043638578,24.666666030883789
613.522096293057,24.766666412353516
613.72992595275809,20.933332443237305
613.93774941278218,28.733333587646484
614.1455666704228,22.5
614.353377722973,20.933332443237305
614.5611825677272,25.133333206176758
614.76898120197893,26.933332443237305
614.976773623023,19.5
615.184559828154,27.100000381469727
615.3923398146668,22.966667175292969
615.60011357985672,23.133333206176758
615.80788112101936,24.533332824707031
616.01564243545033,26.200000762939453
616.22339752044627,25.100000381469727
616.431146373303,23.333333969116211
616.63888899131757,28.799999237060547
616.84662537178656,26.533332824707031
617.05435551200765,26.233333587646484
617.26207940927816,31.166666030883789
617.469797060896,21.266666412353516
617.67750846415913,27.066667556762695
617.88521361636617,19.633333206176758
618.09291251481545,21.833333969116211
618.30060515680634,24.266666412353516
618.50829153963787,29.266666412353516
618.71597166060985,23.333333969116211
618.92364551702167,24.933332443237305
619.13131310617382,23.333333969116211
619.33897442536636,25.266666412353516
619.54662947190025,21.266666412353516
619.75427824307667,25.566667556762695
619.96192073619636,30.633333206176758
620.16955694856142,27.200000762939453
620.37718687747326,25.5
620.5848105202341,25.899999618530273
620.79242787414648,25.633333206176758
621.00003893651319,23.466667175292969
621.20764370463712,21.166666030883789
621.41524217582139,26.466667175292969
621.62283434736992,27.166666030883789
621.83042021658639,21.799999237060547
622.03799978077518,23.5
622.24557303724009,23.366666793823242
622.45313998328675,32.5
622.6607006162194,22.233333587646484
622.868254933344,21.366666793823242
623.07580293196577,18.899999618530273
623.28334460939072,21.366666793823242
623.49087996292508,24.566667556762695
623.69840898987525,24.799999237060547
623.90593168754788,23.299999237060547
624.11344805325052,25.600000381469727
624.32095808428994,28
624.52846177797414,23.299999237060547
624.73595913161114,20.133333206176758
624.943450142509,27.633333206176758
625.15093480797634,22.233333587646484
625.3584131253217,23.966667175292969
625.56588509185462,18.666666030883789
625.773350704884,22.266666412353516
625.98080996172,25.233333587646484
626.1882628596727,19.700000762939453
626.39570939605176,21.633333206176758
626.60314956816831,22.700000762939453
626.81058337333309,22.700000762939453
627.018010808857,25.600000381469727
627.22543187205179,25.299999237060547
627.43284656022911,17.366666793823242
627.64025487070126,25.866666793823242
627.84765680078021,32.166667938232422
628.05505234777866,23
628.26244150900993,21.200000762939453
628.46982428178671,22.100000381469727
628.677200663423,30.200000762939453
628.88457065123214,18.033332824707031
629.09193424252874,21.399999618530273
629.29929143462687,28.233333587646484
629.50664222484136,31.266666412353516
629.71398661048715,18.5
629.92132458887966,30.666666030883789
630.12865615733426,24.766666412353516
630.33598131316728,24.133333206176758
630.54330005369422,24.200000762939453
630.75061237623231,29.433332443237305
630.95791827809785,21.299999237060547
631.16521775660817,18.066667556762695
631.3725108090805,27.299999237060547
631.57979743283261,17.200000762939453
631.78707762518241,20.466667175292969
631.99435138344813,24.133333206176758
632.2016187049486,22.266666412353516
632.40887958700216,23.700000762939453
632.61613402692853,26.533332824707031
632.823382022047,22.600000381469727
633.03062356967735,25.433332443237305
633.23785866713945,28.933332443237305
633.44508731175381,18.266666412353516
633.6523095008414,23.533332824707031
633.8595252317225,21.466667175292969
634.06673450171888,27.399999618530273
634.27393730815209,28.100000381469727
634.48113364834376,19.633333206176758
634.68832351961646,22.100000381469727
634.89550691929185,22.133333206176758
635.10268384469384,21.399999618530273
635.30985429314444,23.066667556762695
635.51701826196756,19.799999237060547
635.7241757484868,21.533332824707031
635.93132675002607,25.766666412353516
636.13847126390976,26.366666793823242
636.34560928746214,21.533332824707031
636.55274081800849,26.733333587646484
636.75986585287376,24.366666793823242
636.96698438938347,25.299999237060547
637.17409642486325,21.266666412353516
637.38120195663942,23.399999618530273
637.58830098203839,25.200000762939453
637.7953934983866,25.233333587646484
638.00247950301116,21.833333969116211
638.20955899323951,20.766666412353516
638.416631966399,18.633333206176758
638.62369841981774,24.600000381469727
638.83075835082366,24.866666793823242
639.03781175674578,19.299999237060547
639.24485863491259,21.299999237060547
639.45189898265312,17.766666412353516
639.65893279729664,22.233333587646484
639.86596007617345,22.233333587646484
640.07298081661315,25.566667556762695
640.27999501594627,17.866666793823242
640.48700267150332,20.866666793823242
640.6940037806155,19.399999618530273
640.90099834061357,21.266666412353516
641.10798634882951,23.066667556762695
641.314967802595,17.899999618530273
641.52194269924235,19.033332824707031
641.72891103610414,21.266666412353516
641.93587281051271,25.866666793823242
642.14282801980164,22.766666412353516
642.34977666130408,20.133333206176758
642.55671873235349,21.600000381469727
642.76365423028449,22.399999618530273
642.97058315243089,23.200000762939453
643.17750549612754,21.100000381469727
643.38442125870938,19.533332824707031
643.59133043751149,19.100000381469727
643.79823302986961,25.933332443237305
644.00512903311949,18.5
644.21201844459733,18.233333587646484
644.41890126163935,16.600000381469727
644.62577748158276,20.166666030883789
644.83264710176456,23.966667175292969
645.03951011952211,19.566667556762695
645.24636653219284,26.5
645.453216337115,17.366666793823242
645.660059531627,27.700000762939453
645.86689611306747,24.633333206176758
646.073726078775,21.266666412353516
646.28054942608924,23.899999618530273
646.48736615234964,20.200000762939453
646.69417625489609,19.533332824707031
646.90097973106856,22.766666412353516
647.107776578208,26.466667175292969
647.314566793655,22.200000762939453
647.52135037475057,16
647.72812731883607,20.933332443237305
647.93489762325351,23.233333587646484
648.14166128534475,18.700000762939453
648.34841830245227,21.799999237060547
648.55516867191864,24.733333587646484
648.76191239108675,12
648.96864945730033,20.399999618530273
649.17537986790251,21.433332443237305
649.38210362023767,26.733333587646484
649.58882071164965,25.333333969116211
649.79553113948316,20.100000381469727
650.00223490108294,21.266666412353516
650.20893199379429,21.299999237060547
650.41562241496285,14.366666793823242
650.62230616193426,21.233333587646484
650.8289832320545,21.200000762939453
651.03565362267022,20.666666030883789
651.24231733112811,20.733333587646484
651.448974354775,23.100000381469727
651.65562469095869,24.566667556762695
651.86226833702676,25.899999618530273
652.06890529032694,17.799999237060547
652.27553554820759,20.5
652.48215910801753,20.966667175292969
652.68877596710581,18.899999618530273
652.89538612282138,19.666666030883789
653.10198957251373,19.333333969116211
653.3085863135334,21.766666412353516
653.51517634322977,16.200000762939453
653.72175965895394,22.633333206176758
653.92833625805667,24.433332443237305
654.134906137889,22.433332443237305
654.3414692958022,24.700000762939453
654.54802572914843,22.566667556762695
654.75457543528,15.666666984558105
654.96111841154834,23.299999237060547
655.16765465530739,14.666666984558105
655.3741841639096,18.566667556762695
655.58070693470813,17.433332443237305
655.78722296505714,19.333333969116211
655.99373225231056,17.866666793823242
656.20023479382246,22.399999618530273
656.40673058694779,20.366666793823242
656.61321962904128,21.600000381469727
656.81970191745825,20.733333587646484
657.02617744955455,20.5
657.23264622268562,26.566667556762695
657.43910823420811,19.033332824707031
657.64556348147858,20.166666030883789
657.8520119618538,21.466667175292969
658.058453672691,21.433332443237305
658.26488861134737,19.533332824707031
658.47131677518121,17.600000381469727
658.67773816155068,19.899999618530273
658.88415276781393,19.633333206176758
659.09056059133,23.799999237060547
659.29696162945788,19.966667175292969
659.50335587955715,22.366666793823242
659.70974333898744,22.433332443237305
659.91612400510883,16
660.12249787528185,18.700000762939453
660.32886494686716,18.399999618530273
660.53522521722573,24
660.741578683719,17.233333587646484
660.94792534370856,26.5
661.15426519455661,23.466667175292969
661.36059823362541,17.966667175292969
661.56692445827741,23.299999237060547
661.773243865876,18.366666793823242
661.97955645378408,19.066667556762695
662.18586221936573,17.033332824707031
662.39216115998443,25.5
662.59845327300468,20.833333969116211
662.804738555791,25.700000762939453
663.01101700570837,21.033332824707031
663.217288620122,15.633333206176758
663.42355339639732,27.733333587646484
663.62981133190056,24.033332824707031
663.83606242399776,17.866666793823242
664.04230667005515,20.5
664.24854406744009,25.866666793823242
664.45477461351948,26.533332824707031
664.660998305661,12.966666221618652
664.86721514123212,17.066667556762695
665.07342511760157,24.700000762939453
665.27962823213738,20.833333969116211
665.48582448220861,26.899999618530273
665.69201386518432,20.533332824707031
665.89819637843391,21.333333969116211
666.104372019327,22.666666030883789
666.31054078523414,16.299999237060547
666.51670267352563,24.866666793823242
666.722857681572,16.266666412353516
666.9290058067445,20.933332443237305
667.13514704641466,16.933332443237305
667.34128139795428,22.766666412353516
667.54740885873525,25.333333969116211
667.7535294261296,17.933332443237305
667.959643097511,21.299999237060547
668.16574987025183,22
668.37184974172533,21.133333206176758
668.57794270930606,16.766666412353516
668.78402877036706,19.633333206176758
668.99010792228341,20.100000381469727
669.19618016242953,23.166666030883789
669.40224548818026,19.799999237060547
669.60830389691148,19.233333587646484
669.81435538599851,19.799999237060547
670.02039995281746,24.233333587646484
670.22643759474465,23.533332824707031
670.43246830915655,24
670.63849209343039,26.733333587646484
670.84450894494364,27.866666793823242
671.05051886107378,20.200000762939453
671.25652183919885,25.366666793823242
671.462517876697,17.5
671.66850697094719,18.866666793823242
671.87448911932813,20.100000381469727
672.08046431921935,17.266666412353516
672.28643256800024,18.799999237060547
672.49239386305123,23.600000381469727
672.698348201752,15.833333015441895
672.90429558148389,26.5
673.11023599962732,17.966667175292969
673.3161694535637,25.799999237060547
673.522095940675,17.166666030883789
673.72801545834272,21.766666412353516
673.93392800394952,16.766666412353516
674.13983357487791,22.866666793823242
674.34573216851072,19.399999618530273
674.55162378223133,21.666666030883789
674.75750841342347,19.399999618530273
674.96338605947142,20.5
675.16925671775869,23.966667175292969
675.37512038567024,19.200000762939453
675.58097706059141,20.033332824707031
675.786826739907,17.066667556762695
675.992669421003,18.799999237060547
676.19850510126514,27.533332824707031
676.40433377807972,16.866666793823242
676.61015544883355,29.666666030883789
676.81597011091355,25.333333969116211
677.021777761707,23.966667175292969
677.22757839860151,17.766666412353516
677.433372018985,24.200000762939453
677.63915862024589,22.200000762939453
677.84493819977274,25.733333587646484
678.05071075495459,18.433332443237305
678.256476283181,21.200000762939453
678.462234781841,26.666666030883789
678.667986248325,21.566667556762695
678.87373068002341,21
679.07946807432643,21.600000381469727
679.28519842862579,19.366666793823242
679.490921740312,25.666666030883789
679.69663800677722,22.233333587646484
679.90234722541368,19.033332824707031
680.1080493936131,26.299999237060547
680.31374450876876,20.399999618530273
680.519432568273,23
680.72511356951986,18.233333587646484
680.93078750990264,20.733333587646484
681.13645438681544,23.966667175292969
681.34211419765279,24.033332824707031
681.54776693980943,18.799999237060547
681.7534126106799,24.433332443237305
681.95905120766008,17.266666412353516
682.16468272814564,28.866666793823242
682.37030716953257,20.933332443237305
682.575924529217,25.200000762939453
682.78153480459628,21.066667556762695
682.98713799306688,20.666666030883789
683.19273409202674,26.799999237060547
683.39832309887311,19.033332824707031
683.60390501100471,22.799999237060547
683.80947982581938,25.633333206176758
684.01504754071607,24.366666793823242
684.22060815309408,21.200000762939453
684.42616166035293,24.233333587646484
684.631708059892,21.033332824707031
684.83724734911175,17.299999237060547
685.04277952541293,26.533332824707031
685.24830458619567,26.533332824707031
685.45382252886168,27.433332443237305
685.65933335081252,19.966667175292969
685.86483704944953,27.033332824707031
686.07033362217521,20.533332824707031
686.27582306639215,24.766666412353516
686.48130537950328,18.133333206176758
686.68678055891166,23.933332443237305
686.89224860202091,13.266666412353516
687.09770950623476,17.866666793823242
687.30316326895763,26.066667556762695
687.50860988759416,22.100000381469727
687.71404935954945,22.033332824707031
687.91948168222837,22.600000381469727
688.12490685303669,23.466667175292969
688.33032486938043,21.966667175292969
688.53573572866594,17.766666412353516
688.74113942829979,23.299999237060547
688.946535965689,26.066667556762695
689.151925338241,18.299999237060547
689.35730754336328,27.666666030883789
689.56268257846386,25.433332443237305
689.76805044095147,21.766666412353516
689.97341112823426,17.899999618530273
690.17876463772188,22.5
690.3841109668233,24.966667175292969
690.58945011294873,19.266666412353516
690.7947820735078,19.100000381469727
691.0001068459112,21
691.20542442756948,24.733333587646484
691.41073481589433,26.299999237060547
691.61603800829664,22.233333587646484
691.82133400218856,19.100000381469727
692.02662279498236,24.799999237060547
692.23190438409006,21.200000762939453
692.43717876692506,25.933332443237305
692.6424459409003,26.733333587646484
692.84770590342941,19.433332443237305
693.05295865192647,19.133333206176758
693.25820418380533,25.066667556762695
693.46344249648109,21.933332443237305
693.6686735873684,25.399999618530273
693.87389745388259,21.733333587646484
694.07911409343944,26.866666793823242
694.284323503455,21.200000762939453
694.4895256813453,21.200000762939453
694.69472062452724,25.133333206176758
694.89990833041793,30.533332824707031
695.10508879643442,22.700000762939453
695.31026201999487,21.299999237060547
695.51542799851745,24.566667556762695
695.72058672942035,25.366666793823242
695.92573821012218,21.433332443237305
696.13088243804225,22.033332824707031
696.33601941060022,30.299999237060547
696.54114912521584,19.833333969116211
696.74627157930922,24.466667175292969
696.95138677030093,29.399999618530273
697.15649469561185,22.799999237060547
697.36159535266336,19.466667175292969
697.56668873887691,24.066667556762695
697.77177485167431,30.166666030883789
697.9768536884784,18.799999237060547
698.1819252467111,22.799999237060547
698.38698952379616,22.733333587646484
698.59204651715618,21.399999618530273
698.79709622421535,30.033332824707031
699.00213864239765,25.266666412353516
699.20717376912751,20.333333969116211
699.41220160182934,26.833333969116211
699.61722213792882,19.600000381469727
699.82223537485106,27.633333206176758
700.027241310022,21.666666030883789
700.23223994086766,21.533332824707031
700.43723126481461,20.966667175292969
700.64221527928987,24.266666412353516
700.84719198172058,24.833333969116211
701.05216136953425,22.5
701.25712344015881,27.133333206176758
701.4620781910229,27.100000381469727
701.66702561955458,21.700000762939453
701.87196572318328,25.533332824707031
702.07689849933831,25.233333587646484
702.28182394544933,31.799999237060547
702.48674205894633,17
702.69165283725954,21.399999618530273
702.89655627782042,31.533332824707031
703.10145237805932,24.733333587646484
703.30634113540827,24.799999237060547
703.51122254729853,29.033332824707031
703.71609661116293,29.366666793823242
703.92096332443384,30
704.12582268454389,18.766666412353516
704.33067468892648,25.133333206176758
704.53551933501547,30.933332443237305
704.74035662024448,24.033332824707031
704.94518654204808,24.5
705.15000909786079,24.299999237060547
705.35482428511773,19.066667556762695
705.55963210125435,29.100000381469727
705.76443254370622,24
705.96922560990981,19.133333206176758
706.17401129730138,27.200000762939453
706.37878960331773,25.799999237060547
706.583560525396,28.333333969116211
706.78832406097388,23.200000762939453
706.99308020748924,27.100000381469727
707.19782896238019,25.866666793823242
707.4025703230858,26.799999237060547
707.60730428704437,23.266666412353516
707.81203085169579,29.466667175292969
708.01675001447961,26.666666030883789
708.22146177283571,27.466667175292969
708.426166124205,20.733333587646484
708.6308630660277,26.899999618530273
708.835552595745,23.200000762939453
709.0402347107987,24.700000762939453
709.24490940863041,30.766666412353516
709.44957668668246,28.899999618530273
709.65423654239748,27.700000762939453
709.85888897321843,27.700000762939453
710.06353397658825,26.899999618530273
710.26817154995092,30.733333587646484
710.47280169075043,27.200000762939453
710.67742439643109,28.966667175292969
710.88203966443757,28.833333969116211
711.08664749221532,29.233333587646484
711.29124787720934,27.133333206176758
711.49584081686578,29.866666793823242
711.70042630863077,27.233333587646484
711.90500434995056,32.866664886474609
712.10957493827266,26.166666030883789
712.31413807104366,30.666666030883789
712.51869374571174,28.233333587646484
712.72324195972442,21.466667175292969
712.92778271053055,32.566665649414063
713.13231599557832,29.566667556762695
713.33684181231729,26.333333969116211
713.54136015819677,27.466667175292969
713.74587103066642,34.866664886474609
713.9503744271766,29.299999237060547
714.15487034517764,27.433332443237305
714.35935878212069,33.966667175292969
714.5638397354569,30.233333587646484
714.768313202638,28.166666030883789
714.97277918111558,26.899999618530273
715.1772376683424,22.466667175292969
715.38168866177114,33.799999237060547
715.58613215885487,31.700000762939453
715.79056815704689,23.466667175292969
715.99499665380119,29.366666793823242
716.1994176465721,29.733333587646484
716.40383113281382,29.466667175292969
716.60823710998113,26.433332443237305
716.81263557553007,27.799999237060547
717.01702652691529,34.733333587646484
717.22140996159374,25.166666030883789
717.4257858770211,35.566665649414063
717.63015427065443,31.166666030883789
717.83451513995089,32.133335113525391
718.03886848236777,31.799999237060547
718.243214295363,36.466667175292969
718.44755257639508,27.533332824707031
718.651883322922,28.466667175292969
718.85620653240278,30.033332824707031
719.06052220229742,34.033332824707031
719.2648303300648,26.600000381469727
719.46913091316537,28.433332443237305
719.67342394905972,25.233333587646484
719.87770943520809,32.566665649414063
720.081987369072,31.5
720.28625774811292,31.600000381469727
720.49052056979258,30.866666793823242
720.69477583157368,34.433334350585938
720.89902353091816,24.066667556762695
721.10326366528966,30.433332443237305
721.30749623215127,28.833333969116211
721.51172122896639,28.266666412353516
721.7159386531996,28.166666030883789
721.92014850231544,33.266666412353516
722.12435077377813,37.833332061767578
722.32854546505359,30.233333587646484
722.532732573607,34.400001525878906
722.73691209690446,30.700000762939453
722.941084032412,36.633335113525391
723.14524837759654,29.700000762939453
723.34940512992534,34.633335113525391
723.55355428686539,23.333333969116211
723.75769584588511,33.066665649414063
723.9618298044519,29.700000762939453
724.16595616003485,29.700000762939453
724.37007491010274,20.266666412353516
724.57418605212456,30.899999618530273
724.77828958357054,33.200000762939453
724.98238550191013,30.733333587646484
725.18647380461414,26.466667175292969
725.39055448915349,37.533332824707031
725.59462755299865,32.266666412353516
725.79869299362167,34.333332061767578
726.00275080849451,31.533332824707031
726.206800995089,27.366666793823242
726.41084355087821,31.366666793823242
726.6148784733349,22.133333206176758
726.81890575993225,24.233333587646484
727.02292540814449,34.033332824707031
727.2269374154456,29.666666030883789
727.43094177930993,32.966667175292969
727.63493849721237,35.233333587646484
727.83892756662806,31.666666030883789
728.04290898503325,31.133333206176758
728.24688274990319,33.266666412353516
728.45084885871461,36.233333587646484
728.65480730894421,26.066667556762695
728.85875809806942,30.633333206176758
729.06270122356682,28
729.26663668291542,32.866664886474609
729.4705644735925,35.799999237060547
729.6744845930773,36.966667175292969
729.87839703884879,33.066665649414063
730.08230180838609,27.966667175292969
730.286198899169,30.866666793823242
730.49008830867774,33.266666412353516
730.69397003439269,32.066665649414063
730.897844073795,28.200000762939453
731.10171042436559,25.600000381469727
731.30556908358608,28.733333587646484
731.50942004893886,35.266666412353516
731.713263317906,28.733333587646484
731.91709888797038,28.066667556762695
732.120926756615,31.233333587646484
732.32474692132348,28.700000762939453
732.52855937957975,33.366664886474609
732.73236412886808,33.933334350585938
732.936161166673,31.399999618530273
733.13995049047981,28.366666793823242
733.34373209777334,41.866664886474609
733.54750598603994,33.866664886474609
733.75127215276564,31.433332443237305
733.95503059543682,30.799999237060547
734.15878131154045,29.799999237060547
734.36252429856393,32.333332061767578
734.56625955399488,25.466667175292969
734.7699870753213,31.100000381469727
734.97370686003171,34.633335113525391
735.17741890561467,34.833332061767578
735.38112320955975,34.366664886474609
735.58481976935639,32.599998474121094
735.7885085824945,30.566667556762695
735.99218964646423,27.233333587646484
736.19586295875661,34.166667938232422
736.39952851686269,30.633333206176758
736.60318631827374,32.733333587646484
736.8068363604815,35.299999237060547
737.01047864097893,41.333332061767578
737.21411315725754,32.799999237060547
737.41773990681122,33.566665649414063
737.62135888713317,29.933332443237305
737.824970095717,31.266666412353516
738.02857353005663,29.233333587646484
